page_path,topic,tag,tag_known,page_default_tag,uses_tagForSlug,link_type,asin,search_term,anchor_text,position_index,words_before,pct_through,in_first_600_words,component
"/blog/advion-cockroach-gel-bait","roach","buzzskito-roach-20","true","buzzskito-roach-20","true","search","","combat roach killing bait stations","Combat roach killing bait stations (12-pack)","1","90","4","sticky","StickyBuyBar"
"/blog/advion-cockroach-gel-bait","roach","buzzskito-roach-20","true","buzzskito-roach-20","true","search","","combat roach killing bait stations","Check price on Amazon.ca →","2","1334","61","false","BuyLink"
"/blog/advion-cockroach-gel-bait","roach","buzzskito-roach-20","true","buzzskito-roach-20","true","search","","raid max roach bait stations","Check price on Amazon.ca →","3","1361","63","false","BuyLink"
"/blog/advion-cockroach-gel-bait","roach","buzzskito-roach-20","true","buzzskito-roach-20","true","search","","boric acid roach powder","Check price on Amazon.ca →","4","1390","64","false","BuyLink"
"/blog/advion-cockroach-gel-bait","roach","buzzskito-roach-20","true","buzzskito-roach-20","true","search","","diatomaceous earth crawling insect killer","Check price on Amazon.ca →","5","1411","65","false","BuyLink"
"/blog/advion-cockroach-gel-bait","roach","buzzskito-roach-20","true","buzzskito-roach-20","true","search","","cockroach glue traps monitor","Check price on Amazon.ca →","6","1434","66","false","BuyLink"
"/blog/american-dog-tick-canada","tick","buzzskito-tick-20","true","buzzskito-tick-20","true","search","","tick removal tool tweezers","Fine-Tipped Tick-Removal Tweezers / Tick Twister Tool","1","714","64","false","TopPick"
"/blog/american-dog-tick-canada","tick","buzzskito-tick-20","true","buzzskito-tick-20","true","search","","tick removal tool tweezers","Check tick-removal tools on Amazon.ca &rarr;","2","750","67","false","BuyLink"
"/blog/american-dog-tick-canada","tick","buzzskito-tick-20","true","buzzskito-tick-20","true","search","","tick removal tool tweezers","Fine-tipped tick-removal tool","3","1119","100","sticky","StickyBuyBar"
"/blog/are-there-ticks-in-canada","tick","buzzskito-tick-20","true","buzzskito-tick-20","false","search","","tick removal tool tweezers","Fine-Tip Tick Removal Tool","1","540","26","true","TopPick"
"/blog/are-there-ticks-in-canada","tick","buzzskito-tick-20","true","buzzskito-tick-20","false","search","","icaridin insect repellent","Check price on Amazon.ca &rarr;","2","1947","94","false","BuyLink"
"/blog/are-there-ticks-in-canada","tick","buzzskito-tick-20","true","buzzskito-tick-20","false","search","","insect shield permethrin treated clothing","Check price on Amazon.ca &rarr;","3","2036","98","false","BuyLink"
"/blog/are-there-ticks-in-canada","tick","buzzskito-tick-20","true","buzzskito-tick-20","false","search","","tick repellent","See tick repellents on Amazon.ca &rarr;","4","2040","98","false","BuyLink"
"/blog/are-there-ticks-in-canada","tick","buzzskito-tick-20","true","buzzskito-tick-20","false","search","","tick removal tool tweezers","Fine-tip tick removal tool","5","2081","100","sticky","StickyBuyBar"
"/blog/are-ticks-arachnids-or-insects","tick","buzzskito-tick-20","true","buzzskito-tick-20","true","search","","pocket magnifier 10x loupe","Check price on Amazon.ca &rarr;","1","451","38","true","BuyLink"
"/blog/are-ticks-arachnids-or-insects","tick","buzzskito-tick-20","true","buzzskito-tick-20","true","search","","icaridin tick repellent","See tick repellents on Amazon.ca &rarr;","2","1006","85","false","BuyLink"
"/blog/are-ticks-arachnids-or-insects","tick","buzzskito-tick-20","true","buzzskito-tick-20","true","search","","tick removal tool tweezers","Check tick-removal tools on Amazon →","3","1069","90","false","BuyLink"
"/blog/are-ticks-arachnids-or-insects","tick","buzzskito-tick-20","true","buzzskito-tick-20","true","search","","tick removal tool tweezers","Fine-Tip Tick Removal Tool","4","1074","91","false","TopPick"
"/blog/are-ticks-arachnids-or-insects","tick","buzzskito-tick-20","true","buzzskito-tick-20","true","search","","tick removal tool tweezers","Fine-tip tick removal tool","5","1183","100","sticky","StickyBuyBar"
"/blog/are-ticks-dangerous-ontario","tick","buzzskito-tick-20","true","buzzskito-tick-20","true","search","","tick removal tool tweezers","Check price on Amazon.ca &rarr;","1","391","14","true","BuyLink"
"/blog/are-ticks-dangerous-ontario","tick","buzzskito-tick-20","true","buzzskito-tick-20","true","search","","small screw top specimen vials","Check price on Amazon.ca &rarr;","2","459","16","true","BuyLink"
"/blog/are-ticks-dangerous-ontario","tick","buzzskito-tick-20","true","buzzskito-tick-20","true","search","","landscape edging lawn border","check landscape edging on Amazon.ca &rarr;","3","2030","72","false","BuyLink"
"/blog/are-ticks-dangerous-ontario","tick","buzzskito-tick-20","true","buzzskito-tick-20","true","search","","icaridin insect repellent","compare icaridin and DEET repellents on Amazon.ca &rarr;","4","2157","76","false","BuyLink"
"/blog/are-ticks-dangerous-ontario","tick","buzzskito-tick-20","true","buzzskito-tick-20","true","search","","insect shield permethrin treated clothing","Check price on Amazon.ca &rarr;","5","2260","80","false","BuyLink"
"/blog/are-ticks-dangerous-ontario","tick","buzzskito-tick-20","true","buzzskito-tick-20","true","search","","tick removal tool tweezers","check tick-removal tools on Amazon.ca →","6","2485","88","false","BuyLink"
"/blog/are-ticks-dangerous-ontario","tick","buzzskito-tick-20","true","buzzskito-tick-20","true","search","","tick removal tool tweezers","Tick-Removal Tool Kit (fine-tip tweezers + tick key)","7","2490","88","false","TopPick"
"/blog/are-ticks-dangerous-ontario","tick","buzzskito-tick-20","true","buzzskito-tick-20","true","search","","flea and tick comb for dogs","check flea and tick combs on Amazon.ca &rarr;","8","2653","93","false","BuyLink"
"/blog/are-ticks-dangerous-ontario","tick","buzzskito-tick-20","true","buzzskito-tick-20","true","search","","tick removal tool tweezers","Tick-removal tool kit","9","2838","100","sticky","StickyBuyBar"
"/blog/baby-bed-bugs-nymphs","bedbug","buzzskito-bedbug-20","true","buzzskito-bedbug-20","false","search","","bed bug interceptor traps","Bed bug interceptor cups (under each bed leg)","1","162","5","sticky","StickyBuyBar"
"/blog/baby-bed-bugs-nymphs","bedbug","buzzskito-bedbug-20","true","buzzskito-bedbug-20","false","search","","bed bug interceptor traps","Interceptor cups &rarr;","2","1299","39","false","BuyLink"
"/blog/baby-bed-bugs-nymphs","bedbug","buzzskito-bedbug-20","true","buzzskito-bedbug-20","false","search","","saferest mattress encasement","Mattress encasement &rarr;","3","1301","39","false","BuyLink"
"/blog/baby-bed-bugs-nymphs","bedbug","buzzskito-bedbug-20","true","buzzskito-bedbug-20","false","search","","bed bug inspection flashlight magnifier kit","Inspection light &rarr;","4","1303","39","false","BuyLink"
"/blog/baby-bed-bugs-nymphs","bedbug","buzzskito-bedbug-20","true","buzzskito-bedbug-20","false","search","","bed bug interceptor traps","Check interceptor cup sets on Amazon.ca &rarr;","5","2212","66","false","BuyLink"
"/blog/baby-bed-bugs-nymphs","bedbug","buzzskito-bedbug-20","true","buzzskito-bedbug-20","false","search","","saferest mattress encasement","Check bed-bug-rated encasements on Amazon.ca &rarr;","6","2817","84","false","BuyLink"
"/blog/baby-ticks-nymphs-seed-ticks-ontario","tick","buzzskito-tick-20","true","buzzskito-tick-20","true","search","","tick removal tool tweezers","Check price on Amazon.ca →","1","472","29","true","BuyLink"
"/blog/baby-ticks-nymphs-seed-ticks-ontario","tick","buzzskito-tick-20","true","buzzskito-tick-20","true","search","","10x magnifying glass hand lens","Check price on Amazon.ca →","2","1114","68","false","BuyLink"
"/blog/baby-ticks-nymphs-seed-ticks-ontario","tick","buzzskito-tick-20","true","buzzskito-tick-20","true","search","","tick removal tool tweezers","Check tick-removal tools on Amazon.ca →","3","1303","80","false","BuyLink"
"/blog/baby-ticks-nymphs-seed-ticks-ontario","tick","buzzskito-tick-20","true","buzzskito-tick-20","true","search","","tick removal tool tweezers","Fine-Tipped Tick Removal Tool","4","1321","81","false","TopPick"
"/blog/baby-ticks-nymphs-seed-ticks-ontario","tick","buzzskito-tick-20","true","buzzskito-tick-20","true","search","","insect shield permethrin treated socks","Check price on Amazon.ca →","5","1593","98","false","BuyLink"
"/blog/baby-ticks-nymphs-seed-ticks-ontario","tick","buzzskito-tick-20","true","buzzskito-tick-20","true","search","","tick removal tool tweezers","Fine-tipped tick removal tool","6","1632","100","sticky","StickyBuyBar"
"/blog/backpack-sprayer-canada","sprayer","buzzskito-sprayer-20","true","buzzskito-sprayer-20","true","search","","petratools hd4000 battery backpack sprayer","PetraTools HD4000 ProSeries battery backpack sprayer","1","90","4","sticky","StickyBuyBar"
"/blog/backpack-sprayer-canada","sprayer","buzzskito-sprayer-20","true","buzzskito-sprayer-20","true","search","","search","Check price on Amazon.ca →","2","319","15","true","BuyLink"
"/blog/backpack-sprayer-canada","sprayer","buzzskito-sprayer-20","true","buzzskito-sprayer-20","true","search","","petratools hd4000 battery backpack sprayer","PetraTools HD4000 on Amazon.ca →","3","364","17","true","BuyLink"
"/blog/backpack-sprayer-canada","sprayer","buzzskito-sprayer-20","true","buzzskito-sprayer-20","true","search","","vevor battery backpack sprayer 4 gallon","VEVOR 4-gal (budget) →","4","368","17","true","BuyLink"
"/blog/backpack-sprayer-canada","sprayer","buzzskito-sprayer-20","true","buzzskito-sprayer-20","true","search","","petratools hd4000 battery backpack sprayer","Check price on Amazon.ca →","5","737","34","false","BuyLink"
"/blog/backpack-sprayer-canada","sprayer","buzzskito-sprayer-20","true","buzzskito-sprayer-20","true","search","","petratools hd4100 backpack sprayer","Check price on Amazon.ca →","6","851","40","false","BuyLink"
"/blog/backpack-sprayer-canada","sprayer","buzzskito-sprayer-20","true","buzzskito-sprayer-20","true","search","","vevor battery backpack sprayer 4 gallon","Check price on Amazon.ca →","7","967","45","false","BuyLink"
"/blog/backpack-sprayer-canada","sprayer","buzzskito-sprayer-20","true","buzzskito-sprayer-20","true","search","","my4sons m4 backpack sprayer","Check price on Amazon.ca →","8","1081","50","false","BuyLink"
"/blog/battery-backup-sump-pump-canada","general","buzzskito-general-20","true","buzzskito-general-20","false","search","","battery backup sump pump system","Battery Backup Sump Pump System","1","75","3","sticky","StickyBuyBar"
"/blog/battery-backup-sump-pump-canada","general","buzzskito-general-20","true","buzzskito-general-20","false","search","","search","Check price on Amazon.ca &rarr;","2","425","19","true","BuyLink"
"/blog/battery-backup-sump-pump-canada","general","buzzskito-general-20","true","buzzskito-general-20","false","search","","battery backup sump pump system","Check backup systems on Amazon.ca &rarr;","3","473","21","true","BuyLink"
"/blog/battery-backup-sump-pump-canada","general","buzzskito-general-20","true","buzzskito-general-20","false","search","","deep cycle agm battery group 27 sump pump","Check deep-cycle AGM batteries &rarr;","4","478","21","true","BuyLink"
"/blog/battery-backup-sump-pump-canada","general","buzzskito-general-20","true","buzzskito-general-20","false","search","","sump pump check valve 1 1/2 inch","Check sump check valves &rarr;","5","1190","53","false","BuyLink"
"/blog/battery-backup-sump-pump-canada","general","buzzskito-general-20","true","buzzskito-general-20","false","search","","marine battery box group 27 vented","Check vented battery boxes &rarr;","6","1194","53","false","BuyLink"
"/blog/battery-backup-sump-pump-canada","general","buzzskito-general-20","true","buzzskito-general-20","false","search","","wifi sump pump monitor alarm","Check Wi-Fi sump monitors &rarr;","7","1982","88","false","BuyLink"
"/blog/battery-backup-sump-pump-canada","general","buzzskito-general-20","true","buzzskito-general-20","false","search","","water leak alarm basement flood sensor","Check basement water alarms &rarr;","8","1986","88","false","BuyLink"
"/blog/battery-backup-sump-pump-canada","general","buzzskito-general-20","true","buzzskito-general-20","false","search","","sump pit lid airtight sealed cover","Check sealed sump pit lids &rarr;","9","1990","88","false","BuyLink"
"/blog/battery-backup-sump-pump-canada","general","buzzskito-general-20","true","buzzskito-general-20","false","search","","sump pump discharge freeze relief tee","Check freeze-relief discharge tees &rarr;","10","2117","94","false","BuyLink"
"/blog/battery-backup-sump-pump-canada","general","buzzskito-general-20","true","buzzskito-general-20","false","search","","battery distilled water refill deep cycle","Check battery fluid &amp; maintenance &rarr;","11","2121","94","false","BuyLink"
"/blog/bed-bug-bites","bedbug","buzzskito-bedbug-20","true","buzzskito-bedbug-20","true","search","","bed bug interceptor traps","Check price on Amazon.ca →","1","522","96","true","BuyLink"
"/blog/bed-bug-bites","bedbug","buzzskito-bedbug-20","true","buzzskito-bedbug-20","true","search","","hydrocortisone anti itch cream","1% Hydrocortisone Anti-Itch Cream","2","1581","291","false","TopPick"
"/blog/bed-bug-bites","bedbug","buzzskito-bedbug-20","true","buzzskito-bedbug-20","true","search","","hydrocortisone anti itch cream","Anti-itch cream options &rarr;","3","1581","291","false","BuyLink"
"/blog/bed-bug-bites","bedbug","buzzskito-bedbug-20","true","buzzskito-bedbug-20","true","search","","bed bug interceptor traps","Interceptor trap sets &rarr;","4","2011","370","false","BuyLink"
"/blog/bed-bug-bites","bedbug","buzzskito-bedbug-20","true","buzzskito-bedbug-20","true","search","","bed bug proof mattress encasement zippered","Check price on Amazon.ca →","5","362","67","true","BuyLink"
"/blog/bed-bug-bites","bedbug","buzzskito-bedbug-20","true","buzzskito-bedbug-20","true","search","","bed bug interceptor traps","Bed Bug Interceptor Trap Set","6","543","100","sticky","StickyBuyBar"
"/blog/bed-bug-bites-vs-mosquito-bites","bedbug","buzzskito-bedbug-20","true","buzzskito-bedbug-20","false","search","","bed bug interceptor traps","Bed bug interceptor cups — settles it overnight","1","191","5","sticky","StickyBuyBar"
"/blog/bed-bug-bites-vs-mosquito-bites","bedbug","buzzskito-bedbug-20","true","buzzskito-bedbug-20","false","search","","bed bug interceptor traps","Check price on Amazon.ca →","2","414","12","true","BuyLink"
"/blog/bed-bug-bites-vs-mosquito-bites","bedbug","buzzskito-bedbug-20","true","buzzskito-bedbug-20","false","search","","bed bug interceptor traps","Interceptors &rarr;","3","929","27","false","BuyLink"
"/blog/bed-bug-bites-vs-mosquito-bites","bedbug","buzzskito-bedbug-20","true","buzzskito-bedbug-20","false","search","","bed bug interceptor traps","Interceptors &rarr;","4","972","28","false","BuyLink"
"/blog/bed-bug-bites-vs-mosquito-bites","bedbug","buzzskito-bedbug-20","true","buzzskito-bedbug-20","false","search","","summit mosquito dunks bti","Bti dunks &rarr;","5","993","29","false","BuyLink"
"/blog/bed-bug-bites-vs-mosquito-bites","bedbug","buzzskito-bedbug-20","true","buzzskito-bedbug-20","false","search","","magnetic screen door","Screen door &rarr;","6","1021","29","false","BuyLink"
"/blog/bed-bug-bites-vs-mosquito-bites","bedbug","buzzskito-bedbug-20","true","buzzskito-bedbug-20","false","search","","bed bug inspection flashlight magnifier kit","Inspection light &rarr;","7","1044","30","false","BuyLink"
"/blog/bed-bug-bites-vs-mosquito-bites","bedbug","buzzskito-bedbug-20","true","buzzskito-bedbug-20","false","search","","bed bug interceptor traps","Interceptor cups &rarr;","8","1282","37","false","BuyLink"
"/blog/bed-bug-bites-vs-mosquito-bites","bedbug","buzzskito-bedbug-20","true","buzzskito-bedbug-20","false","search","","summit mosquito dunks bti","Bti dunks &rarr;","9","1284","37","false","BuyLink"
"/blog/bed-bug-bites-vs-mosquito-bites","bedbug","buzzskito-bedbug-20","true","buzzskito-bedbug-20","false","search","","bed bug interceptor traps","Check interceptor cup sets on Amazon.ca &rarr;","10","2495","72","false","BuyLink"
"/blog/bed-bug-control-canada-hub","bedbug","buzzskito-bedbug-20","true","buzzskito-bedbug-20","true","search","","bed bug treatment kit interceptors encasement","Bed-bug treatment kit (heat, encasements, desiccant, interceptors)","1","82","4","sticky","StickyBuyBar"
"/blog/bed-bug-control-canada-hub","bedbug","buzzskito-bedbug-20","true","buzzskito-bedbug-20","true","search","","whole room bed bug heater","Check price on Amazon.ca →","2","378","18","true","BuyLink"
"/blog/bed-bug-control-canada-hub","bedbug","buzzskito-bedbug-20","true","buzzskito-bedbug-20","true","search","","packtite bed bug heat chamber","Check price on Amazon.ca →","3","395","18","true","BuyLink"
"/blog/bed-bug-control-canada-hub","bedbug","buzzskito-bedbug-20","true","buzzskito-bedbug-20","true","search","","cimexa insecticide dust bed bugs","Check price on Amazon.ca →","4","415","19","true","BuyLink"
"/blog/bed-bug-control-canada-hub","bedbug","buzzskito-bedbug-20","true","buzzskito-bedbug-20","true","search","","bed bug steamer dry vapour","Check price on Amazon.ca →","5","432","20","true","BuyLink"
"/blog/bed-bug-control-canada-hub","bedbug","buzzskito-bedbug-20","true","buzzskito-bedbug-20","true","search","","bed bug mattress encasement","Check price on Amazon.ca →","6","449","21","true","BuyLink"
"/blog/bed-bug-control-canada-hub","bedbug","buzzskito-bedbug-20","true","buzzskito-bedbug-20","true","search","","bed bug interceptor traps","Check price on Amazon.ca →","7","467","22","true","BuyLink"
"/blog/bed-bug-control-canada-hub","bedbug","buzzskito-bedbug-20","true","buzzskito-bedbug-20","true","search","","sealed hepa bagged canister vacuum","Check price on Amazon.ca →","8","487","23","true","BuyLink"
"/blog/bed-bug-control-canada-hub","bedbug","buzzskito-bedbug-20","true","buzzskito-bedbug-20","true","search","","bed bug spray canada","Check price on Amazon.ca →","9","507","24","true","BuyLink"
"/blog/bed-bug-control-canada-hub","bedbug","buzzskito-bedbug-20","true","buzzskito-bedbug-20","true","search","","whole room bed bug heater","Whole-room heater →","10","823","38","false","BuyLink"
"/blog/bed-bug-control-canada-hub","bedbug","buzzskito-bedbug-20","true","buzzskito-bedbug-20","true","search","","cimexa insecticide dust bed bugs","Desiccant dust →","11","825","38","false","BuyLink"
"/blog/bed-bug-control-canada-hub","bedbug","buzzskito-bedbug-20","true","buzzskito-bedbug-20","true","search","","bed bug interceptor traps","Interceptor traps →","12","827","38","false","BuyLink"
"/blog/bed-bug-control-canada-hub","bedbug","buzzskito-bedbug-20","true","buzzskito-bedbug-20","true","search","","bed bug mattress encasement","Encasements →","13","829","38","false","BuyLink"
"/blog/bed-bug-equipment-kit-for-landlords-canada","bedbug","buzzskito-bedbug-20","true","buzzskito-bedbug-20","false","search","","bed bug mattress encasement multi pack","Bed bug encasements and interceptors (multi-pack)","1","97","5","sticky","StickyBuyBar"
"/blog/bed-bug-equipment-kit-for-landlords-canada","bedbug","buzzskito-bedbug-20","true","buzzskito-bedbug-20","false","search","","bed bug mattress encasement multi pack","Encasements (multi-pack) &rarr;","2","513","24","true","BuyLink"
"/blog/bed-bug-equipment-kit-for-landlords-canada","bedbug","buzzskito-bedbug-20","true","buzzskito-bedbug-20","false","search","","climbup insect interceptor multi pack","Interceptors (bulk) &rarr;","3","515","24","true","BuyLink"
"/blog/bed-bug-equipment-kit-for-landlords-canada","bedbug","buzzskito-bedbug-20","true","buzzskito-bedbug-20","false","search","","sealed hepa canister vacuum bagged","Sealed-HEPA vacuum &rarr;","4","517","24","true","BuyLink"
"/blog/bed-bug-equipment-kit-for-landlords-canada","bedbug","buzzskito-bedbug-20","true","buzzskito-bedbug-20","false","search","","dupray neat steam cleaner","Boiler steamer &rarr;","5","519","25","true","BuyLink"
"/blog/bed-bug-equipment-kit-for-landlords-canada","bedbug","buzzskito-bedbug-20","true","buzzskito-bedbug-20","false","search","","bed bug box spring encasement","Box-spring encasements &rarr;","6","1238","58","false","BuyLink"
"/blog/bed-bug-equipment-kit-for-landlords-canada","bedbug","buzzskito-bedbug-20","true","buzzskito-bedbug-20","false","search","","infrared thermometer","Infrared thermometer &rarr;","7","1240","59","false","BuyLink"
"/blog/bed-bug-equipment-kit-for-landlords-canada","bedbug","buzzskito-bedbug-20","true","buzzskito-bedbug-20","false","search","","heavy duty mattress disposal bag","Mattress disposal bags &rarr;","8","1242","59","false","BuyLink"
"/blog/bed-bug-heat-treatment-diy-canada","bedbug","buzzskito-bedbug-20","true","buzzskito-bedbug-20","true","search","","zappbug room bed bug heater","Portable bed bug heat chamber (ZappBug Room)","1","103","4","sticky","StickyBuyBar"
"/blog/bed-bug-heat-treatment-diy-canada","bedbug","buzzskito-bedbug-20","true","buzzskito-bedbug-20","true","search","","zappbug room bed bug heater","Check price on Amazon.ca →","2","440","17","true","BuyLink"
"/blog/bed-bug-heat-treatment-diy-canada","bedbug","buzzskito-bedbug-20","true","buzzskito-bedbug-20","true","search","","high temperature probe thermometer","Thermometer →","3","463","18","true","BuyLink"
"/blog/bed-bug-heat-treatment-diy-canada","bedbug","buzzskito-bedbug-20","true","buzzskito-bedbug-20","true","search","","bed bug steamer dry vapor","Check price on Amazon.ca →","4","485","19","true","BuyLink"
"/blog/bed-bug-heat-treatment-diy-canada","bedbug","buzzskito-bedbug-20","true","buzzskito-bedbug-20","true","search","","chest freezer thermometer","Thermometer →","5","509","20","true","BuyLink"
"/blog/bed-bug-heat-treatment-diy-canada","bedbug","buzzskito-bedbug-20","true","buzzskito-bedbug-20","true","search","","zappbug room bed bug heater","ZappBug Room →","6","822","32","false","BuyLink"
"/blog/bed-bug-heat-treatment-diy-canada","bedbug","buzzskito-bedbug-20","true","buzzskito-bedbug-20","true","search","","packtite bed bug heater","PackTite chamber →","7","824","32","false","BuyLink"
"/blog/bed-bug-heat-treatment-diy-canada","bedbug","buzzskito-bedbug-20","true","buzzskito-bedbug-20","true","search","","remote probe thermometer high temperature","Probe thermometer →","8","826","32","false","BuyLink"
"/blog/bed-bug-heater-canada","bedbug","buzzskito-bedbug-20","true","buzzskito-bedbug-20","true","dp_asin","B00JU5G1PY","zappbug oven 2 bed bug heater","ZappBug Oven 2 heat chamber","1","93","3","sticky","StickyBuyBar"
"/blog/bed-bug-heater-canada","bedbug","buzzskito-bedbug-20","true","buzzskito-bedbug-20","true","search","","zappbug oven 2 bed bug heater","Check price on Amazon.ca →","2","495","17","true","BuyLink"
"/blog/bed-bug-heater-canada","bedbug","buzzskito-bedbug-20","true","buzzskito-bedbug-20","true","search","","thermalstrike bed bug heater luggage","Check price on Amazon.ca →","3","524","18","true","BuyLink"
"/blog/bed-bug-heater-canada","bedbug","buzzskito-bedbug-20","true","buzzskito-bedbug-20","true","search","","wireless probe thermometer remote monitor","Check price on Amazon.ca →","4","565","19","true","BuyLink"
"/blog/bed-bug-heater-canada","bedbug","buzzskito-bedbug-20","true","buzzskito-bedbug-20","true","search","","bed bug steamer","Check price on Amazon.ca →","5","596","20","true","BuyLink"
"/blog/bed-bug-heater-canada","bedbug","buzzskito-bedbug-20","true","buzzskito-bedbug-20","true","search","","zappbug oven 2 bed bug heater","ZappBug Oven 2 →","6","1506","51","false","BuyLink"
"/blog/bed-bug-heater-canada","bedbug","buzzskito-bedbug-20","true","buzzskito-bedbug-20","true","search","","thermalstrike bed bug heater luggage","ThermalStrike luggage unit →","7","1508","51","false","BuyLink"
"/blog/bed-bug-heater-canada","bedbug","buzzskito-bedbug-20","true","buzzskito-bedbug-20","true","search","","wireless probe thermometer remote monitor","Probe thermometer →","8","1511","51","false","BuyLink"
"/blog/bed-bug-heater-canada","bedbug","buzzskito-bedbug-20","true","buzzskito-bedbug-20","true","search","","zappbug oven 2 bed bug heater","Check ZappBug Oven 2 on Amazon.ca →","9","1861","63","false","BuyLink"
"/blog/bed-bug-heater-canada","bedbug","buzzskito-bedbug-20","true","buzzskito-bedbug-20","true","search","","thermalstrike bed bug heater luggage","Check ThermalStrike on Amazon.ca →","10","2032","69","false","BuyLink"
"/blog/bed-bug-heater-canada","bedbug","buzzskito-bedbug-20","true","buzzskito-bedbug-20","true","search","","wireless probe thermometer remote monitor","Check probe thermometers on Amazon.ca →","11","2240","76","false","BuyLink"
"/blog/bed-bug-heater-rental-vs-buying-canada","bedbug","buzzskito-bedbug-20","true","buzzskito-bedbug-20","false","search","","high temperature probe thermometer","High-temp probe thermometer — the cheapest item that decides everything","1","143","6","sticky","StickyBuyBar"
"/blog/bed-bug-heater-rental-vs-buying-canada","bedbug","buzzskito-bedbug-20","true","buzzskito-bedbug-20","false","search","","high temperature probe thermometer","Probe thermometer &rarr;","2","722","30","false","BuyLink"
"/blog/bed-bug-heater-rental-vs-buying-canada","bedbug","buzzskito-bedbug-20","true","buzzskito-bedbug-20","false","search","","packtite portable bed bug heater","Luggage-class chamber &rarr;","3","724","30","false","BuyLink"
"/blog/bed-bug-heater-rental-vs-buying-canada","bedbug","buzzskito-bedbug-20","true","buzzskito-bedbug-20","false","search","","zappbug bed bug heat chamber","Full-size chamber &rarr;","4","726","30","false","BuyLink"
"/blog/bed-bug-heater-rental-vs-buying-canada","bedbug","buzzskito-bedbug-20","true","buzzskito-bedbug-20","false","search","","canister steam cleaner bed bugs","Steamer &rarr;","5","728","30","false","BuyLink"
"/blog/bed-bug-heater-rental-vs-buying-canada","bedbug","buzzskito-bedbug-20","true","buzzskito-bedbug-20","false","search","","high temperature probe thermometer","Check probe thermometer availability on Amazon.ca &rarr;","6","2134","89","false","BuyLink"
"/blog/bed-bug-heater-rental-vs-buying-canada","bedbug","buzzskito-bedbug-20","true","buzzskito-bedbug-20","false","search","","packtite portable bed bug heater","Luggage-class &rarr;","7","2185","91","false","BuyLink"
"/blog/bed-bug-heater-rental-vs-buying-canada","bedbug","buzzskito-bedbug-20","true","buzzskito-bedbug-20","false","search","","zappbug bed bug heat chamber","Full-size &rarr;","8","2186","91","false","BuyLink"
"/blog/bed-bug-heater-rental-vs-buying-canada","bedbug","buzzskito-bedbug-20","true","buzzskito-bedbug-20","false","search","","canister steam cleaner bed bugs","Check steamer availability &rarr;","9","2209","92","false","BuyLink"
"/blog/bed-bug-interceptor-traps-canada","bedbug","buzzskito-bedbug-20","true","buzzskito-bedbug-20","true","search","","climbup bed bug interceptor","ClimbUp Insect Interceptor","1","344","14","true","TopPick"
"/blog/bed-bug-interceptor-traps-canada","bedbug","buzzskito-bedbug-20","true","buzzskito-bedbug-20","true","search","","climbup bed bug interceptor","ClimbUp interceptors on Amazon.ca →","2","355","15","true","BuyLink"
"/blog/bed-bug-interceptor-traps-canada","bedbug","buzzskito-bedbug-20","true","buzzskito-bedbug-20","true","search","","bed bug interceptor traps","Interceptor multi-packs →","3","359","15","true","BuyLink"
"/blog/bed-bug-interceptor-traps-canada","bedbug","buzzskito-bedbug-20","true","buzzskito-bedbug-20","true","search","","climbup bed bug interceptor","Check ClimbUp availability →","4","1011","42","false","BuyLink"
"/blog/bed-bug-interceptor-traps-canada","bedbug","buzzskito-bedbug-20","true","buzzskito-bedbug-20","true","search","","bed bug interceptor traps","Budget multi-packs for whole-home setups →","5","1014","42","false","BuyLink"
"/blog/bed-bug-interceptor-traps-canada","bedbug","buzzskito-bedbug-20","true","buzzskito-bedbug-20","true","search","","climbup bed bug interceptor","ClimbUp Insect Interceptor","6","2412","100","sticky","StickyBuyBar"
"/blog/bed-bug-mattress-encasement-canada","bedbug","buzzskito-bedbug-20","true","buzzskito-bedbug-20","true","dp_asin","B004BAEF7E","saferest mattress encasement","SafeRest Premium bed bug mattress encasement","1","72","3","sticky","StickyBuyBar"
"/blog/bed-bug-mattress-encasement-canada","bedbug","buzzskito-bedbug-20","true","buzzskito-bedbug-20","true","search","","saferest mattress encasement","SafeRest encasement on Amazon.ca →","2","326","13","true","BuyLink"
"/blog/bed-bug-mattress-encasement-canada","bedbug","buzzskito-bedbug-20","true","buzzskito-bedbug-20","true","search","","utopia bedding zippered mattress encasement","Utopia zippered encasement →","3","330","13","true","BuyLink"
"/blog/bed-bug-mattress-encasement-canada","bedbug","buzzskito-bedbug-20","true","buzzskito-bedbug-20","true","search","","bed bug pillow protector","Bed bug pillow protectors →","4","333","14","true","BuyLink"
"/blog/bed-bug-mattress-encasement-canada","bedbug","buzzskito-bedbug-20","true","buzzskito-bedbug-20","true","search","","saferest mattress encasement","Check SafeRest encasement on Amazon.ca →","5","1229","50","false","BuyLink"
"/blog/bed-bug-mattress-encasement-canada","bedbug","buzzskito-bedbug-20","true","buzzskito-bedbug-20","true","search","","utopia bedding zippered mattress encasement","Check Utopia encasement on Amazon.ca →","6","1383","56","false","BuyLink"
"/blog/bed-bug-mattress-encasement-canada","bedbug","buzzskito-bedbug-20","true","buzzskito-bedbug-20","true","search","","bed bug pillow protector","Check bed bug pillow protectors on Amazon.ca →","7","1482","60","false","BuyLink"
"/blog/bed-bug-shells-casings-shed-skins-canada","bedbug","buzzskito-bedbug-20","true","buzzskito-bedbug-20","false","search","","climbup bed bug interceptor","ClimbUp Insect Interceptors — turn husks into a yes or no","1","159","5","sticky","StickyBuyBar"
"/blog/bed-bug-shells-casings-shed-skins-canada","bedbug","buzzskito-bedbug-20","true","buzzskito-bedbug-20","false","search","","climbup bed bug interceptor","Interceptors &rarr;","2","541","17","true","BuyLink"
"/blog/bed-bug-shells-casings-shed-skins-canada","bedbug","buzzskito-bedbug-20","true","buzzskito-bedbug-20","false","search","","saferest mattress encasement","Encasements &rarr;","3","575","18","true","BuyLink"
"/blog/bed-bug-shells-casings-shed-skins-canada","bedbug","buzzskito-bedbug-20","true","buzzskito-bedbug-20","false","search","","vapamore mr-100 steamer","Dry-vapour steamer &rarr;","4","608","19","false","BuyLink"
"/blog/bed-bug-shells-casings-shed-skins-canada","bedbug","buzzskito-bedbug-20","true","buzzskito-bedbug-20","false","search","","bed bug inspection flashlight magnifier kit","Flashlight and magnifier &rarr;","5","671","22","false","BuyLink"
"/blog/bed-bug-shells-casings-shed-skins-canada","bedbug","buzzskito-bedbug-20","true","buzzskito-bedbug-20","false","search","","climbup bed bug interceptor","Interceptor traps &rarr;","6","1324","42","false","BuyLink"
"/blog/bed-bug-shells-casings-shed-skins-canada","bedbug","buzzskito-bedbug-20","true","buzzskito-bedbug-20","false","search","","saferest mattress encasement","Zippered encasements &rarr;","7","1326","43","false","BuyLink"
"/blog/bed-bug-shells-casings-shed-skins-canada","bedbug","buzzskito-bedbug-20","true","buzzskito-bedbug-20","false","search","","bed bug inspection flashlight magnifier kit","Inspection kit &rarr;","8","1328","43","false","BuyLink"
"/blog/bed-bug-shells-casings-shed-skins-canada","bedbug","buzzskito-bedbug-20","true","buzzskito-bedbug-20","false","search","","climbup bed bug interceptor","Check interceptor traps on Amazon.ca &rarr;","9","1812","58","false","BuyLink"
"/blog/bed-bug-shells-casings-shed-skins-canada","bedbug","buzzskito-bedbug-20","true","buzzskito-bedbug-20","false","search","","saferest mattress encasement","Check zippered encasements on Amazon.ca &rarr;","10","2607","84","false","BuyLink"
"/blog/bed-bug-spray-canada","bedbug","buzzskito-bedbug-20","true","buzzskito-bedbug-20","true","dp_asin","B0D2PFS1WZ","doktor doom sleep tight bed bug spray","Doktor Doom Sleep Tight bed bug spray","1","78","3","sticky","StickyBuyBar"
"/blog/bed-bug-spray-canada","bedbug","buzzskito-bedbug-20","true","buzzskito-bedbug-20","true","search","","doktor doom sleep tight bed bug spray","Doktor Doom Sleep Tight","2","90","3","true","AmazonLink"
"/blog/bed-bug-spray-canada","bedbug","buzzskito-bedbug-20","true","buzzskito-bedbug-20","true","search","","doktor doom sleep tight bed bug spray","Check price on Amazon.ca →","3","300","10","true","BuyLink"
"/blog/bed-bug-spray-canada","bedbug","buzzskito-bedbug-20","true","buzzskito-bedbug-20","true","search","","doktor doom sleep tight bed bug spray","Doktor Doom Sleep Tight &rarr;","4","438","15","true","BuyLink"
"/blog/bed-bug-spray-canada","bedbug","buzzskito-bedbug-20","true","buzzskito-bedbug-20","true","search","","doktor doom pro max","Doktor Doom Pro Max &rarr;","5","442","15","true","BuyLink"
"/blog/bed-bug-spray-canada","bedbug","buzzskito-bedbug-20","true","buzzskito-bedbug-20","true","search","","knock down bed bug killer","Knock Down Bed Bug Killer &rarr;","6","446","15","true","BuyLink"
"/blog/bed-bug-spray-canada","bedbug","buzzskito-bedbug-20","true","buzzskito-bedbug-20","true","search","","konk bed bug spray","Konk Bed Bug Spray &rarr;","7","451","15","true","BuyLink"
"/blog/bed-bug-spray-canada","bedbug","buzzskito-bedbug-20","true","buzzskito-bedbug-20","true","search","","doktor doom sleep tight bed bug spray","Check Sleep Tight on Amazon.ca &rarr;","8","1017","34","false","BuyLink"
"/blog/bed-bug-spray-canada","bedbug","buzzskito-bedbug-20","true","buzzskito-bedbug-20","true","search","","doktor doom pro max","Check Pro Max on Amazon.ca &rarr;","9","1022","34","false","BuyLink"
"/blog/bed-bug-stains-poop-droppings-canada","bedbug","buzzskito-bedbug-20","true","buzzskito-bedbug-20","false","search","","bed bug interceptor traps climbup","Bed bug interceptor traps (under each bed leg)","1","145","4","sticky","StickyBuyBar"
"/blog/bed-bug-stains-poop-droppings-canada","bedbug","buzzskito-bedbug-20","true","buzzskito-bedbug-20","false","search","","bright handheld led flashlight","Check price on Amazon.ca &rarr;","2","522","16","true","BuyLink"
"/blog/bed-bug-stains-poop-droppings-canada","bedbug","buzzskito-bedbug-20","true","buzzskito-bedbug-20","false","search","","bed bug interceptor traps climbup","Check price on Amazon.ca &rarr;","3","597","18","true","BuyLink"
"/blog/bed-bug-stains-poop-droppings-canada","bedbug","buzzskito-bedbug-20","true","buzzskito-bedbug-20","false","search","","bed bug interceptor traps climbup","Interceptor traps &rarr;","4","814","25","false","BuyLink"
"/blog/bed-bug-stains-poop-droppings-canada","bedbug","buzzskito-bedbug-20","true","buzzskito-bedbug-20","false","search","","bed bug proof mattress encasement zippered","Encasement &rarr;","5","961","29","false","BuyLink"
"/blog/bed-bug-stains-poop-droppings-canada","bedbug","buzzskito-bedbug-20","true","buzzskito-bedbug-20","false","search","","sealed hepa vacuum bagged","Sealed HEPA vacuum &rarr;","6","990","30","false","BuyLink"
"/blog/bed-bug-stains-poop-droppings-canada","bedbug","buzzskito-bedbug-20","true","buzzskito-bedbug-20","false","search","","bed bug interceptor traps climbup","Interceptor traps &rarr;","7","1755","53","false","BuyLink"
"/blog/bed-bug-stains-poop-droppings-canada","bedbug","buzzskito-bedbug-20","true","buzzskito-bedbug-20","false","search","","bed bug proof mattress encasement zippered","Encasements &rarr;","8","1757","53","false","BuyLink"
"/blog/bed-bug-stains-poop-droppings-canada","bedbug","buzzskito-bedbug-20","true","buzzskito-bedbug-20","false","search","","bed bug glue strip monitors","Glue-strip monitors &rarr;","9","1758","53","false","BuyLink"
"/blog/bed-bug-stains-poop-droppings-canada","bedbug","buzzskito-bedbug-20","true","buzzskito-bedbug-20","false","search","","bed bug interceptor traps climbup","Check interceptor traps on Amazon.ca &rarr;","10","2307","70","false","BuyLink"
"/blog/bed-bug-stains-poop-droppings-canada","bedbug","buzzskito-bedbug-20","true","buzzskito-bedbug-20","false","search","","bed bug proof mattress encasement zippered","Check bed-bug-rated encasements on Amazon.ca &rarr;","11","2741","83","false","BuyLink"
"/blog/bed-bug-treatment-cost-canada","bedbug","buzzskito-bedbug-20","true","buzzskito-bedbug-20","false","search","","vapamore mr-100 steamer","Dry-vapour steamer — the one DIY item worth real money","1","166","7","sticky","StickyBuyBar"
"/blog/bed-bug-treatment-cost-canada","bedbug","buzzskito-bedbug-20","true","buzzskito-bedbug-20","false","search","","saferest mattress encasement","Zippered encasements &rarr;","2","1111","47","false","BuyLink"
"/blog/bed-bug-treatment-cost-canada","bedbug","buzzskito-bedbug-20","true","buzzskito-bedbug-20","false","search","","climbup bed bug interceptor","Interceptor traps &rarr;","3","1113","47","false","BuyLink"
"/blog/bed-bug-treatment-cost-canada","bedbug","buzzskito-bedbug-20","true","buzzskito-bedbug-20","false","search","","climbup bed bug interceptor","Check interceptor traps on Amazon.ca &rarr;","4","1986","84","false","BuyLink"
"/blog/bed-bugs-in-a-car-heat-treatment-canada","bedbug","buzzskito-bedbug-20","true","buzzskito-bedbug-20","false","search","","portable bed bug heat chamber","Portable heat chamber — for everything you can carry out of the car","1","169","7","sticky","StickyBuyBar"
"/blog/bed-bugs-in-a-car-heat-treatment-canada","bedbug","buzzskito-bedbug-20","true","buzzskito-bedbug-20","false","search","","portable bed bug heat chamber","Heat chamber &rarr;","2","698","30","false","BuyLink"
"/blog/bed-bugs-in-a-car-heat-treatment-canada","bedbug","buzzskito-bedbug-20","true","buzzskito-bedbug-20","false","search","","sealed hepa vacuum crevice tool","Sealed-HEPA vacuum &rarr;","3","700","30","false","BuyLink"
"/blog/bed-bugs-in-a-car-heat-treatment-canada","bedbug","buzzskito-bedbug-20","true","buzzskito-bedbug-20","false","search","","canister steam cleaner bed bugs","Steamer &rarr;","4","702","30","false","BuyLink"
"/blog/bed-bugs-in-a-car-heat-treatment-canada","bedbug","buzzskito-bedbug-20","true","buzzskito-bedbug-20","false","search","","high temperature probe thermometer","Probe thermometer &rarr;","5","703","30","false","BuyLink"
"/blog/bed-bugs-on-the-ttc-toronto","bedbug","buzzskito-bedbug-20","true","buzzskito-bedbug-20","false","search","","bed bug interceptor traps climbup","Bed bug interceptor traps — the only real answer","1","144","5","sticky","StickyBuyBar"
"/blog/bed-bugs-on-the-ttc-toronto","bedbug","buzzskito-bedbug-20","true","buzzskito-bedbug-20","false","search","","bed bug interceptor traps climbup","Check price on Amazon.ca →","2","413","15","true","BuyLink"
"/blog/bed-bugs-on-the-ttc-toronto","bedbug","buzzskito-bedbug-20","true","buzzskito-bedbug-20","false","search","","bed bug interceptor traps climbup","Interceptor traps &rarr;","3","1434","53","false","BuyLink"
"/blog/bed-bugs-on-the-ttc-toronto","bedbug","buzzskito-bedbug-20","true","buzzskito-bedbug-20","false","search","","bed bug proof mattress encasement zippered","Encasements &rarr;","4","1436","53","false","BuyLink"
"/blog/bed-bugs-on-the-ttc-toronto","bedbug","buzzskito-bedbug-20","true","buzzskito-bedbug-20","false","search","","lidded storage bin with latching lid","Entryway bin &rarr;","5","1437","53","false","BuyLink"
"/blog/bed-bugs-on-the-ttc-toronto","bedbug","buzzskito-bedbug-20","true","buzzskito-bedbug-20","false","search","","bed bug interceptor traps climbup","Check interceptor traps on Amazon.ca &rarr;","6","1965","73","false","BuyLink"
"/blog/best-air-purifier-for-dust-mites-canada","airpurifier","buzzskito-airpurifier-20","true","buzzskito-airpurifier-20","true","search","","true hepa air purifier large room","True-HEPA air purifier (dust-mite allergen)","1","82","4","sticky","StickyBuyBar"
"/blog/best-air-purifier-for-dust-mites-canada","airpurifier","buzzskito-airpurifier-20","true","buzzskito-airpurifier-20","true","search","","search","Check price on Amazon.ca →","2","594","32","true","BuyLink"
"/blog/best-air-purifier-for-dust-mites-canada","airpurifier","buzzskito-airpurifier-20","true","buzzskito-airpurifier-20","true","search","","coway airmega true hepa air purifier","Coway / Winix mid-size →","3","631","34","false","BuyLink"
"/blog/best-air-purifier-for-dust-mites-canada","airpurifier","buzzskito-airpurifier-20","true","buzzskito-airpurifier-20","true","search","","coway airmega 400 large room air purifier","High-CADR large-room →","4","634","34","false","BuyLink"
"/blog/best-air-purifier-for-dust-mites-canada","airpurifier","buzzskito-airpurifier-20","true","buzzskito-airpurifier-20","true","search","","levoit core hepa air purifier","Levoit budget unit →","5","636","34","false","BuyLink"
"/blog/best-air-purifier-for-dust-mites-canada","airpurifier","buzzskito-airpurifier-20","true","buzzskito-airpurifier-20","true","search","","true hepa h13 air purifier","Check True-HEPA (H13) purifiers on Amazon.ca →","6","810","44","false","BuyLink"
"/blog/best-air-purifier-for-dust-mites-canada","airpurifier","buzzskito-airpurifier-20","true","buzzskito-airpurifier-20","true","search","","search","Check price on Amazon.ca →","7","1344","72","false","BuyLink"
"/blog/best-ant-killer","ant","buzzskito-ant-20","true","buzzskito-ant-20","false","dp_asin","B014H8NZ7U","terro liquid ant baits","TERRO Liquid Ant Baits (indoor stations)","1","90","3","sticky","StickyBuyBar"
"/blog/best-ant-killer","ant","buzzskito-ant-20","true","buzzskito-ant-20","false","search","","terro liquid ant baits","Check price on Amazon.ca →","2","502","18","true","BuyLink"
"/blog/best-ant-killer","ant","buzzskito-ant-20","true","buzzskito-ant-20","false","search","","combat ant killing bait stations","Check price on Amazon.ca →","3","532","19","true","BuyLink"
"/blog/best-ant-killer","ant","buzzskito-ant-20","true","buzzskito-ant-20","false","search","","terro outdoor liquid ant bait stakes","Check price on Amazon.ca →","4","559","20","true","BuyLink"
"/blog/best-ant-killer","ant","buzzskito-ant-20","true","buzzskito-ant-20","false","search","","doktor doom house and garden insect spray","Check price on Amazon.ca →","5","641","22","false","BuyLink"
"/blog/best-ant-killer","ant","buzzskito-ant-20","true","buzzskito-ant-20","false","search","","safers insect killing diatomaceous earth","Check price on Amazon.ca →","6","727","25","false","BuyLink"
"/blog/best-ant-killer","ant","buzzskito-ant-20","true","buzzskito-ant-20","false","search","","terro liquid ant baits","TERRO Liquid Ant Baits →","7","1025","36","false","BuyLink"
"/blog/best-ant-killer","ant","buzzskito-ant-20","true","buzzskito-ant-20","false","search","","terro outdoor liquid ant bait stakes","Outdoor bait stakes →","8","1029","36","false","BuyLink"
"/blog/best-ant-killer","ant","buzzskito-ant-20","true","buzzskito-ant-20","false","search","","combat ant killing bait stations","Combat protein bait stations →","9","1032","36","false","BuyLink"
"/blog/best-ant-killer","ant","buzzskito-ant-20","true","buzzskito-ant-20","false","search","","doktor doom house and garden insect spray","Check short-residual contact sprays on Amazon.ca →","10","1514","53","false","BuyLink"
"/blog/best-ant-killer","ant","buzzskito-ant-20","true","buzzskito-ant-20","false","search","","terro outdoor liquid ant bait stakes","Check outdoor bait stakes on Amazon.ca →","11","1786","62","false","BuyLink"
"/blog/best-ant-killer","ant","buzzskito-ant-20","true","buzzskito-ant-20","false","search","","combat ant killing bait stations","Check Combat protein bait stations on Amazon.ca →","12","1957","68","false","BuyLink"
"/blog/best-ant-traps-canada","ant","buzzskito-ant-20","true","buzzskito-ant-20","false","search","","terro liquid ant baits","Enclosed liquid ant bait stations","1","95","2","sticky","StickyBuyBar"
"/blog/best-ant-traps-canada","ant","buzzskito-ant-20","true","buzzskito-ant-20","false","search","","terro liquid ant baits","Check price on Amazon.ca →","2","1172","25","false","BuyLink"
"/blog/best-ant-traps-canada","ant","buzzskito-ant-20","true","buzzskito-ant-20","false","search","","terro liquid ant baits","Liquid bait stations →","3","1686","36","false","BuyLink"
"/blog/best-ant-traps-canada","ant","buzzskito-ant-20","true","buzzskito-ant-20","false","search","","terro liquid ant baits","Check liquid ant bait stations on Amazon.ca →","4","2191","46","false","BuyLink"
"/blog/best-atv-sprayer-for-tick-yard-canada","tick","buzzskito-tick-20","true","buzzskito-tick-20","true","search","","chapin 25 gallon tow behind sprayer","Chapin 25-gallon tow-behind sprayer (boom + spot wand)","1","101","5","sticky","StickyBuyBar"
"/blog/best-atv-sprayer-for-tick-yard-canada","tick","buzzskito-tick-20","true","buzzskito-tick-20","true","search","","chapin 25 gallon tow behind sprayer","Check price on Amazon.ca &rarr;","2","467","21","true","BuyLink"
"/blog/best-atv-sprayer-for-tick-yard-canada","tick","buzzskito-tick-20","true","buzzskito-tick-20","true","search","","chapin 15 gallon spot sprayer atv","Check price on Amazon.ca &rarr;","3","487","22","true","BuyLink"
"/blog/best-atv-sprayer-for-tick-yard-canada","tick","buzzskito-tick-20","true","buzzskito-tick-20","true","search","","tow behind lawn sprayer 15 gallon","Check price on Amazon.ca &rarr;","4","508","23","true","BuyLink"
"/blog/best-atv-sprayer-for-tick-yard-canada","tick","buzzskito-tick-20","true","buzzskito-tick-20","true","search","","fimco 40 gallon atv sprayer boom","Check price on Amazon.ca &rarr;","5","528","24","true","BuyLink"
"/blog/best-atv-sprayer-for-tick-yard-canada","tick","buzzskito-tick-20","true","buzzskito-tick-20","true","search","","chapin 25 gallon tow behind sprayer","25-gal tow-behind &rarr;","6","812","37","false","BuyLink"
"/blog/best-atv-sprayer-for-tick-yard-canada","tick","buzzskito-tick-20","true","buzzskito-tick-20","true","search","","chapin 15 gallon spot sprayer atv","15-gal spot sprayer &rarr;","7","814","37","false","BuyLink"
"/blog/best-atv-sprayer-for-tick-yard-canada","tick","buzzskito-tick-20","true","buzzskito-tick-20","true","search","","tow behind lawn sprayer 15 gallon","Compact 15-gal &rarr;","8","817","37","false","BuyLink"
"/blog/best-atv-sprayer-for-tick-yard-canada","tick","buzzskito-tick-20","true","buzzskito-tick-20","true","search","","fimco 40 gallon atv sprayer boom","40-gal ATV sprayer &rarr;","9","819","37","false","BuyLink"
"/blog/best-battery-backpack-sprayer-canada","sprayer","buzzskito-sprayer-20","true","buzzskito-sprayer-20","true","search","","chapin 24v battery backpack sprayer","Chapin 24V lithium backpack sprayer","1","94","4","sticky","StickyBuyBar"
"/blog/best-battery-backpack-sprayer-canada","sprayer","buzzskito-sprayer-20","true","buzzskito-sprayer-20","true","search","","chapin 24v battery backpack sprayer","Check price on Amazon.ca →","2","461","19","true","BuyLink"
"/blog/best-battery-backpack-sprayer-canada","sprayer","buzzskito-sprayer-20","true","buzzskito-sprayer-20","true","search","","field king battery backpack sprayer","Check price on Amazon.ca →","3","481","20","true","BuyLink"
"/blog/best-battery-backpack-sprayer-canada","sprayer","buzzskito-sprayer-20","true","buzzskito-sprayer-20","true","search","","petra 4 gallon battery backpack sprayer","Check price on Amazon.ca →","4","504","21","true","BuyLink"
"/blog/best-battery-backpack-sprayer-canada","sprayer","buzzskito-sprayer-20","true","buzzskito-sprayer-20","true","search","","lithium battery backpack sprayer","Check price on Amazon.ca →","5","523","22","true","BuyLink"
"/blog/best-battery-backpack-sprayer-canada","sprayer","buzzskito-sprayer-20","true","buzzskito-sprayer-20","true","search","","chapin 24v battery backpack sprayer","Chapin 24V →","6","820","34","false","BuyLink"
"/blog/best-battery-backpack-sprayer-canada","sprayer","buzzskito-sprayer-20","true","buzzskito-sprayer-20","true","search","","field king battery backpack sprayer","Field King →","7","821","34","false","BuyLink"
"/blog/best-battery-backpack-sprayer-canada","sprayer","buzzskito-sprayer-20","true","buzzskito-sprayer-20","true","search","","petra 4 gallon battery backpack sprayer","Petra 4-gallon →","8","823","34","false","BuyLink"
"/blog/best-bed-bug-box-spring-encasement-canada","bedbug","buzzskito-bedbug-20","true","buzzskito-bedbug-20","true","search","","sureguard box spring encasement zippered","SureGuard zippered box-spring encasement","1","94","4","sticky","StickyBuyBar"
"/blog/best-bed-bug-box-spring-encasement-canada","bedbug","buzzskito-bedbug-20","true","buzzskito-bedbug-20","true","search","","sureguard box spring encasement zippered","Check price on Amazon.ca →","2","431","20","true","BuyLink"
"/blog/best-bed-bug-box-spring-encasement-canada","bedbug","buzzskito-bedbug-20","true","buzzskito-bedbug-20","true","search","","saferest box spring encasement bed bug proof","Check price on Amazon.ca →","3","452","21","true","BuyLink"
"/blog/best-bed-bug-box-spring-encasement-canada","bedbug","buzzskito-bedbug-20","true","buzzskito-bedbug-20","true","search","","utopia bedding box spring encasement zippered","Check price on Amazon.ca →","4","473","22","true","BuyLink"
"/blog/best-bed-bug-box-spring-encasement-canada","bedbug","buzzskito-bedbug-20","true","buzzskito-bedbug-20","true","search","","bed bug box spring cover zippered six sided","Check price on Amazon.ca →","5","497","23","true","BuyLink"
"/blog/best-bed-bug-box-spring-encasement-canada","bedbug","buzzskito-bedbug-20","true","buzzskito-bedbug-20","true","search","","sureguard box spring encasement zippered","SureGuard box-spring →","6","796","36","false","BuyLink"
"/blog/best-bed-bug-box-spring-encasement-canada","bedbug","buzzskito-bedbug-20","true","buzzskito-bedbug-20","true","search","","saferest box spring encasement bed bug proof","SafeRest box-spring →","7","798","36","false","BuyLink"
"/blog/best-bed-bug-box-spring-encasement-canada","bedbug","buzzskito-bedbug-20","true","buzzskito-bedbug-20","true","search","","utopia bedding box spring encasement zippered","Utopia box-spring →","8","800","36","false","BuyLink"
"/blog/best-bed-bug-box-spring-encasement-canada","bedbug","buzzskito-bedbug-20","true","buzzskito-bedbug-20","true","search","","bed bug box spring cover zippered six sided","Budget box-spring cover →","9","802","36","false","BuyLink"
"/blog/best-bed-bug-detector-canada","bedbug","buzzskito-bedbug-20","true","buzzskito-bedbug-20","true","search","","bed bug interceptor traps","Bed bug interceptor traps (under-leg monitors)","1","85","3","sticky","StickyBuyBar"
"/blog/best-bed-bug-detector-canada","bedbug","buzzskito-bedbug-20","true","buzzskito-bedbug-20","true","search","","bed bug interceptor traps aspectek","Check price on Amazon.ca →","2","451","18","true","BuyLink"
"/blog/best-bed-bug-detector-canada","bedbug","buzzskito-bedbug-20","true","buzzskito-bedbug-20","true","search","","active bed bug monitor co2","Check price on Amazon.ca →","3","484","19","true","BuyLink"
"/blog/best-bed-bug-detector-canada","bedbug","buzzskito-bedbug-20","true","buzzskito-bedbug-20","true","search","","buggybeds bed bug monitor","Check price on Amazon.ca →","4","509","20","true","BuyLink"
"/blog/best-bed-bug-detector-canada","bedbug","buzzskito-bedbug-20","true","buzzskito-bedbug-20","true","search","","bed bug inspection flashlight magnifier kit","Check price on Amazon.ca →","5","540","21","true","BuyLink"
"/blog/best-bed-bug-detector-canada","bedbug","buzzskito-bedbug-20","true","buzzskito-bedbug-20","true","search","","bed bug interceptor traps aspectek","Passive interceptors →","6","855","33","false","BuyLink"
"/blog/best-bed-bug-detector-canada","bedbug","buzzskito-bedbug-20","true","buzzskito-bedbug-20","true","search","","active bed bug monitor co2","Active lured monitor →","7","857","33","false","BuyLink"
"/blog/best-bed-bug-detector-canada","bedbug","buzzskito-bedbug-20","true","buzzskito-bedbug-20","true","search","","buggybeds bed bug monitor","Glue-strip monitors →","8","860","33","false","BuyLink"
"/blog/best-bed-bug-detector-canada","bedbug","buzzskito-bedbug-20","true","buzzskito-bedbug-20","true","search","","bed bug inspection flashlight magnifier kit","Inspection kit →","9","862","33","false","BuyLink"
"/blog/best-bed-bug-fogger-canada","bedbug","buzzskito-bedbug-20","true","buzzskito-bedbug-20","true","search","","doktor doom total release fogger","PMRA-registered total-release fogger (Doktor Doom)","1","92","4","sticky","StickyBuyBar"
"/blog/best-bed-bug-fogger-canada","bedbug","buzzskito-bedbug-20","true","buzzskito-bedbug-20","true","search","","doktor doom total release fogger","Check price on Amazon.ca →","2","466","20","true","BuyLink"
"/blog/best-bed-bug-fogger-canada","bedbug","buzzskito-bedbug-20","true","buzzskito-bedbug-20","true","search","","bed bug steamer","Check price on Amazon.ca →","3","486","21","true","BuyLink"
"/blog/best-bed-bug-fogger-canada","bedbug","buzzskito-bedbug-20","true","buzzskito-bedbug-20","true","search","","bed bug heater chamber","Check price on Amazon.ca →","4","508","22","true","BuyLink"
"/blog/best-bed-bug-fogger-canada","bedbug","buzzskito-bedbug-20","true","buzzskito-bedbug-20","true","search","","doktor doom pro max","Check price on Amazon.ca →","5","527","22","true","BuyLink"
"/blog/best-bed-bug-fogger-canada","bedbug","buzzskito-bedbug-20","true","buzzskito-bedbug-20","true","search","","safers insect killing diatomaceous earth","Check price on Amazon.ca →","6","550","23","true","BuyLink"
"/blog/best-bed-bug-fogger-canada","bedbug","buzzskito-bedbug-20","true","buzzskito-bedbug-20","true","search","","doktor doom total release fogger","Doktor Doom fogger →","7","824","35","false","BuyLink"
"/blog/best-bed-bug-fogger-canada","bedbug","buzzskito-bedbug-20","true","buzzskito-bedbug-20","true","search","","konk total release fogger","Konk fogger →","8","827","35","false","BuyLink"
"/blog/best-bed-bug-fogger-canada","bedbug","buzzskito-bedbug-20","true","buzzskito-bedbug-20","true","search","","bed bug steamer","Bed-bug steamer →","9","829","35","false","BuyLink"
"/blog/best-bed-bug-fogger-canada","bedbug","buzzskito-bedbug-20","true","buzzskito-bedbug-20","true","search","","doktor doom pro max","Doktor Doom Pro Max residual →","10","831","35","false","BuyLink"
"/blog/best-bed-bug-heat-chamber-canada","bedbug","buzzskito-bedbug-20","true","buzzskito-bedbug-20","true","dp_asin","B00F6EV306","zappbug bed bug heater","ZappBug portable bed bug heater","1","97","4","sticky","StickyBuyBar"
"/blog/best-bed-bug-heat-chamber-canada","bedbug","buzzskito-bedbug-20","true","buzzskito-bedbug-20","true","search","","zappbug original bed bug heater","Check price on Amazon.ca →","2","453","17","true","BuyLink"
"/blog/best-bed-bug-heat-chamber-canada","bedbug","buzzskito-bedbug-20","true","buzzskito-bedbug-20","true","search","","zappbug room bed bug heater","Check price on Amazon.ca →","3","479","18","true","BuyLink"
"/blog/best-bed-bug-heat-chamber-canada","bedbug","buzzskito-bedbug-20","true","buzzskito-bedbug-20","true","search","","thermal strike ranger bed bug heater bag","Check price on Amazon.ca →","4","504","19","true","BuyLink"
"/blog/best-bed-bug-heat-chamber-canada","bedbug","buzzskito-bedbug-20","true","buzzskito-bedbug-20","true","search","","portable bed bug heater unit","Check price on Amazon.ca →","5","535","21","true","BuyLink"
"/blog/best-bed-bug-heat-chamber-canada","bedbug","buzzskito-bedbug-20","true","buzzskito-bedbug-20","true","search","","zappbug original bed bug heater","ZappBug Original →","6","825","32","false","BuyLink"
"/blog/best-bed-bug-heat-chamber-canada","bedbug","buzzskito-bedbug-20","true","buzzskito-bedbug-20","true","search","","zappbug room bed bug heater","ZappBug Room →","7","827","32","false","BuyLink"
"/blog/best-bed-bug-heat-chamber-canada","bedbug","buzzskito-bedbug-20","true","buzzskito-bedbug-20","true","search","","thermal strike ranger bed bug heater bag","Thermal Strike bag →","8","829","32","false","BuyLink"
"/blog/best-bed-bug-heat-chamber-canada","bedbug","buzzskito-bedbug-20","true","buzzskito-bedbug-20","true","search","","portable bed bug heater unit","Portable heater unit →","9","832","32","false","BuyLink"
"/blog/best-bed-bug-luggage-heater-canada","bedbug","buzzskito-bedbug-20","true","buzzskito-bedbug-20","true","search","","packtite closet bed bug heater","PackTite Closet bed-bug heat chamber","1","101","4","sticky","StickyBuyBar"
"/blog/best-bed-bug-luggage-heater-canada","bedbug","buzzskito-bedbug-20","true","buzzskito-bedbug-20","true","search","","packtite closet bed bug heater","PackTite Closet","2","117","5","true","AmazonLink"
"/blog/best-bed-bug-luggage-heater-canada","bedbug","buzzskito-bedbug-20","true","buzzskito-bedbug-20","true","search","","packtite closet bed bug heater","Check price on Amazon.ca →","3","312","12","true","BuyLink"
"/blog/best-bed-bug-luggage-heater-canada","bedbug","buzzskito-bedbug-20","true","buzzskito-bedbug-20","true","search","","packtite closet bed bug heater","Check price on Amazon.ca →","4","475","19","true","BuyLink"
"/blog/best-bed-bug-luggage-heater-canada","bedbug","buzzskito-bedbug-20","true","buzzskito-bedbug-20","true","search","","thermalstrike ranger bed bug heater","Check price on Amazon.ca →","5","500","20","true","BuyLink"
"/blog/best-bed-bug-luggage-heater-canada","bedbug","buzzskito-bedbug-20","true","buzzskito-bedbug-20","true","search","","zappbug room bed bug heater","Check price on Amazon.ca →","6","526","21","true","BuyLink"
"/blog/best-bed-bug-luggage-heater-canada","bedbug","buzzskito-bedbug-20","true","buzzskito-bedbug-20","true","search","","zappbug oven bed bug heater","Check price on Amazon.ca →","7","547","22","true","BuyLink"
"/blog/best-bed-bug-luggage-heater-canada","bedbug","buzzskito-bedbug-20","true","buzzskito-bedbug-20","true","search","","packtite closet bed bug heater","Hanging closet chamber →","8","872","35","false","BuyLink"
"/blog/best-bed-bug-luggage-heater-canada","bedbug","buzzskito-bedbug-20","true","buzzskito-bedbug-20","true","search","","thermalstrike ranger bed bug heater","Folding travel heater →","9","875","35","false","BuyLink"
"/blog/best-bed-bug-luggage-heater-canada","bedbug","buzzskito-bedbug-20","true","buzzskito-bedbug-20","true","search","","zappbug room bed bug heater","Large-capacity box →","10","878","35","false","BuyLink"
"/blog/best-bed-bug-luggage-heater-canada","bedbug","buzzskito-bedbug-20","true","buzzskito-bedbug-20","true","search","","zappbug oven bed bug heater","Budget folding chamber →","11","880","35","false","BuyLink"
"/blog/best-bed-bug-powder-canada","bedbug","buzzskito-bedbug-20","true","buzzskito-bedbug-20","true","search","","cimexa insecticide dust","CimeXa silica gel insecticide dust","1","89","4","sticky","StickyBuyBar"
"/blog/best-bed-bug-powder-canada","bedbug","buzzskito-bedbug-20","true","buzzskito-bedbug-20","true","search","","cimexa insecticide dust","Check price on Amazon.ca →","2","424","19","true","BuyLink"
"/blog/best-bed-bug-powder-canada","bedbug","buzzskito-bedbug-20","true","buzzskito-bedbug-20","true","search","","doktor doom diatomaceous earth","Check price on Amazon.ca →","3","446","20","true","BuyLink"
"/blog/best-bed-bug-powder-canada","bedbug","buzzskito-bedbug-20","true","buzzskito-bedbug-20","true","search","","food grade diatomaceous earth bulk","Check price on Amazon.ca →","4","466","21","true","BuyLink"
"/blog/best-bed-bug-powder-canada","bedbug","buzzskito-bedbug-20","true","buzzskito-bedbug-20","true","search","","bulb hand duster pest control","Check price on Amazon.ca →","5","487","22","true","BuyLink"
"/blog/best-bed-bug-powder-canada","bedbug","buzzskito-bedbug-20","true","buzzskito-bedbug-20","true","search","","cimexa insecticide dust","Silica gel dust →","6","763","34","false","BuyLink"
"/blog/best-bed-bug-powder-canada","bedbug","buzzskito-bedbug-20","true","buzzskito-bedbug-20","true","search","","doktor doom diatomaceous earth","Diatomaceous earth →","7","766","34","false","BuyLink"
"/blog/best-bed-bug-powder-canada","bedbug","buzzskito-bedbug-20","true","buzzskito-bedbug-20","true","search","","bulb hand duster pest control","Bulb duster →","8","768","35","false","BuyLink"
"/blog/best-bed-bug-spray-for-mattress-canada","bedbug","buzzskito-bedbug-20","true","buzzskito-bedbug-20","true","search","","ecoraider bed bug killer spray","EcoRaider Bed Bug Killer Spray (plant-based, mattress-safe)","1","90","1","sticky","StickyBuyBar"
"/blog/best-bed-bug-spray-for-mattress-canada","bedbug","buzzskito-bedbug-20","true","buzzskito-bedbug-20","true","search","","ecoraider bed bug killer spray","Check price on Amazon.ca →","2","433","7","true","BuyLink"
"/blog/best-bed-bug-spray-for-mattress-canada","bedbug","buzzskito-bedbug-20","true","buzzskito-bedbug-20","true","search","","doktor doom sleep tight bed bug spray","Check price on Amazon.ca →","3","456","8","true","BuyLink"
"/blog/best-bed-bug-spray-for-mattress-canada","bedbug","buzzskito-bedbug-20","true","buzzskito-bedbug-20","true","search","","konk bed bug killer spray","Check price on Amazon.ca →","4","483","8","true","BuyLink"
"/blog/best-bed-bug-spray-for-mattress-canada","bedbug","buzzskito-bedbug-20","true","buzzskito-bedbug-20","true","search","","natural bed bug spray geraniol","Check price on Amazon.ca →","5","507","8","true","BuyLink"
"/blog/best-bed-bug-spray-for-mattress-canada","bedbug","buzzskito-bedbug-20","true","buzzskito-bedbug-20","true","search","","ecoraider bed bug killer spray","EcoRaider →","6","781","13","false","BuyLink"
"/blog/best-bed-bug-spray-for-mattress-canada","bedbug","buzzskito-bedbug-20","true","buzzskito-bedbug-20","true","search","","doktor doom sleep tight bed bug spray","Doktor Doom Sleep Tight →","7","782","13","false","BuyLink"
"/blog/best-bed-bug-spray-for-mattress-canada","bedbug","buzzskito-bedbug-20","true","buzzskito-bedbug-20","true","search","","konk bed bug killer spray","Konk (frame &amp; edges) →","8","786","13","false","BuyLink"
"/blog/best-bed-bug-spray-for-mattress-canada","bedbug","buzzskito-bedbug-20","true","buzzskito-bedbug-20","true","search","","natural bed bug spray geraniol","Natural geraniol spray →","9","789","13","false","BuyLink"
"/blog/best-bed-bug-spray-for-mattress-canada","bedbug","buzzskito-bedbug-20","true","buzzskito-bedbug-20","true","search","","ecoraider bed bug killer spray","Check availability &rarr;","10","5273","87","false","BuyLink"
"/blog/best-bed-bug-spray-for-mattress-canada","bedbug","buzzskito-bedbug-20","true","buzzskito-bedbug-20","true","search","","harris egg kill bed bug killer","Check availability &rarr;","11","5308","87","false","BuyLink"
"/blog/best-bed-bug-spray-for-mattress-canada","bedbug","buzzskito-bedbug-20","true","buzzskito-bedbug-20","true","search","","harris 5 minute bed bug killer foaming spray","Check availability &rarr;","12","5336","88","false","BuyLink"
"/blog/best-bed-bug-spray-for-mattress-canada","bedbug","buzzskito-bedbug-20","true","buzzskito-bedbug-20","true","search","","ortho home defense bed bug killer","Check availability &rarr;","13","5367","88","false","BuyLink"
"/blog/best-bed-bug-spray-for-mattress-canada","bedbug","buzzskito-bedbug-20","true","buzzskito-bedbug-20","true","search","","bedlam plus bed bug spray","Check availability &rarr;","14","5395","89","false","BuyLink"
"/blog/best-bed-bug-spray-for-mattress-canada","bedbug","buzzskito-bedbug-20","true","buzzskito-bedbug-20","true","search","","crossfire bed bug concentrate","Check availability &rarr;","15","5421","89","false","BuyLink"
"/blog/best-bed-bug-spray-for-mattress-canada","bedbug","buzzskito-bedbug-20","true","buzzskito-bedbug-20","true","search","","ecosmart bed bug killer mattresses carpets","Check availability &rarr;","16","5459","90","false","BuyLink"
"/blog/best-bed-bug-spray-for-mattress-canada","bedbug","buzzskito-bedbug-20","true","buzzskito-bedbug-20","true","search","","grandpa gus natural bed bug killer spray","Check availability &rarr;","17","5485","90","false","BuyLink"
"/blog/best-bed-bug-spray-for-travel-canada","bedbug","buzzskito-bedbug-20","true","buzzskito-bedbug-20","true","search","","doktor doom travel pro bed bug spray","Doktor Doom Travel Pro bed bug spray","1","87","4","sticky","StickyBuyBar"
"/blog/best-bed-bug-spray-for-travel-canada","bedbug","buzzskito-bedbug-20","true","buzzskito-bedbug-20","true","search","","doktor doom travel pro bed bug spray","Check price on Amazon.ca →","2","439","18","true","BuyLink"
"/blog/best-bed-bug-spray-for-travel-canada","bedbug","buzzskito-bedbug-20","true","buzzskito-bedbug-20","true","search","","proof bed bug dust mite spray travel size","Check price on Amazon.ca →","3","465","19","true","BuyLink"
"/blog/best-bed-bug-spray-for-travel-canada","bedbug","buzzskito-bedbug-20","true","buzzskito-bedbug-20","true","search","","insect shield permethrin treated clothing","Check price on Amazon.ca →","4","493","20","true","BuyLink"
"/blog/best-bed-bug-spray-for-travel-canada","bedbug","buzzskito-bedbug-20","true","buzzskito-bedbug-20","true","search","","natural plant based bed bug spray travel","Check price on Amazon.ca →","5","518","21","true","BuyLink"
"/blog/best-bed-bug-spray-for-travel-canada","bedbug","buzzskito-bedbug-20","true","buzzskito-bedbug-20","true","search","","doktor doom travel pro bed bug spray","Doktor Doom Travel Pro →","6","827","34","false","BuyLink"
"/blog/best-bed-bug-spray-for-travel-canada","bedbug","buzzskito-bedbug-20","true","buzzskito-bedbug-20","true","search","","proof bed bug dust mite spray travel size","Proof travel spray →","7","831","34","false","BuyLink"
"/blog/best-bed-bug-spray-for-travel-canada","bedbug","buzzskito-bedbug-20","true","buzzskito-bedbug-20","true","search","","insect shield permethrin treated clothing","Treated clothing &amp; gear →","8","834","34","false","BuyLink"
"/blog/best-bed-bug-spray-for-travel-canada","bedbug","buzzskito-bedbug-20","true","buzzskito-bedbug-20","true","search","","natural plant based bed bug spray travel","Natural travel spray →","9","837","35","false","BuyLink"
"/blog/best-bed-bug-steamer-canada","bedbug","buzzskito-bedbug-20","true","buzzskito-bedbug-20","true","search","","vapamore mr-100 steamer","Vapamore MR-100 Primo bed bug steamer","1","75","4","sticky","StickyBuyBar"
"/blog/best-bed-bug-steamer-canada","bedbug","buzzskito-bedbug-20","true","buzzskito-bedbug-20","true","search","","vapamore mr-100 steamer","Vapamore MR-100 Primo","2","87","5","true","AmazonLink"
"/blog/best-bed-bug-steamer-canada","bedbug","buzzskito-bedbug-20","true","buzzskito-bedbug-20","true","search","","vapamore mr-100 steamer","Check price on Amazon.ca →","3","251","13","true","BuyLink"
"/blog/best-bed-bug-steamer-canada","bedbug","buzzskito-bedbug-20","true","buzzskito-bedbug-20","true","search","","vapamore mr-100 steamer","Vapamore MR-100 on Amazon.ca →","4","267","14","true","BuyLink"
"/blog/best-bed-bug-steamer-canada","bedbug","buzzskito-bedbug-20","true","buzzskito-bedbug-20","true","search","","mcculloch mc1275 steam cleaner","McCulloch MC1275 →","5","271","14","true","BuyLink"
"/blog/best-bed-bug-steamer-canada","bedbug","buzzskito-bedbug-20","true","buzzskito-bedbug-20","true","search","","pursteam steam cleaner","PurSteam →","6","273","14","true","BuyLink"
"/blog/best-bed-bug-steamer-canada","bedbug","buzzskito-bedbug-20","true","buzzskito-bedbug-20","true","search","","vapamore mr-100 steamer","Check Vapamore MR-100 availability on Amazon.ca →","7","710","37","false","BuyLink"
"/blog/best-bed-bug-steamer-canada","bedbug","buzzskito-bedbug-20","true","buzzskito-bedbug-20","true","search","","mcculloch mc1275 steam cleaner","Check McCulloch MC1275 availability on Amazon.ca →","8","800","42","false","BuyLink"
"/blog/best-bed-bug-steamer-canada","bedbug","buzzskito-bedbug-20","true","buzzskito-bedbug-20","true","search","","pursteam steam cleaner","Check PurSteam availability on Amazon.ca →","9","893","47","false","BuyLink"
"/blog/best-bed-bug-trap-canada","bedbug","buzzskito-bedbug-20","true","buzzskito-bedbug-20","true","search","","aspectek bed bug interceptor trap","Double-well bed bug interceptor cups (Aspectek / ClimbUp-style)","1","97","4","sticky","StickyBuyBar"
"/blog/best-bed-bug-trap-canada","bedbug","buzzskito-bedbug-20","true","buzzskito-bedbug-20","true","search","","climbup bed bug interceptor","Check price on Amazon.ca →","2","521","20","true","BuyLink"
"/blog/best-bed-bug-trap-canada","bedbug","buzzskito-bedbug-20","true","buzzskito-bedbug-20","true","search","","active bed bug monitor lure trap","Check price on Amazon.ca →","3","556","21","true","BuyLink"
"/blog/best-bed-bug-trap-canada","bedbug","buzzskito-bedbug-20","true","buzzskito-bedbug-20","true","search","","bed bug glue trap monitor","Check price on Amazon.ca →","4","589","22","true","BuyLink"
"/blog/best-bed-bug-trap-canada","bedbug","buzzskito-bedbug-20","true","buzzskito-bedbug-20","true","search","","climbup bed bug interceptor","Interceptor cups →","5","903","34","false","BuyLink"
"/blog/best-bed-bug-trap-canada","bedbug","buzzskito-bedbug-20","true","buzzskito-bedbug-20","true","search","","aspectek bed bug interceptor 8 pack","Aspectek 8-pack →","6","905","35","false","BuyLink"
"/blog/best-bed-bug-trap-canada","bedbug","buzzskito-bedbug-20","true","buzzskito-bedbug-20","true","search","","active bed bug monitor lure trap","Active lure trap →","7","907","35","false","BuyLink"
"/blog/best-bed-bug-trap-canada","bedbug","buzzskito-bedbug-20","true","buzzskito-bedbug-20","true","search","","aspectek bed bug interceptor 8 pack","Aspectek 8-pack on Amazon.ca →","8","1323","50","false","BuyLink"
"/blog/best-bed-bug-trap-canada","bedbug","buzzskito-bedbug-20","true","buzzskito-bedbug-20","true","search","","bed bug interceptor traps","Interceptor multi-packs →","9","1327","51","false","BuyLink"
"/blog/best-bug-spray-for-kids-canada","general","buzzskito-general-20","true","buzzskito-general-20","true","search","","natrapel icaridin 20%","Natrapel Icaridin 20% insect repellent","1","76","5","sticky","StickyBuyBar"
"/blog/best-bug-spray-for-kids-canada","general","buzzskito-general-20","true","buzzskito-general-20","true","search","","natrapel icaridin 20%","Icaridin 20% for kids on Amazon.ca →","2","449","32","true","BuyLink"
"/blog/best-bug-spray-for-kids-canada","general","buzzskito-general-20","true","buzzskito-general-20","true","search","","off familycare deet","Low-DEET FamilyCare →","3","454","32","true","BuyLink"
"/blog/best-bug-spray-for-kids-canada","general","buzzskito-general-20","true","buzzskito-general-20","true","search","","natrapel icaridin","Check price on Amazon.ca →","4","528","37","true","BuyLink"
"/blog/best-bug-spray-for-kids-canada","general","buzzskito-general-20","true","buzzskito-general-20","true","search","","piactive icaridin repellent","Check price on Amazon.ca →","5","539","38","true","BuyLink"
"/blog/best-bug-spray-for-kids-canada","general","buzzskito-general-20","true","buzzskito-general-20","true","search","","sawyer picaridin lotion","Check price on Amazon.ca →","6","550","39","true","BuyLink"
"/blog/best-bug-spray-for-kids-canada","general","buzzskito-general-20","true","buzzskito-general-20","true","search","","off familycare insect repellent","Check price on Amazon.ca →","7","560","39","true","BuyLink"
"/blog/best-bug-spray-for-kids-canada","general","buzzskito-general-20","true","buzzskito-general-20","true","search","","off botanicals repellent","Check price on Amazon.ca →","8","573","40","true","BuyLink"
"/blog/best-bug-spray-for-kids-canada","general","buzzskito-general-20","true","buzzskito-general-20","true","search","","bite blocker soybean repellent","Check price on Amazon.ca →","9","583","41","true","BuyLink"
"/blog/best-bug-spray-for-kids-canada","general","buzzskito-general-20","true","buzzskito-general-20","true","search","","stroller mosquito net","Check stroller mosquito nets on Amazon.ca →","10","962","68","false","BuyLink"
"/blog/best-bug-spray-for-kids-canada","general","buzzskito-general-20","true","buzzskito-general-20","true","search","","tick remover tool","Check tick removal tools on Amazon.ca →","11","1108","78","false","BuyLink"
"/blog/best-bug-spray-for-kids-canada","general","buzzskito-general-20","true","buzzskito-general-20","true","search","","insect repellent wipes","Check repellent wipes on Amazon.ca →","12","1384","98","false","BuyLink"
"/blog/best-centipede-killer-canada","general","buzzskito-general-20","true","buzzskito-general-20","false","search","","safers insect killing diatomaceous earth","Safer's Diatomaceous Earth (PMRA-registered insect dust)","1","146","4","sticky","StickyBuyBar"
"/blog/best-centipede-killer-canada","general","buzzskito-general-20","true","buzzskito-general-20","false","search","","50 pint dehumidifier basement energy star","Dehumidifiers &rarr;","2","532","14","true","BuyLink"
"/blog/best-centipede-killer-canada","general","buzzskito-general-20","true","buzzskito-general-20","false","search","","digital hygrometer indoor humidity monitor 2 pack","Hygrometers &rarr;","3","565","15","true","BuyLink"
"/blog/best-centipede-killer-canada","general","buzzskito-general-20","true","buzzskito-general-20","false","search","","safers insect killing diatomaceous earth","Registered DE &rarr;","4","593","16","true","BuyLink"
"/blog/best-centipede-killer-canada","general","buzzskito-general-20","true","buzzskito-general-20","false","search","","door sweep silicone caulk gap sealant","Sealing kit &rarr;","5","613","16","false","BuyLink"
"/blog/best-centipede-killer-canada","general","buzzskito-general-20","true","buzzskito-general-20","false","search","","doktor doom residual insecticide spray","Registered spray &rarr;","6","644","17","false","BuyLink"
"/blog/best-centipede-killer-canada","general","buzzskito-general-20","true","buzzskito-general-20","false","search","","50 pint dehumidifier basement energy star","Check price on Amazon.ca &rarr;","7","866","23","false","BuyLink"
"/blog/best-centipede-killer-canada","general","buzzskito-general-20","true","buzzskito-general-20","false","search","","safers insect killing diatomaceous earth","Check price on Amazon.ca &rarr;","8","919","24","false","BuyLink"
"/blog/best-centipede-killer-canada","general","buzzskito-general-20","true","buzzskito-general-20","false","search","","insect glue board traps multi pack","Check price on Amazon.ca &rarr;","9","965","25","false","BuyLink"
"/blog/best-centipede-killer-canada","general","buzzskito-general-20","true","buzzskito-general-20","false","search","","doktor doom residual insecticide spray","Check price on Amazon.ca &rarr;","10","1010","26","false","BuyLink"
"/blog/best-centipede-killer-canada","general","buzzskito-general-20","true","buzzskito-general-20","false","search","","door sweep silicone caulk gap sealant","Check price on Amazon.ca &rarr;","11","1053","28","false","BuyLink"
"/blog/best-centipede-killer-canada","general","buzzskito-general-20","true","buzzskito-general-20","false","search","","50 pint dehumidifier basement energy star","Basement dehumidifier &rarr;","12","1344","35","false","BuyLink"
"/blog/best-centipede-killer-canada","general","buzzskito-general-20","true","buzzskito-general-20","false","search","","safers insect killing diatomaceous earth","Safer&rsquo;s DE &rarr;","13","1346","35","false","BuyLink"
"/blog/best-centipede-killer-canada","general","buzzskito-general-20","true","buzzskito-general-20","false","search","","insect glue board traps multi pack","Glue board monitors &rarr;","14","1348","35","false","BuyLink"
"/blog/best-centipede-killer-canada","general","buzzskito-general-20","true","buzzskito-general-20","false","search","","50 pint dehumidifier basement energy star","Check basement dehumidifiers on Amazon.ca &rarr;","15","1721","45","false","BuyLink"
"/blog/best-centipede-killer-canada","general","buzzskito-general-20","true","buzzskito-general-20","false","search","","safers insect killing diatomaceous earth","Check Safer&rsquo;s registered DE on Amazon.ca &rarr;","16","2085","55","false","BuyLink"
"/blog/best-centipede-killer-canada","general","buzzskito-general-20","true","buzzskito-general-20","false","search","","insect glue board traps multi pack","Check glue board multi-packs on Amazon.ca &rarr;","17","2340","61","false","BuyLink"
"/blog/best-centipede-killer-canada","general","buzzskito-general-20","true","buzzskito-general-20","false","search","","door sweep silicone caulk gap sealant","Check door sweeps, screens and sealant on Amazon.ca &rarr;","18","2606","68","false","BuyLink"
"/blog/best-centipede-killer-canada","general","buzzskito-general-20","true","buzzskito-general-20","false","search","","doktor doom residual insecticide spray","Check Doktor Doom registered residual spray on Amazon.ca &rarr;","19","2864","75","false","BuyLink"
"/blog/best-centipede-killer-canada","general","buzzskito-general-20","true","buzzskito-general-20","false","search","","digital hygrometer indoor humidity monitor 2 pack","Check hygrometer 2-packs on Amazon.ca &rarr;","20","3374","88","false","BuyLink"
"/blog/best-cockroach-killer-canada","roach","buzzskito-roach-20","true","buzzskito-roach-20","false","search","","combat roach killing bait stations","Combat Roach Killing Bait Stations (12-pack)","1","91","4","sticky","StickyBuyBar"
"/blog/best-cockroach-killer-canada","roach","buzzskito-roach-20","true","buzzskito-roach-20","false","search","","combat roach killing bait stations","Combat bait stations &rarr;","2","613","30","false","BuyLink"
"/blog/best-cockroach-killer-canada","roach","buzzskito-roach-20","true","buzzskito-roach-20","false","search","","raid max roach bait stations","Raid Max stations &rarr;","3","616","30","false","BuyLink"
"/blog/best-cockroach-killer-canada","roach","buzzskito-roach-20","true","buzzskito-roach-20","false","search","","boric acid roach powder","Boric acid powder &rarr;","4","619","30","false","BuyLink"
"/blog/best-cockroach-killer-canada","roach","buzzskito-roach-20","true","buzzskito-roach-20","false","search","","cockroach glue traps monitor","Glue monitors &rarr;","5","622","30","false","BuyLink"
"/blog/best-cockroach-spray-canada","roach","buzzskito-roach-20","true","buzzskito-roach-20","false","search","","combat roach killing bait stations","Combat roach bait stations (buy bait before any spray)","1","145","3","sticky","StickyBuyBar"
"/blog/best-cockroach-spray-canada","roach","buzzskito-roach-20","true","buzzskito-roach-20","false","search","","combat roach killing bait stations","Bait stations &rarr;","2","644","13","false","BuyLink"
"/blog/best-cockroach-spray-canada","roach","buzzskito-roach-20","true","buzzskito-roach-20","false","search","","crack and crevice insecticide aerosol straw","Aerosol with straw &rarr;","3","671","14","false","BuyLink"
"/blog/best-cockroach-spray-canada","roach","buzzskito-roach-20","true","buzzskito-roach-20","false","search","","door sweep under door draft stopper","Door sweep &rarr;","4","713","15","false","BuyLink"
"/blog/best-cockroach-spray-canada","roach","buzzskito-roach-20","true","buzzskito-roach-20","false","search","","crack and crevice insecticide aerosol straw","Contact aerosol &rarr;","5","746","16","false","BuyLink"
"/blog/best-cockroach-spray-canada","roach","buzzskito-roach-20","true","buzzskito-roach-20","false","search","","combat roach killing gel","Check price on Amazon.ca →","6","1019","21","false","BuyLink"
"/blog/best-cockroach-spray-canada","roach","buzzskito-roach-20","true","buzzskito-roach-20","false","search","","combat roach killing bait stations","Check price on Amazon.ca →","7","1053","22","false","BuyLink"
"/blog/best-cockroach-spray-canada","roach","buzzskito-roach-20","true","buzzskito-roach-20","false","search","","raid ant and roach killer","Check price on Amazon.ca →","8","1080","23","false","BuyLink"
"/blog/best-cockroach-spray-canada","roach","buzzskito-roach-20","true","buzzskito-roach-20","false","search","","safers insect killing diatomaceous earth","Check price on Amazon.ca →","9","1137","24","false","BuyLink"
"/blog/best-cockroach-spray-canada","roach","buzzskito-roach-20","true","buzzskito-roach-20","false","search","","combat roach killing bait stations","Combat roach bait stations →","10","1616","34","false","BuyLink"
"/blog/best-cockroach-spray-canada","roach","buzzskito-roach-20","true","buzzskito-roach-20","false","search","","raid ant and roach killer","Raid crack-and-crevice aerosol →","11","1620","34","false","BuyLink"
"/blog/best-cockroach-spray-canada","roach","buzzskito-roach-20","true","buzzskito-roach-20","false","search","","safers insect killing diatomaceous earth","Safer&rsquo;s registered insect dust →","12","1623","34","false","BuyLink"
"/blog/best-cockroach-spray-canada","roach","buzzskito-roach-20","true","buzzskito-roach-20","false","search","","raid ant and roach killer","Check crack-and-crevice aerosol on Amazon.ca →","13","2622","55","false","BuyLink"
"/blog/best-cockroach-spray-canada","roach","buzzskito-roach-20","true","buzzskito-roach-20","false","search","","safers insect killing diatomaceous earth","Check Safer&rsquo;s registered insect dust on Amazon.ca →","14","3874","81","false","BuyLink"
"/blog/best-commercial-fly-light-trap-canada","flies","buzzskito-flies-20","true","buzzskito-flies-20","true","search","","vector insect light trap glue board","Vector encapsulation insect light trap","1","90","3","sticky","StickyBuyBar"
"/blog/best-commercial-fly-light-trap-canada","flies","buzzskito-flies-20","true","buzzskito-flies-20","true","search","","awoco fly trap commercial stainless","Check price on Amazon.ca →","2","486","19","true","BuyLink"
"/blog/best-commercial-fly-light-trap-canada","flies","buzzskito-flies-20","true","buzzskito-flies-20","true","search","","commercial insect light trap 2x15w glue board","Check price on Amazon.ca →","3","512","20","true","BuyLink"
"/blog/best-commercial-fly-light-trap-canada","flies","buzzskito-flies-20","true","buzzskito-flies-20","true","search","","decorative fly light trap sconce glue board","Check price on Amazon.ca →","4","535","21","true","BuyLink"
"/blog/best-commercial-fly-light-trap-canada","flies","buzzskito-flies-20","true","buzzskito-flies-20","true","search","","commercial bug zapper indoor","Check price on Amazon.ca →","5","561","22","true","BuyLink"
"/blog/best-commercial-fly-light-trap-canada","flies","buzzskito-flies-20","true","buzzskito-flies-20","true","search","","awoco fly trap commercial stainless","Awoco glue-board trap →","6","887","34","false","BuyLink"
"/blog/best-commercial-fly-light-trap-canada","flies","buzzskito-flies-20","true","buzzskito-flies-20","true","search","","vector insect light trap glue board","Vector encapsulation trap →","7","890","35","false","BuyLink"
"/blog/best-commercial-fly-light-trap-canada","flies","buzzskito-flies-20","true","buzzskito-flies-20","true","search","","commercial insect light trap 2x15w glue board","Multi-lamp ILT →","8","893","35","false","BuyLink"
"/blog/best-commercial-fly-light-trap-canada","flies","buzzskito-flies-20","true","buzzskito-flies-20","true","search","","decorative fly light trap sconce glue board","Decorative sconce trap →","9","895","35","false","BuyLink"
"/blog/best-commercial-lgr-dehumidifier-canada","dehumidifier","buzzskito-dehumidifier-20","true","buzzskito-dehumidifier-20","false","search","","alorair storm lgr commercial dehumidifier pump","Commercial LGR dehumidifier with pump","1","109","4","sticky","StickyBuyBar"
"/blog/best-commercial-lgr-dehumidifier-canada","dehumidifier","buzzskito-dehumidifier-20","true","buzzskito-dehumidifier-20","false","search","","alorair storm lgr commercial dehumidifier pump","Check price on Amazon.ca →","2","484","20","true","BuyLink"
"/blog/best-commercial-lgr-dehumidifier-canada","dehumidifier","buzzskito-dehumidifier-20","true","buzzskito-dehumidifier-20","false","search","","commercial dehumidifier crawl space 120 pint","Check price on Amazon.ca →","3","512","21","true","BuyLink"
"/blog/best-commercial-lgr-dehumidifier-canada","dehumidifier","buzzskito-dehumidifier-20","true","buzzskito-dehumidifier-20","false","search","","desiccant dehumidifier cold room continuous drain","Check price on Amazon.ca →","4","534","22","true","BuyLink"
"/blog/best-commercial-lgr-dehumidifier-canada","dehumidifier","buzzskito-dehumidifier-20","true","buzzskito-dehumidifier-20","false","search","","energy star dehumidifier humidistat continuous drain","Check price on Amazon.ca →","5","558","23","true","BuyLink"
"/blog/best-commercial-lgr-dehumidifier-canada","dehumidifier","buzzskito-dehumidifier-20","true","buzzskito-dehumidifier-20","false","search","","alorair storm lgr commercial dehumidifier pump","AlorAir Storm-class (best overall) →","6","812","33","false","BuyLink"
"/blog/best-commercial-lgr-dehumidifier-canada","dehumidifier","buzzskito-dehumidifier-20","true","buzzskito-dehumidifier-20","false","search","","dri eaz lgr restoration dehumidifier","Dri-Eaz-class (heavy duty) →","7","816","33","false","BuyLink"
"/blog/best-commercial-lgr-dehumidifier-canada","dehumidifier","buzzskito-dehumidifier-20","true","buzzskito-dehumidifier-20","false","search","","commercial air mover carpet dryer stackable","Air movers →","8","819","34","false","BuyLink"
"/blog/best-commercial-lgr-dehumidifier-canada","dehumidifier","buzzskito-dehumidifier-20","true","buzzskito-dehumidifier-20","false","search","","pinless moisture meter drywall wood","Moisture meter →","9","821","34","false","BuyLink"
"/blog/best-commercial-steam-cleaner-canada","steamer","buzzskito-steamer-20","true","buzzskito-steamer-20","true","search","","dupray hill injection commercial steam cleaner","Continuous-fill commercial steam cleaner","1","101","4","sticky","StickyBuyBar"
"/blog/best-commercial-steam-cleaner-canada","steamer","buzzskito-steamer-20","true","buzzskito-steamer-20","true","search","","dupray hill injection commercial steam cleaner","Check price on Amazon.ca →","2","491","22","true","BuyLink"
"/blog/best-commercial-steam-cleaner-canada","steamer","buzzskito-steamer-20","true","buzzskito-steamer-20","true","search","","continuous fill commercial steam cleaner","Check price on Amazon.ca →","3","514","23","true","BuyLink"
"/blog/best-commercial-steam-cleaner-canada","steamer","buzzskito-steamer-20","true","buzzskito-steamer-20","true","search","","commercial steam cleaner with vacuum extraction","Check price on Amazon.ca →","4","537","24","true","BuyLink"
"/blog/best-commercial-steam-cleaner-canada","steamer","buzzskito-steamer-20","true","buzzskito-steamer-20","true","search","","commercial canister steam cleaner boiler","Check price on Amazon.ca →","5","562","25","true","BuyLink"
"/blog/best-commercial-steam-cleaner-canada","steamer","buzzskito-steamer-20","true","buzzskito-steamer-20","true","search","","dupray hill injection commercial steam cleaner","Continuous fill + injection →","6","842","37","false","BuyLink"
"/blog/best-commercial-steam-cleaner-canada","steamer","buzzskito-steamer-20","true","buzzskito-steamer-20","true","search","","continuous fill commercial steam cleaner","Continuous fill, no injection →","7","845","37","false","BuyLink"
"/blog/best-commercial-steam-cleaner-canada","steamer","buzzskito-steamer-20","true","buzzskito-steamer-20","true","search","","commercial steam cleaner with vacuum extraction","Steam + extraction →","8","849","37","false","BuyLink"
"/blog/best-commercial-steam-cleaner-canada","steamer","buzzskito-steamer-20","true","buzzskito-steamer-20","true","search","","commercial steam cleaner accessory kit brass brushes","Brass accessory kit →","9","851","37","false","BuyLink"
"/blog/best-cordless-fogger-canada","fogger","buzzskito-fogger-20","true","buzzskito-fogger-20","true","search","","cordless battery ulv fogger","Battery-powered cordless ULV fogger","1","90","4","sticky","StickyBuyBar"
"/blog/best-cordless-fogger-canada","fogger","buzzskito-fogger-20","true","buzzskito-fogger-20","true","search","","hudson cordless ulv fogger","Check price on Amazon.ca →","2","428","18","true","BuyLink"
"/blog/best-cordless-fogger-canada","fogger","buzzskito-fogger-20","true","buzzskito-fogger-20","true","search","","petratools battery backpack fogger","Check price on Amazon.ca →","3","452","19","true","BuyLink"
"/blog/best-cordless-fogger-canada","fogger","buzzskito-fogger-20","true","buzzskito-fogger-20","true","search","","cordless handheld ulv fogger","Check price on Amazon.ca →","4","475","20","true","BuyLink"
"/blog/best-cordless-fogger-canada","fogger","buzzskito-fogger-20","true","buzzskito-fogger-20","true","search","","rechargeable cordless disinfectant fogger","Check price on Amazon.ca →","5","498","21","true","BuyLink"
"/blog/best-cordless-fogger-canada","fogger","buzzskito-fogger-20","true","buzzskito-fogger-20","true","search","","hudson cordless ulv fogger","Cordless ULV (Hudson-style) →","6","825","34","false","BuyLink"
"/blog/best-cordless-fogger-canada","fogger","buzzskito-fogger-20","true","buzzskito-fogger-20","true","search","","petratools battery backpack fogger","Battery backpack →","7","828","34","false","BuyLink"
"/blog/best-cordless-fogger-canada","fogger","buzzskito-fogger-20","true","buzzskito-fogger-20","true","search","","cordless handheld ulv fogger","Cordless handheld →","8","830","34","false","BuyLink"
"/blog/best-cordless-fogger-canada","fogger","buzzskito-fogger-20","true","buzzskito-fogger-20","true","search","","rechargeable cordless disinfectant fogger","Budget battery fogger →","9","832","34","false","BuyLink"
"/blog/best-crawl-space-dehumidifier-canada","dehumidifier","buzzskito-dehumidifier-20","true","buzzskito-dehumidifier-20","true","dp_asin","B097JH2HDH","alorair crawl space dehumidifier with pump","Low-profile crawl space dehumidifier (HD55-class)","1","107","4","sticky","StickyBuyBar"
"/blog/best-crawl-space-dehumidifier-canada","dehumidifier","buzzskito-dehumidifier-20","true","buzzskito-dehumidifier-20","true","search","","crawl space vapor barrier 10 mil poly seam tape","Check price on Amazon.ca &rarr;","2","515","21","true","BuyLink"
"/blog/best-crawl-space-dehumidifier-canada","dehumidifier","buzzskito-dehumidifier-20","true","buzzskito-dehumidifier-20","true","search","","alorair crawl space dehumidifier with pump","Check price on Amazon.ca &rarr;","3","544","22","true","BuyLink"
"/blog/best-crawl-space-dehumidifier-canada","dehumidifier","buzzskito-dehumidifier-20","true","buzzskito-dehumidifier-20","true","search","","ducted crawl space dehumidifier 90 pint commercial","Check price on Amazon.ca &rarr;","4","571","23","true","BuyLink"
"/blog/best-crawl-space-dehumidifier-canada","dehumidifier","buzzskito-dehumidifier-20","true","buzzskito-dehumidifier-20","true","search","","condensate pump for dehumidifier continuous drain","Check price on Amazon.ca &rarr;","5","599","24","true","BuyLink"
"/blog/best-crawl-space-dehumidifier-canada","dehumidifier","buzzskito-dehumidifier-20","true","buzzskito-dehumidifier-20","true","search","","alorair crawl space dehumidifier with pump","Low-profile crawl space unit &rarr;","6","866","35","false","BuyLink"
"/blog/best-crawl-space-dehumidifier-canada","dehumidifier","buzzskito-dehumidifier-20","true","buzzskito-dehumidifier-20","true","search","","ducted crawl space dehumidifier 90 pint commercial","High-capacity ducted &rarr;","7","870","35","false","BuyLink"
"/blog/best-crawl-space-dehumidifier-canada","dehumidifier","buzzskito-dehumidifier-20","true","buzzskito-dehumidifier-20","true","search","","crawl space vapor barrier 10 mil poly seam tape","Vapour barrier poly &rarr;","8","872","35","false","BuyLink"
"/blog/best-crawl-space-dehumidifier-canada","dehumidifier","buzzskito-dehumidifier-20","true","buzzskito-dehumidifier-20","true","search","","condensate pump for dehumidifier continuous drain","Condensate pump &rarr;","9","875","35","false","BuyLink"
"/blog/best-deer-fence-for-gardens-canada","wildlife","buzzskito-wildlife-20","true","buzzskito-wildlife-20","false","search","","7 ft deer fence netting 100 ft roll","7 ft UV-stabilised poly deer netting","1","110","4","sticky","StickyBuyBar"
"/blog/best-deer-fence-for-gardens-canada","wildlife","buzzskito-wildlife-20","true","buzzskito-wildlife-20","false","search","","7 ft deer fence netting 100 ft roll","Check price on Amazon.ca →","2","596","23","true","BuyLink"
"/blog/best-deer-fence-for-gardens-canada","wildlife","buzzskito-wildlife-20","true","buzzskito-wildlife-20","false","search","","7 ft deer fence netting 100 ft roll","Check price on Amazon.ca →","3","964","37","false","BuyLink"
"/blog/best-deer-fence-for-gardens-canada","wildlife","buzzskito-wildlife-20","true","buzzskito-wildlife-20","false","search","","deer netting 330 ft bulk roll fence","Check price on Amazon.ca →","4","982","38","false","BuyLink"
"/blog/best-deer-fence-for-gardens-canada","wildlife","buzzskito-wildlife-20","true","buzzskito-wildlife-20","false","search","","welded wire deer fence metal roll","Check price on Amazon.ca →","5","998","39","false","BuyLink"
"/blog/best-deer-fence-for-gardens-canada","wildlife","buzzskito-wildlife-20","true","buzzskito-wildlife-20","false","search","","6 ft garden fence netting posts","Check price on Amazon.ca →","6","1019","40","false","BuyLink"
"/blog/best-deer-fence-for-gardens-canada","wildlife","buzzskito-wildlife-20","true","buzzskito-wildlife-20","false","search","","solar electric fence kit garden","Check price on Amazon.ca →","7","1041","40","false","BuyLink"
"/blog/best-deer-fence-for-gardens-canada","wildlife","buzzskito-wildlife-20","true","buzzskito-wildlife-20","false","search","","7 ft deer fence netting 100 ft roll","Check 7 ft deer netting on Amazon.ca →","8","1285","50","false","BuyLink"
"/blog/best-deer-fence-for-gardens-canada","wildlife","buzzskito-wildlife-20","true","buzzskito-wildlife-20","false","search","","fiberglass fence posts 8 ft deer fence line posts","Check 8&ndash;10 ft fence posts on Amazon.ca →","9","1501","58","false","BuyLink"
"/blog/best-deer-fence-for-gardens-canada","wildlife","buzzskito-wildlife-20","true","buzzskito-wildlife-20","false","search","","landscape staples ground stakes garden anchor pins","Check landscape staples and anchor pins on Amazon.ca →","10","1694","66","false","BuyLink"
"/blog/best-dehumidifier-for-basement-canada","dehumidifier","buzzskito-dehumidifier-20","true","buzzskito-dehumidifier-20","true","search","","homelabs 50 pint dehumidifier","hOmeLabs 50-Pint Energy Star Dehumidifier","1","92","4","sticky","StickyBuyBar"
"/blog/best-dehumidifier-for-basement-canada","dehumidifier","buzzskito-dehumidifier-20","true","buzzskito-dehumidifier-20","true","search","","homelabs 50 pint dehumidifier","hOmeLabs 50-pint →","2","620","29","false","BuyLink"
"/blog/best-dehumidifier-for-basement-canada","dehumidifier","buzzskito-dehumidifier-20","true","buzzskito-dehumidifier-20","true","search","","frigidaire dehumidifier 50 pint","Frigidaire high-capacity →","3","622","29","false","BuyLink"
"/blog/best-dehumidifier-for-basement-canada","dehumidifier","buzzskito-dehumidifier-20","true","buzzskito-dehumidifier-20","true","search","","midea cube dehumidifier","Midea Cube →","4","624","29","false","BuyLink"
"/blog/best-dehumidifier-for-basement-canada","dehumidifier","buzzskito-dehumidifier-20","true","buzzskito-dehumidifier-20","true","search","","search","Check price on Amazon.ca →","5","796","37","false","BuyLink"
"/blog/best-dehumidifier-for-cold-garage-canada","dehumidifier","buzzskito-dehumidifier-20","true","buzzskito-dehumidifier-20","false","search","","desiccant dehumidifier garage cold","Desiccant dehumidifier for cold garages","1","100","4","sticky","StickyBuyBar"
"/blog/best-dehumidifier-for-cold-garage-canada","dehumidifier","buzzskito-dehumidifier-20","true","buzzskito-dehumidifier-20","false","search","","dehumidifier auto defrost 50 pint continuous drain","Check price on Amazon.ca &rarr;","2","434","18","true","BuyLink"
"/blog/best-dehumidifier-for-cold-garage-canada","dehumidifier","buzzskito-dehumidifier-20","true","buzzskito-dehumidifier-20","false","search","","desiccant dehumidifier garage cold","Check price on Amazon.ca &rarr;","3","458","19","true","BuyLink"
"/blog/best-dehumidifier-for-cold-garage-canada","dehumidifier","buzzskito-dehumidifier-20","true","buzzskito-dehumidifier-20","false","search","","garage door bottom weather seal","Door seal &rarr;","4","486","20","true","BuyLink"
"/blog/best-dehumidifier-for-cold-garage-canada","dehumidifier","buzzskito-dehumidifier-20","true","buzzskito-dehumidifier-20","false","search","","digital hygrometer indoor humidity monitor","Check price on Amazon.ca &rarr;","5","510","21","true","BuyLink"
"/blog/best-dehumidifier-for-cold-garage-canada","dehumidifier","buzzskito-dehumidifier-20","true","buzzskito-dehumidifier-20","false","search","","desiccant dehumidifier garage cold","Desiccant (cold garage) &rarr;","6","820","34","false","BuyLink"
"/blog/best-dehumidifier-for-cold-garage-canada","dehumidifier","buzzskito-dehumidifier-20","true","buzzskito-dehumidifier-20","false","search","","dehumidifier auto defrost 50 pint continuous drain","Compressor + auto-defrost &rarr;","7","823","34","false","BuyLink"
"/blog/best-dehumidifier-for-cold-garage-canada","dehumidifier","buzzskito-dehumidifier-20","true","buzzskito-dehumidifier-20","false","search","","dehumidifier continuous drain hose kit","Drain hose kit &rarr;","8","825","34","false","BuyLink"
"/blog/best-dehumidifier-for-cold-garage-canada","dehumidifier","buzzskito-dehumidifier-20","true","buzzskito-dehumidifier-20","false","search","","digital hygrometer indoor humidity monitor","Hygrometer &rarr;","9","828","34","false","BuyLink"
"/blog/best-dehumidifier-for-mold-canada","dehumidifier","buzzskito-dehumidifier-20","true","buzzskito-dehumidifier-20","true","search","","frigidaire dehumidifier hygrostat continuous drain","Energy Star dehumidifier with hygrostat","1","97","5","sticky","StickyBuyBar"
"/blog/best-dehumidifier-for-mold-canada","dehumidifier","buzzskito-dehumidifier-20","true","buzzskito-dehumidifier-20","true","search","","frigidaire dehumidifier hygrostat continuous drain","Frigidaire","2","114","5","true","AmazonLink"
"/blog/best-dehumidifier-for-mold-canada","dehumidifier","buzzskito-dehumidifier-20","true","buzzskito-dehumidifier-20","true","search","","frigidaire dehumidifier hygrostat continuous drain","Check price on Amazon.ca →","3","281","13","true","BuyLink"
"/blog/best-dehumidifier-for-mold-canada","dehumidifier","buzzskito-dehumidifier-20","true","buzzskito-dehumidifier-20","true","search","","frigidaire dehumidifier hygrostat continuous drain","Check price on Amazon.ca →","4","436","20","true","BuyLink"
"/blog/best-dehumidifier-for-mold-canada","dehumidifier","buzzskito-dehumidifier-20","true","buzzskito-dehumidifier-20","true","search","","high capacity dehumidifier with pump 50 pint","Check price on Amazon.ca →","5","462","22","true","BuyLink"
"/blog/best-dehumidifier-for-mold-canada","dehumidifier","buzzskito-dehumidifier-20","true","buzzskito-dehumidifier-20","true","search","","midea dehumidifier humidistat energy star","Check price on Amazon.ca →","6","480","23","true","BuyLink"
"/blog/best-dehumidifier-for-mold-canada","dehumidifier","buzzskito-dehumidifier-20","true","buzzskito-dehumidifier-20","true","search","","compact dehumidifier energy star humidistat","Check price on Amazon.ca →","7","502","24","true","BuyLink"
"/blog/best-dehumidifier-for-mold-canada","dehumidifier","buzzskito-dehumidifier-20","true","buzzskito-dehumidifier-20","true","search","","frigidaire dehumidifier hygrostat continuous drain","Frigidaire (best overall) →","8","774","36","false","BuyLink"
"/blog/best-dehumidifier-for-mold-canada","dehumidifier","buzzskito-dehumidifier-20","true","buzzskito-dehumidifier-20","true","search","","midea dehumidifier humidistat energy star","Midea (best value) →","9","777","36","false","BuyLink"
"/blog/best-dehumidifier-for-mold-canada","dehumidifier","buzzskito-dehumidifier-20","true","buzzskito-dehumidifier-20","true","search","","high capacity dehumidifier with pump 50 pint","High-capacity + pump →","10","780","37","false","BuyLink"
"/blog/best-dehumidifier-for-mold-canada","dehumidifier","buzzskito-dehumidifier-20","true","buzzskito-dehumidifier-20","true","search","","compact dehumidifier energy star humidistat","Compact →","11","782","37","false","BuyLink"
"/blog/best-earwig-killer-canada","general","buzzskito-general-20","true","buzzskito-general-20","false","search","","safers insect killing diatomaceous earth","Safer's Diatomaceous Earth (PMRA-registered insect dust)","1","157","4","sticky","StickyBuyBar"
"/blog/best-earwig-killer-canada","general","buzzskito-general-20","true","buzzskito-general-20","false","search","","door sweep garage door bottom seal weatherstrip","Sweeps and seals &rarr;","2","542","13","true","BuyLink"
"/blog/best-earwig-killer-canada","general","buzzskito-general-20","true","buzzskito-general-20","false","search","","safers insect killing diatomaceous earth","Registered DE &rarr;","3","598","15","true","BuyLink"
"/blog/best-earwig-killer-canada","general","buzzskito-general-20","true","buzzskito-general-20","false","search","","doktor doom residual insecticide","Registered residual &rarr;","4","624","15","false","BuyLink"
"/blog/best-earwig-killer-canada","general","buzzskito-general-20","true","buzzskito-general-20","false","search","","downspout extension gutter guard","Drainage kit &rarr;","5","645","16","false","BuyLink"
"/blog/best-earwig-killer-canada","general","buzzskito-general-20","true","buzzskito-general-20","false","search","","insect glue board traps multi pack","Glue boards &rarr;","6","670","17","false","BuyLink"
"/blog/best-earwig-killer-canada","general","buzzskito-general-20","true","buzzskito-general-20","false","search","","safers insect killing diatomaceous earth","Safer&rsquo;s DE &rarr;","7","1432","36","false","BuyLink"
"/blog/best-earwig-killer-canada","general","buzzskito-general-20","true","buzzskito-general-20","false","search","","diatomaceous earth duster applicator","Bulb duster &rarr;","8","1434","36","false","BuyLink"
"/blog/best-earwig-killer-canada","general","buzzskito-general-20","true","buzzskito-general-20","false","search","","door sweep garage door bottom seal weatherstrip","Door sweeps &rarr;","9","1436","36","false","BuyLink"
"/blog/best-earwig-killer-canada","general","buzzskito-general-20","true","buzzskito-general-20","false","search","","insect glue board traps multi pack","Check glue board multi-packs on Amazon.ca &rarr;","10","1666","41","false","BuyLink"
"/blog/best-earwig-killer-canada","general","buzzskito-general-20","true","buzzskito-general-20","false","search","","safers insect killing diatomaceous earth","Check Safer&rsquo;s DE and duster kits on Amazon.ca &rarr;","11","2050","51","false","BuyLink"
"/blog/best-earwig-killer-canada","general","buzzskito-general-20","true","buzzskito-general-20","false","search","","doktor doom residual insecticide","Check Doktor Doom Residual on Amazon.ca &rarr;","12","2688","67","false","BuyLink"
"/blog/best-earwig-killer-canada","general","buzzskito-general-20","true","buzzskito-general-20","false","search","","exterior silicone caulk sealant","Check exterior-grade silicone and caulking guns on Amazon.ca &rarr;","13","3038","75","false","BuyLink"
"/blog/best-earwig-killer-canada","general","buzzskito-general-20","true","buzzskito-general-20","false","search","","basement dehumidifier","Check basement dehumidifiers on Amazon.ca &rarr;","14","3097","77","false","BuyLink"
"/blog/best-earwig-killer-canada","general","buzzskito-general-20","true","buzzskito-general-20","false","search","","downspout extension gutter guard","Check downspout extensions and gutter guards &rarr;","15","3102","77","false","BuyLink"
"/blog/best-earwig-killer-canada","general","buzzskito-general-20","true","buzzskito-general-20","false","search","","insecticidal soap garden spray","Check insecticidal soaps on Amazon.ca &rarr;","16","3516","87","false","BuyLink"
"/blog/best-electric-fence-for-raccoons-canada","wildlife","buzzskito-wildlife-20","true","buzzskito-wildlife-20","true","search","","zareba electric fence garden kit","Zareba raccoon garden electric fence kit","1","102","5","sticky","StickyBuyBar"
"/blog/best-electric-fence-for-raccoons-canada","wildlife","buzzskito-wildlife-20","true","buzzskito-wildlife-20","true","search","","zareba electric fence garden kit","Check price on Amazon.ca →","2","444","20","true","BuyLink"
"/blog/best-electric-fence-for-raccoons-canada","wildlife","buzzskito-wildlife-20","true","buzzskito-wildlife-20","true","search","","gallagher fence energizer","Check price on Amazon.ca →","3","467","21","true","BuyLink"
"/blog/best-electric-fence-for-raccoons-canada","wildlife","buzzskito-wildlife-20","true","buzzskito-wildlife-20","true","search","","solar electric fence energizer kit","Check price on Amazon.ca →","4","489","22","true","BuyLink"
"/blog/best-electric-fence-for-raccoons-canada","wildlife","buzzskito-wildlife-20","true","buzzskito-wildlife-20","true","search","","plug in electric fence charger low impedance","Check price on Amazon.ca →","5","509","23","true","BuyLink"
"/blog/best-electric-fence-for-raccoons-canada","wildlife","buzzskito-wildlife-20","true","buzzskito-wildlife-20","true","search","","zareba electric fence garden kit","Zareba garden kit →","6","822","37","false","BuyLink"
"/blog/best-electric-fence-for-raccoons-canada","wildlife","buzzskito-wildlife-20","true","buzzskito-wildlife-20","true","search","","gallagher fence energizer","Gallagher energizer →","7","825","37","false","BuyLink"
"/blog/best-electric-fence-for-raccoons-canada","wildlife","buzzskito-wildlife-20","true","buzzskito-wildlife-20","true","search","","solar electric fence energizer kit","Solar energizer →","8","827","37","false","BuyLink"
"/blog/best-electric-fence-for-raccoons-canada","wildlife","buzzskito-wildlife-20","true","buzzskito-wildlife-20","true","search","","galvanized ground rod electric fence","Ground rods →","9","829","38","false","BuyLink"
"/blog/best-flea-bomb-canada","general","buzzskito-general-20","true","buzzskito-general-20","false","search","","upright vacuum pet hair carpet sealed hepa","Pet-hair vacuum with a beater bar and sealed filtration","1","104","2","sticky","StickyBuyBar"
"/blog/best-flea-bomb-canada","general","buzzskito-general-20","true","buzzskito-general-20","false","search","","upright vacuum pet hair carpet sealed hepa","Check price on Amazon.ca →","2","971","21","false","BuyLink"
"/blog/best-flea-bomb-canada","general","buzzskito-general-20","true","buzzskito-general-20","false","search","","flea trap plug in","Check price on Amazon.ca →","3","1010","22","false","BuyLink"
"/blog/best-flea-bomb-canada","general","buzzskito-general-20","true","buzzskito-general-20","false","search","","upright vacuum pet hair carpet sealed hepa","Pet-hair vacuum →","4","1365","29","false","BuyLink"
"/blog/best-flea-bomb-canada","general","buzzskito-general-20","true","buzzskito-general-20","false","search","","flea trap plug in","Plug-in flea trap →","5","1367","29","false","BuyLink"
"/blog/best-flea-bomb-canada","general","buzzskito-general-20","true","buzzskito-general-20","false","search","","flea comb fine tooth","Check flea combs on Amazon.ca →","6","1510","32","false","BuyLink"
"/blog/best-flea-bomb-canada","general","buzzskito-general-20","true","buzzskito-general-20","false","search","","machine washable dog bed","Check washable pet beds on Amazon.ca →","7","3517","75","false","BuyLink"
"/blog/best-flea-bomb-canada","general","buzzskito-general-20","true","buzzskito-general-20","false","search","","steam cleaner carpet upholstery","Check steam cleaners on Amazon.ca →","8","3612","78","false","BuyLink"
"/blog/best-flea-bomb-canada","general","buzzskito-general-20","true","buzzskito-general-20","false","search","","safers insect killing diatomaceous earth","Safer&rsquo;s DE (PMRA-registered) →","9","3713","80","false","BuyLink"
"/blog/best-flea-bomb-canada","general","buzzskito-general-20","true","buzzskito-general-20","false","search","","diatomaceous earth duster applicator","Bulb duster →","10","3716","80","false","BuyLink"
"/blog/best-flea-bomb-canada","general","buzzskito-general-20","true","buzzskito-general-20","false","search","","upright vacuum pet hair carpet sealed hepa","Check pet-hair vacuums →","11","3718","80","false","BuyLink"
"/blog/best-flea-bomb-canada","general","buzzskito-general-20","true","buzzskito-general-20","false","search","","doktor doom total release fogger","Doktor Doom fogger →","12","4090","88","false","BuyLink"
"/blog/best-flea-bomb-canada","general","buzzskito-general-20","true","buzzskito-general-20","false","search","","konk total release fogger","Konk fogger →","13","4093","88","false","BuyLink"
"/blog/best-flea-bomb-canada","general","buzzskito-general-20","true","buzzskito-general-20","false","search","","galvanized hardware cloth mesh","Check hardware cloth on Amazon.ca →","14","4319","93","false","BuyLink"
"/blog/best-flea-spray-for-home-canada","general","buzzskito-general-20","true","buzzskito-general-20","false","search","","flea spray home carpet upholstery igr","Home flea spray with an IGR (carpet & upholstery)","1","89","2","sticky","StickyBuyBar"
"/blog/best-flea-spray-for-home-canada","general","buzzskito-general-20","true","buzzskito-general-20","false","search","","flea spray home carpet upholstery igr","Check price on Amazon.ca →","2","545","13","true","BuyLink"
"/blog/best-flea-spray-for-home-canada","general","buzzskito-general-20","true","buzzskito-general-20","false","search","","flea killer spray indoor carpet","Check price on Amazon.ca →","3","588","14","true","BuyLink"
"/blog/best-flea-spray-for-home-canada","general","buzzskito-general-20","true","buzzskito-general-20","false","search","","safers insect killing diatomaceous earth","Safer&rsquo;s DE →","4","714","17","false","BuyLink"
"/blog/best-flea-spray-for-home-canada","general","buzzskito-general-20","true","buzzskito-general-20","false","search","","flea spray home carpet upholstery igr","IGR home flea spray →","5","1222","29","false","BuyLink"
"/blog/best-flea-spray-for-home-canada","general","buzzskito-general-20","true","buzzskito-general-20","false","search","","plug in flea trap sticky refills","Plug-in flea trap →","6","1226","29","false","BuyLink"
"/blog/best-flea-spray-for-home-canada","general","buzzskito-general-20","true","buzzskito-general-20","false","search","","steam cleaner upholstery carpet dry vapour","Upholstery steamer →","7","1229","29","false","BuyLink"
"/blog/best-flea-spray-for-home-canada","general","buzzskito-general-20","true","buzzskito-general-20","false","search","","flea comb","check flea combs on Amazon.ca &rarr;","8","2123","51","false","BuyLink"
"/blog/best-flea-spray-for-home-canada","general","buzzskito-general-20","true","buzzskito-general-20","false","search","","washable pet bed removable cover","check washable pet beds on Amazon.ca &rarr;","9","2324","56","false","BuyLink"
"/blog/best-flea-spray-for-home-canada","general","buzzskito-general-20","true","buzzskito-general-20","false","search","","bagged hepa vacuum cleaner","check sealed-HEPA vacuums on Amazon.ca &rarr;","10","2529","61","false","BuyLink"
"/blog/best-fruit-fly-trap-canada","flies","buzzskito-flies-20","true","buzzskito-flies-20","true","search","","terro fruit fly trap","TERRO Fruit Fly Trap (2-pack, liquid lure)","1","91","1","sticky","StickyBuyBar"
"/blog/best-fruit-fly-trap-canada","flies","buzzskito-flies-20","true","buzzskito-flies-20","true","search","","terro fruit fly trap","TERRO Fruit Fly Trap","2","102","1","true","AmazonLink"
"/blog/best-fruit-fly-trap-canada","flies","buzzskito-flies-20","true","buzzskito-flies-20","true","search","","terro fruit fly trap","Check price on Amazon.ca →","3","276","4","true","BuyLink"
"/blog/best-fruit-fly-trap-canada","flies","buzzskito-flies-20","true","buzzskito-flies-20","true","search","","terro fruit fly trap","Check price on Amazon.ca →","4","474","7","true","BuyLink"
"/blog/best-fruit-fly-trap-canada","flies","buzzskito-flies-20","true","buzzskito-flies-20","true","search","","katchy indoor insect trap","Check price on Amazon.ca →","5","504","7","true","BuyLink"
"/blog/best-fruit-fly-trap-canada","flies","buzzskito-flies-20","true","buzzskito-flies-20","true","search","","zevo flying insect trap","Check price on Amazon.ca →","6","532","7","true","BuyLink"
"/blog/best-fruit-fly-trap-canada","flies","buzzskito-flies-20","true","buzzskito-flies-20","true","search","","fruit fly sticky trap","Check price on Amazon.ca →","7","559","8","true","BuyLink"
"/blog/best-fruit-fly-trap-canada","flies","buzzskito-flies-20","true","buzzskito-flies-20","true","search","","terro fruit fly trap","TERRO apple traps →","8","866","12","false","BuyLink"
"/blog/best-fruit-fly-trap-canada","flies","buzzskito-flies-20","true","buzzskito-flies-20","true","search","","katchy indoor insect trap","Katchy UV trap →","9","869","12","false","BuyLink"
"/blog/best-fruit-fly-trap-canada","flies","buzzskito-flies-20","true","buzzskito-flies-20","true","search","","zevo flying insect trap","Zevo plug-in →","10","872","12","false","BuyLink"
"/blog/best-fruit-fly-trap-canada","flies","buzzskito-flies-20","true","buzzskito-flies-20","true","search","","fruit fly sticky trap","Sticky ribbons →","11","874","12","false","BuyLink"
"/blog/best-fruit-fly-trap-canada","flies","buzzskito-flies-20","true","buzzskito-flies-20","true","search","","terro fruit fly trap","Check TERRO Fruit Fly Trap on Amazon.ca →","12","1086","15","false","BuyLink"
"/blog/best-fruit-fly-trap-canada","flies","buzzskito-flies-20","true","buzzskito-flies-20","true","search","","katchy indoor insect trap","Check Katchy on Amazon.ca →","13","1543","22","false","BuyLink"
"/blog/best-fruit-fly-trap-canada","flies","buzzskito-flies-20","true","buzzskito-flies-20","true","search","","zevo flying insect trap","Check Zevo plug-in on Amazon.ca →","14","1761","25","false","BuyLink"
"/blog/best-fruit-fly-trap-canada","flies","buzzskito-flies-20","true","buzzskito-flies-20","true","search","","fruit fly sticky trap","Check sticky ribbons on Amazon.ca →","15","1884","26","false","BuyLink"
"/blog/best-fruit-fly-trap-canada","flies","buzzskito-flies-20","true","buzzskito-flies-20","true","search","","terro fruit fly trap","Check price on Amazon.ca &rarr;","16","5337","75","false","BuyLink"
"/blog/best-fruit-fly-trap-canada","flies","buzzskito-flies-20","true","buzzskito-flies-20","true","search","","rescue fruit fly trap","Check price on Amazon.ca &rarr;","17","5366","75","false","BuyLink"
"/blog/best-fruit-fly-trap-canada","flies","buzzskito-flies-20","true","buzzskito-flies-20","true","search","","aunt fannies flypunch fruit fly trap","Check price on Amazon.ca &rarr;","18","5397","76","false","BuyLink"
"/blog/best-fruit-fly-trap-canada","flies","buzzskito-flies-20","true","buzzskito-flies-20","true","search","","beapco fruit fly trap","Check price on Amazon.ca &rarr;","19","5431","76","false","BuyLink"
"/blog/best-fruit-fly-trap-canada","flies","buzzskito-flies-20","true","buzzskito-flies-20","true","search","","hot shot fruit fly trap","Check price on Amazon.ca &rarr;","20","5455","76","false","BuyLink"
"/blog/best-fruit-fly-trap-canada","flies","buzzskito-flies-20","true","buzzskito-flies-20","true","search","","safer home indoor fly trap","Check price on Amazon.ca &rarr;","21","5488","77","false","BuyLink"
"/blog/best-fruit-fly-trap-canada","flies","buzzskito-flies-20","true","buzzskito-flies-20","true","search","","stem indoor fly trap","Check price on Amazon.ca &rarr;","22","5520","77","false","BuyLink"
"/blog/best-fruit-fly-trap-canada","flies","buzzskito-flies-20","true","buzzskito-flies-20","true","search","","fruit fly sticky trap","Check price on Amazon.ca &rarr;","23","5560","78","false","BuyLink"
"/blog/best-gas-backpack-fogger-canada","fogger","buzzskito-fogger-20","true","buzzskito-fogger-20","true","search","","solo backpack mist blower","Solo 451 gas backpack mist blower","1","91","4","sticky","StickyBuyBar"
"/blog/best-gas-backpack-fogger-canada","fogger","buzzskito-fogger-20","true","buzzskito-fogger-20","true","search","","solo 451 backpack mist blower","Check price on Amazon.ca →","2","470","21","true","BuyLink"
"/blog/best-gas-backpack-fogger-canada","fogger","buzzskito-fogger-20","true","buzzskito-fogger-20","true","search","","tomahawk backpack fogger mist duster","Check price on Amazon.ca →","3","494","22","true","BuyLink"
"/blog/best-gas-backpack-fogger-canada","fogger","buzzskito-fogger-20","true","buzzskito-fogger-20","true","search","","solo 423 mist blower duster","Check price on Amazon.ca →","4","515","23","true","BuyLink"
"/blog/best-gas-backpack-fogger-canada","fogger","buzzskito-fogger-20","true","buzzskito-fogger-20","true","search","","gas backpack mist blower","Check price on Amazon.ca →","5","537","24","true","BuyLink"
"/blog/best-gas-backpack-fogger-canada","fogger","buzzskito-fogger-20","true","buzzskito-fogger-20","true","search","","solo 451 backpack mist blower","Solo 451 mist blower →","6","872","39","false","BuyLink"
"/blog/best-gas-backpack-fogger-canada","fogger","buzzskito-fogger-20","true","buzzskito-fogger-20","true","search","","tomahawk backpack fogger mist duster","Tomahawk high-output →","7","875","39","false","BuyLink"
"/blog/best-gas-backpack-fogger-canada","fogger","buzzskito-fogger-20","true","buzzskito-fogger-20","true","search","","solo 423 mist blower duster","Solo 423 convertible →","8","877","39","false","BuyLink"
"/blog/best-gas-backpack-fogger-canada","fogger","buzzskito-fogger-20","true","buzzskito-fogger-20","true","search","","gas backpack mist blower","Budget gas backpack →","9","879","40","false","BuyLink"
"/blog/best-gazebo-with-mosquito-net-canada","mosquito","buzzskito-mosquito-20","true","buzzskito-mosquito-20","true","search","","screened gazebo mosquito netting 10x12","Soft-top screened gazebo (10×12, no-see-um mesh)","1","78","3","sticky","StickyBuyBar"
"/blog/best-gazebo-with-mosquito-net-canada","mosquito","buzzskito-mosquito-20","true","buzzskito-mosquito-20","true","search","","screened gazebo mosquito netting 10x12","Check price on Amazon.ca →","2","470","20","true","BuyLink"
"/blog/best-gazebo-with-mosquito-net-canada","mosquito","buzzskito-mosquito-20","true","buzzskito-mosquito-20","true","search","","hard top aluminum gazebo with mosquito netting","Check price on Amazon.ca →","3","497","21","true","BuyLink"
"/blog/best-gazebo-with-mosquito-net-canada","mosquito","buzzskito-mosquito-20","true","buzzskito-mosquito-20","true","search","","pop up gazebo with mosquito net 10x10","Check price on Amazon.ca →","4","523","22","true","BuyLink"
"/blog/best-gazebo-with-mosquito-net-canada","mosquito","buzzskito-mosquito-20","true","buzzskito-mosquito-20","true","search","","screened gazebo mosquito netting 10x12","Soft-top screened gazebo →","5","633","27","false","BuyLink"
"/blog/best-gazebo-with-mosquito-net-canada","mosquito","buzzskito-mosquito-20","true","buzzskito-mosquito-20","true","search","","hard top aluminum gazebo with mosquito netting","Hard-top gazebo →","6","636","27","false","BuyLink"
"/blog/best-gazebo-with-mosquito-net-canada","mosquito","buzzskito-mosquito-20","true","buzzskito-mosquito-20","true","search","","pop up gazebo with mosquito net 10x10","Pop-up screen gazebo →","7","638","27","false","BuyLink"
"/blog/best-gazebo-with-mosquito-net-canada","mosquito","buzzskito-mosquito-20","true","buzzskito-mosquito-20","true","search","","screened gazebo mosquito netting 10x12","Check soft-top screened gazebos on Amazon.ca →","8","855","36","false","BuyLink"
"/blog/best-gazebo-with-mosquito-net-canada","mosquito","buzzskito-mosquito-20","true","buzzskito-mosquito-20","true","search","","hard top aluminum gazebo with mosquito netting","Check hard-top gazebos on Amazon.ca →","9","1069","45","false","BuyLink"
"/blog/best-gazebo-with-mosquito-net-canada","mosquito","buzzskito-mosquito-20","true","buzzskito-mosquito-20","true","search","","large screened gazebo 12x14 mosquito netting","Check large screened gazebos on Amazon.ca →","10","1178","49","false","BuyLink"
"/blog/best-gazebo-with-mosquito-net-canada","mosquito","buzzskito-mosquito-20","true","buzzskito-mosquito-20","true","search","","pop up gazebo with mosquito net 10x10","Check pop-up screen gazebos on Amazon.ca →","11","1291","54","false","BuyLink"
"/blog/best-hepa-vacuum-for-bed-bugs-and-fleas-canada","bedbug","buzzskito-bedbug-20","true","buzzskito-bedbug-20","true","search","","sealed hepa bagged canister vacuum","Sealed-HEPA bagged canister vacuum","1","95","4","sticky","StickyBuyBar"
"/blog/best-hepa-vacuum-for-bed-bugs-and-fleas-canada","bedbug","buzzskito-bedbug-20","true","buzzskito-bedbug-20","true","search","","miele canister vacuum sealed hepa bagged","Check price on Amazon.ca →","2","464","17","true","BuyLink"
"/blog/best-hepa-vacuum-for-bed-bugs-and-fleas-canada","bedbug","buzzskito-bedbug-20","true","buzzskito-bedbug-20","true","search","","dyson cordless vacuum hepa","Check price on Amazon.ca →","3","487","18","true","BuyLink"
"/blog/best-hepa-vacuum-for-bed-bugs-and-fleas-canada","bedbug","buzzskito-bedbug-20","true","buzzskito-bedbug-20","true","search","","corded handheld hepa vacuum","Check price on Amazon.ca →","4","512","19","true","BuyLink"
"/blog/best-hepa-vacuum-for-bed-bugs-and-fleas-canada","bedbug","buzzskito-bedbug-20","true","buzzskito-bedbug-20","true","search","","bagged hepa canister vacuum","Check price on Amazon.ca →","5","537","20","true","BuyLink"
"/blog/best-hepa-vacuum-for-bed-bugs-and-fleas-canada","bedbug","buzzskito-bedbug-20","true","buzzskito-bedbug-20","true","search","","miele canister vacuum sealed hepa bagged","Sealed-HEPA canister →","6","805","30","false","BuyLink"
"/blog/best-hepa-vacuum-for-bed-bugs-and-fleas-canada","bedbug","buzzskito-bedbug-20","true","buzzskito-bedbug-20","true","search","","dyson cordless vacuum hepa","Cordless HEPA stick →","7","807","30","false","BuyLink"
"/blog/best-hepa-vacuum-for-bed-bugs-and-fleas-canada","bedbug","buzzskito-bedbug-20","true","buzzskito-bedbug-20","true","search","","corded handheld hepa vacuum","HEPA handheld →","8","810","30","false","BuyLink"
"/blog/best-hepa-vacuum-for-bed-bugs-and-fleas-canada","bedbug","buzzskito-bedbug-20","true","buzzskito-bedbug-20","true","search","","bagged hepa canister vacuum","Budget bagged canister →","9","812","30","false","BuyLink"
"/blog/best-indoor-fly-mosquito-trap-canada","mosquito","buzzskito-mosquito-20","true","buzzskito-mosquito-20","true","search","","katchy indoor insect trap uv fan","Katchy Indoor Insect Trap (UV + fan + glue board)","1","72","5","sticky","StickyBuyBar"
"/blog/best-indoor-fly-mosquito-trap-canada","mosquito","buzzskito-mosquito-20","true","buzzskito-mosquito-20","true","search","","katchy indoor insect trap uv fan","Check price on Amazon.ca &rarr;","2","356","23","true","BuyLink"
"/blog/best-indoor-fly-mosquito-trap-canada","mosquito","buzzskito-mosquito-20","true","buzzskito-mosquito-20","true","search","","dynatrap indoor insect trap dt160","Check price on Amazon.ca &rarr;","3","377","24","true","BuyLink"
"/blog/best-indoor-fly-mosquito-trap-canada","mosquito","buzzskito-mosquito-20","true","buzzskito-mosquito-20","true","search","","zevo flying insect trap plug in","Check price on Amazon.ca &rarr;","4","393","25","true","BuyLink"
"/blog/best-indoor-fly-mosquito-trap-canada","mosquito","buzzskito-mosquito-20","true","buzzskito-mosquito-20","true","search","","indoor fly trap uv light glue board plug in","Check price on Amazon.ca &rarr;","5","410","26","true","BuyLink"
"/blog/best-indoor-fly-mosquito-trap-canada","mosquito","buzzskito-mosquito-20","true","buzzskito-mosquito-20","true","search","","katchy indoor insect trap uv fan glue","Best-overall indoor trap on Amazon.ca &rarr;","6","1031","66","false","BuyLink"
"/blog/best-indoor-fly-mosquito-trap-canada","mosquito","buzzskito-mosquito-20","true","buzzskito-mosquito-20","true","search","","indoor insect trap glue board refills","Glue-board refills &rarr;","7","1036","66","false","BuyLink"
"/blog/best-indoor-fly-mosquito-trap-canada","mosquito","buzzskito-mosquito-20","true","buzzskito-mosquito-20","true","search","","window screen repair kit mesh spline","Check screen repair kits on Amazon.ca &rarr;","8","1383","88","false","BuyLink"
"/blog/best-indoor-fly-mosquito-trap-canada","mosquito","buzzskito-mosquito-20","true","buzzskito-mosquito-20","true","search","","mosquito bits bti granules","Check BTI granules on Amazon.ca &rarr;","9","1460","93","false","BuyLink"
"/blog/best-indoor-fly-mosquito-trap-canada","mosquito","buzzskito-mosquito-20","true","buzzskito-mosquito-20","true","search","","fruit fly trap indoor","Check fruit fly traps on Amazon.ca &rarr;","10","1531","98","false","BuyLink"
"/blog/best-large-capacity-dehumidifier-canada","dehumidifier","buzzskito-dehumidifier-20","true","buzzskito-dehumidifier-20","true","dp_asin","B0GL7Y575V","midea cube 50 pint dehumidifier","Large-capacity Energy Star basement dehumidifier","1","85","3","sticky","StickyBuyBar"
"/blog/best-large-capacity-dehumidifier-canada","dehumidifier","buzzskito-dehumidifier-20","true","buzzskito-dehumidifier-20","true","search","","midea cube 50 pint dehumidifier","Check price on Amazon.ca →","2","425","17","true","BuyLink"
"/blog/best-large-capacity-dehumidifier-canada","dehumidifier","buzzskito-dehumidifier-20","true","buzzskito-dehumidifier-20","true","search","","frigidaire dehumidifier with pump 50 pint","Check price on Amazon.ca →","3","454","18","true","BuyLink"
"/blog/best-large-capacity-dehumidifier-canada","dehumidifier","buzzskito-dehumidifier-20","true","buzzskito-dehumidifier-20","true","search","","waykar 50 pint dehumidifier basement","Check price on Amazon.ca →","4","477","19","true","BuyLink"
"/blog/best-large-capacity-dehumidifier-canada","dehumidifier","buzzskito-dehumidifier-20","true","buzzskito-dehumidifier-20","true","search","","desiccant dehumidifier crawlspace","Check price on Amazon.ca →","5","501","20","true","BuyLink"
"/blog/best-large-capacity-dehumidifier-canada","dehumidifier","buzzskito-dehumidifier-20","true","buzzskito-dehumidifier-20","true","search","","midea cube 50 pint dehumidifier","Energy Star flagship →","6","776","31","false","BuyLink"
"/blog/best-large-capacity-dehumidifier-canada","dehumidifier","buzzskito-dehumidifier-20","true","buzzskito-dehumidifier-20","true","search","","frigidaire dehumidifier with pump 50 pint","Built-in pump model →","7","779","31","false","BuyLink"
"/blog/best-large-capacity-dehumidifier-canada","dehumidifier","buzzskito-dehumidifier-20","true","buzzskito-dehumidifier-20","true","search","","waykar 50 pint dehumidifier basement","Value high-capacity →","8","782","31","false","BuyLink"
"/blog/best-large-capacity-dehumidifier-canada","dehumidifier","buzzskito-dehumidifier-20","true","buzzskito-dehumidifier-20","true","search","","desiccant dehumidifier crawlspace","Crawlspace desiccant →","9","784","31","false","BuyLink"
"/blog/best-live-animal-trap-canada","wildlife","buzzskito-wildlife-20","true","buzzskito-wildlife-20","true","search","","havahart live animal trap medium","Havahart medium 1-door live cage trap","1","92","4","sticky","StickyBuyBar"
"/blog/best-live-animal-trap-canada","wildlife","buzzskito-wildlife-20","true","buzzskito-wildlife-20","true","search","","havahart live animal trap medium","Check price on Amazon.ca →","2","678","31","false","BuyLink"
"/blog/best-live-animal-trap-canada","wildlife","buzzskito-wildlife-20","true","buzzskito-wildlife-20","true","search","","havahart live animal trap medium","Medium 1-door (groundhogs) →","3","1329","60","false","BuyLink"
"/blog/best-live-animal-trap-canada","wildlife","buzzskito-wildlife-20","true","buzzskito-wildlife-20","true","search","","havahart small live animal trap","Small 1-door (squirrels/rats) →","4","1332","60","false","BuyLink"
"/blog/best-live-animal-trap-canada","wildlife","buzzskito-wildlife-20","true","buzzskito-wildlife-20","true","search","","havahart two door live trap","Two-door (skittish species) →","5","1335","61","false","BuyLink"
"/blog/best-live-animal-trap-canada","wildlife","buzzskito-wildlife-20","true","buzzskito-wildlife-20","true","search","","search","Check price on Amazon.ca →","6","1590","72","false","BuyLink"
"/blog/best-magnetic-screen-door-canada","mosquito","buzzskito-mosquito-20","true","buzzskito-mosquito-20","false","search","","magnetic screen door heavy duty mesh","Heavy-duty magnetic screen door with a full magnet line","1","180","6","sticky","StickyBuyBar"
"/blog/best-magnetic-screen-door-canada","mosquito","buzzskito-mosquito-20","true","buzzskito-mosquito-20","false","search","","magnetic screen door heavy duty mesh","Heavy-duty curtain &rarr;","2","594","20","true","BuyLink"
"/blog/best-magnetic-screen-door-canada","mosquito","buzzskito-mosquito-20","true","buzzskito-mosquito-20","false","search","","magnetic screen door sliding patio door large","Slider size &rarr;","3","619","21","false","BuyLink"
"/blog/best-magnetic-screen-door-canada","mosquito","buzzskito-mosquito-20","true","buzzskito-mosquito-20","false","search","","no see um mesh screen door fine mesh","Fine mesh &rarr;","4","643","22","false","BuyLink"
"/blog/best-magnetic-screen-door-canada","mosquito","buzzskito-mosquito-20","true","buzzskito-mosquito-20","false","search","","window screen repair kit spline roller mesh","Repair kit &rarr;","5","670","23","false","BuyLink"
"/blog/best-magnetic-screen-door-canada","mosquito","buzzskito-mosquito-20","true","buzzskito-mosquito-20","false","search","","retractable screen door","Retractable &rarr;","6","697","24","false","BuyLink"
"/blog/best-magnetic-screen-door-canada","mosquito","buzzskito-mosquito-20","true","buzzskito-mosquito-20","false","search","","magnetic screen door heavy duty mesh","Heavy-duty curtain &rarr;","7","1072","37","false","BuyLink"
"/blog/best-magnetic-screen-door-canada","mosquito","buzzskito-mosquito-20","true","buzzskito-mosquito-20","false","search","","no see um mesh screen door fine mesh","No-see-um mesh &rarr;","8","1074","37","false","BuyLink"
"/blog/best-magnetic-screen-door-canada","mosquito","buzzskito-mosquito-20","true","buzzskito-mosquito-20","false","search","","window screen repair kit spline roller mesh","Screen repair kit &rarr;","9","1076","37","false","BuyLink"
"/blog/best-magnetic-screen-door-canada","mosquito","buzzskito-mosquito-20","true","buzzskito-mosquito-20","false","search","","magnetic screen door heavy duty mesh","Check heavy-duty magnetic screen doors on Amazon.ca &rarr;","10","1866","64","false","BuyLink"
"/blog/best-magnetic-screen-door-canada","mosquito","buzzskito-mosquito-20","true","buzzskito-mosquito-20","false","search","","window screen repair kit spline roller mesh","Check screen repair kits on Amazon.ca &rarr;","11","2319","79","false","BuyLink"
"/blog/best-mosquito-repellent-device-canada","mosquito","buzzskito-mosquito-20","true","buzzskito-mosquito-20","true","search","","thermacell patio shield","Thermacell Zone Repeller (E-Series / Patio Shield)","1","73","3","sticky","StickyBuyBar"
"/blog/best-mosquito-repellent-device-canada","mosquito","buzzskito-mosquito-20","true","buzzskito-mosquito-20","true","search","","thermacell patio shield","Thermacell zone repeller","2","85","4","true","AmazonLink"
"/blog/best-mosquito-repellent-device-canada","mosquito","buzzskito-mosquito-20","true","buzzskito-mosquito-20","true","search","","thermacell patio shield","Check price on Amazon.ca →","3","246","12","true","BuyLink"
"/blog/best-mosquito-repellent-device-canada","mosquito","buzzskito-mosquito-20","true","buzzskito-mosquito-20","true","search","","thermacell patio shield","Check price on Amazon.ca →","4","330","15","true","BuyLink"
"/blog/best-mosquito-repellent-device-canada","mosquito","buzzskito-mosquito-20","true","buzzskito-mosquito-20","true","search","","mosquito magnet patriot plus","Check price on Amazon.ca →","5","346","16","true","BuyLink"
"/blog/best-mosquito-repellent-device-canada","mosquito","buzzskito-mosquito-20","true","buzzskito-mosquito-20","true","search","","dynatrap insect trap","Check price on Amazon.ca →","6","363","17","true","BuyLink"
"/blog/best-mosquito-repellent-device-canada","mosquito","buzzskito-mosquito-20","true","buzzskito-mosquito-20","true","search","","propane mosquito fogger","Check price on Amazon.ca →","7","378","18","true","BuyLink"
"/blog/best-mosquito-repellent-device-canada","mosquito","buzzskito-mosquito-20","true","buzzskito-mosquito-20","true","search","","electric bug zapper outdoor","Check price on Amazon.ca →","8","393","18","true","BuyLink"
"/blog/best-mosquito-repellent-device-canada","mosquito","buzzskito-mosquito-20","true","buzzskito-mosquito-20","true","search","","thermacell patio shield","Thermacell on Amazon.ca →","9","552","26","true","BuyLink"
"/blog/best-mosquito-repellent-device-canada","mosquito","buzzskito-mosquito-20","true","buzzskito-mosquito-20","true","search","","mosquito magnet patriot plus","Propane CO₂ trap →","10","555","26","true","BuyLink"
"/blog/best-mosquito-repellent-device-canada","mosquito","buzzskito-mosquito-20","true","buzzskito-mosquito-20","true","search","","dynatrap insect trap","UV trap →","11","558","26","true","BuyLink"
"/blog/best-mosquito-repellent-device-canada","mosquito","buzzskito-mosquito-20","true","buzzskito-mosquito-20","true","search","","thermacell patio shield","Check Thermacell price on Amazon.ca →","12","798","37","false","BuyLink"
"/blog/best-mosquito-repellent-device-canada","mosquito","buzzskito-mosquito-20","true","buzzskito-mosquito-20","true","search","","thermacell refill mats","Refill mats &amp; fuel →","13","803","38","false","BuyLink"
"/blog/best-mosquito-repellent-device-canada","mosquito","buzzskito-mosquito-20","true","buzzskito-mosquito-20","true","search","","portable mosquito repeller camping","Check portable camping repellers on Amazon.ca →","14","865","40","false","BuyLink"
"/blog/best-mosquito-repellent-device-canada","mosquito","buzzskito-mosquito-20","true","buzzskito-mosquito-20","true","search","","mosquito magnet patriot plus","Check propane trap price on Amazon.ca →","15","995","47","false","BuyLink"
"/blog/best-mosquito-repellent-device-canada","mosquito","buzzskito-mosquito-20","true","buzzskito-mosquito-20","true","search","","dynatrap insect trap","Check UV trap price on Amazon.ca →","16","1112","52","false","BuyLink"
"/blog/best-mosquito-repellent-device-canada","mosquito","buzzskito-mosquito-20","true","buzzskito-mosquito-20","true","search","","octenol lure cartridge mosquito trap","Check octenol lure cartridges on Amazon.ca →","17","1190","56","false","BuyLink"
"/blog/best-mosquito-repellent-device-canada","mosquito","buzzskito-mosquito-20","true","buzzskito-mosquito-20","true","search","","propane mosquito fogger","Check fogger price on Amazon.ca →","18","1307","61","false","BuyLink"
"/blog/best-mosquito-repellent-device-canada","mosquito","buzzskito-mosquito-20","true","buzzskito-mosquito-20","true","search","","mosquito fogging insecticide","Check fogging insecticide on Amazon.ca →","19","1408","66","false","BuyLink"
"/blog/best-mosquito-repellent-device-canada","mosquito","buzzskito-mosquito-20","true","buzzskito-mosquito-20","true","search","","electric bug zapper outdoor","Check bug zapper price on Amazon.ca →","20","1503","70","false","BuyLink"
"/blog/best-mosquito-repellent-device-canada","mosquito","buzzskito-mosquito-20","true","buzzskito-mosquito-20","true","search","","thermacell patio shield","Repellent machine (Thermacell) →","21","1811","85","false","BuyLink"
"/blog/best-mosquito-repellent-device-canada","mosquito","buzzskito-mosquito-20","true","buzzskito-mosquito-20","true","search","","mosquito magnet patriot plus","Killer machine (propane CO₂ trap) →","22","1814","85","false","BuyLink"
"/blog/best-mosquito-trap","mosquito","buzzskito-mosquito-20","true","buzzskito-mosquito-20","true","dp_asin","B07QJY2NL1","mosquito magnet patriot plus","Mosquito Magnet Patriot Plus (propane CO₂ trap)","1","78","5","sticky","StickyBuyBar"
"/blog/best-mosquito-trap","mosquito","buzzskito-mosquito-20","true","buzzskito-mosquito-20","true","search","","mosquito magnet patriot plus","Check price on Amazon.ca →","2","220","14","true","BuyLink"
"/blog/best-mosquito-trap","mosquito","buzzskito-mosquito-20","true","buzzskito-mosquito-20","true","search","","mosquito magnet patriot plus","Check price on Amazon.ca →","3","367","23","true","BuyLink"
"/blog/best-mosquito-trap","mosquito","buzzskito-mosquito-20","true","buzzskito-mosquito-20","true","search","","biogents mosquitaire co2 trap","Check price on Amazon.ca →","4","390","24","true","BuyLink"
"/blog/best-mosquito-trap","mosquito","buzzskito-mosquito-20","true","buzzskito-mosquito-20","true","search","","dynatrap insect trap","Check price on Amazon.ca →","5","414","26","true","BuyLink"
"/blog/best-mosquito-trap","mosquito","buzzskito-mosquito-20","true","buzzskito-mosquito-20","true","search","","katchy indoor insect trap","Check price on Amazon.ca →","6","440","27","true","BuyLink"
"/blog/best-mosquito-trap","mosquito","buzzskito-mosquito-20","true","buzzskito-mosquito-20","true","search","","mosquito magnet patriot plus","Propane trap on Amazon.ca →","7","660","41","false","BuyLink"
"/blog/best-mosquito-trap","mosquito","buzzskito-mosquito-20","true","buzzskito-mosquito-20","true","search","","dynatrap insect trap","UV + fan trap →","8","664","41","false","BuyLink"
"/blog/best-mosquito-trap","mosquito","buzzskito-mosquito-20","true","buzzskito-mosquito-20","true","search","","katchy indoor insect trap","Indoor trap →","9","667","41","false","BuyLink"
"/blog/best-mosquito-trap-for-acreage-canada","mosquito","buzzskito-mosquito-20","true","buzzskito-mosquito-20","true","search","","mosquito magnet executive propane trap","Mosquito Magnet Executive (propane CO₂ trap)","1","88","4","sticky","StickyBuyBar"
"/blog/best-mosquito-trap-for-acreage-canada","mosquito","buzzskito-mosquito-20","true","buzzskito-mosquito-20","true","search","","mosquito magnet executive propane trap","Check price on Amazon.ca →","2","448","20","true","BuyLink"
"/blog/best-mosquito-trap-for-acreage-canada","mosquito","buzzskito-mosquito-20","true","buzzskito-mosquito-20","true","search","","flowtron mosquito power co2 trap","Check price on Amazon.ca →","3","466","21","true","BuyLink"
"/blog/best-mosquito-trap-for-acreage-canada","mosquito","buzzskito-mosquito-20","true","buzzskito-mosquito-20","true","search","","dynatrap xl dt3050 insect trap","Check price on Amazon.ca →","4","487","22","true","BuyLink"
"/blog/best-mosquito-trap-for-acreage-canada","mosquito","buzzskito-mosquito-20","true","buzzskito-mosquito-20","true","search","","mosquito magnet executive propane trap","Propane CO₂ trap →","5","800","36","false","BuyLink"
"/blog/best-mosquito-trap-for-acreage-canada","mosquito","buzzskito-mosquito-20","true","buzzskito-mosquito-20","true","search","","dynatrap xl dt3050 insect trap","DynaTrap XL →","6","803","36","false","BuyLink"
"/blog/best-mosquito-trap-for-acreage-canada","mosquito","buzzskito-mosquito-20","true","buzzskito-mosquito-20","true","search","","flowtron mosquito power co2 trap","CO₂ lure trap →","7","805","36","false","BuyLink"
"/blog/best-mosquito-trap-for-acreage-canada","mosquito","buzzskito-mosquito-20","true","buzzskito-mosquito-20","true","search","","mosquito trap octenol attractant refill","Check octenol attractant refills →","8","1098","49","false","BuyLink"
"/blog/best-mosquito-trap-for-acreage-canada","mosquito","buzzskito-mosquito-20","true","buzzskito-mosquito-20","true","search","","mosquito dunks bti larvicide","Check Bti dunks &amp; bits →","9","2080","93","false","BuyLink"
"/blog/best-mosquito-trap-for-acreage-canada","mosquito","buzzskito-mosquito-20","true","buzzskito-mosquito-20","true","search","","thermacell patio shield mosquito repeller","Check patio repellers &amp; refills →","10","2117","94","false","BuyLink"
"/blog/best-mouse-trap-canada","rodent","buzzskito-rodent-20","true","buzzskito-rodent-20","true","search","","victor mouse trap 4 pack","Victor M325 wood snap trap (4-pack)","1","74","4","sticky","StickyBuyBar"
"/blog/best-mouse-trap-canada","rodent","buzzskito-rodent-20","true","buzzskito-rodent-20","true","search","","victor mouse trap 4 pack","Victor M325 wood snap trap","2","87","4","true","AmazonLink"
"/blog/best-mouse-trap-canada","rodent","buzzskito-rodent-20","true","buzzskito-rodent-20","true","search","","victor mouse trap 4 pack","Check price on Amazon.ca →","3","259","13","true","BuyLink"
"/blog/best-mouse-trap-canada","rodent","buzzskito-rodent-20","true","buzzskito-rodent-20","true","search","","victor mouse trap 4 pack","Victor M325 snap traps →","4","606","29","false","BuyLink"
"/blog/best-mouse-trap-canada","rodent","buzzskito-rodent-20","true","buzzskito-rodent-20","true","search","","victor electronic mouse trap","Victor M250S electronic →","5","609","30","false","BuyLink"
"/blog/best-mouse-trap-canada","rodent","buzzskito-rodent-20","true","buzzskito-rodent-20","true","search","","humane mouse trap catch and release","Motel Mouse catch-and-release →","6","611","30","false","BuyLink"
"/blog/best-mouse-trap-canada","rodent","buzzskito-rodent-20","true","buzzskito-rodent-20","true","search","","victor mouse trap 4 pack","Check Victor M325 4-pack on Amazon.ca →","7","825","40","false","BuyLink"
"/blog/best-mouse-trap-canada","rodent","buzzskito-rodent-20","true","buzzskito-rodent-20","true","search","","victor electronic mouse trap","Check Victor M250S on Amazon.ca →","8","1010","49","false","BuyLink"
"/blog/best-mouse-trap-canada","rodent","buzzskito-rodent-20","true","buzzskito-rodent-20","true","search","","humane mouse trap catch and release","Check Motel Mouse on Amazon.ca →","9","1179","57","false","BuyLink"
"/blog/best-natural-bed-bug-spray-canada","bedbug","buzzskito-bedbug-20","true","buzzskito-bedbug-20","true","search","","ecoraider bed bug killer spray","EcoRaider plant-based bed bug killer","1","86","4","sticky","StickyBuyBar"
"/blog/best-natural-bed-bug-spray-canada","bedbug","buzzskito-bedbug-20","true","buzzskito-bedbug-20","true","search","","ecoraider bed bug killer spray","EcoRaider","2","177","7","true","AmazonLink"
"/blog/best-natural-bed-bug-spray-canada","bedbug","buzzskito-bedbug-20","true","buzzskito-bedbug-20","true","search","","ecoraider bed bug killer spray","Check price on Amazon.ca →","3","358","15","true","BuyLink"
"/blog/best-natural-bed-bug-spray-canada","bedbug","buzzskito-bedbug-20","true","buzzskito-bedbug-20","true","search","","ecoraider bed bug killer spray","Check price on Amazon.ca →","4","512","22","true","BuyLink"
"/blog/best-natural-bed-bug-spray-canada","bedbug","buzzskito-bedbug-20","true","buzzskito-bedbug-20","true","search","","proof bed bug dust mite spray","Check price on Amazon.ca →","5","532","22","true","BuyLink"
"/blog/best-natural-bed-bug-spray-canada","bedbug","buzzskito-bedbug-20","true","buzzskito-bedbug-20","true","search","","doktor doom bed bug spray","Check price on Amazon.ca →","6","551","23","true","BuyLink"
"/blog/best-natural-bed-bug-spray-canada","bedbug","buzzskito-bedbug-20","true","buzzskito-bedbug-20","true","search","","natural essential oil bed bug spray","Check price on Amazon.ca →","7","569","24","true","BuyLink"
"/blog/best-natural-bed-bug-spray-canada","bedbug","buzzskito-bedbug-20","true","buzzskito-bedbug-20","true","search","","ecoraider bed bug killer spray","EcoRaider →","8","828","35","false","BuyLink"
"/blog/best-natural-bed-bug-spray-canada","bedbug","buzzskito-bedbug-20","true","buzzskito-bedbug-20","true","search","","proof bed bug dust mite spray","Proof →","9","829","35","false","BuyLink"
"/blog/best-natural-bed-bug-spray-canada","bedbug","buzzskito-bedbug-20","true","buzzskito-bedbug-20","true","search","","doktor doom bed bug spray","Doktor Doom →","10","830","35","false","BuyLink"
"/blog/best-natural-bed-bug-spray-canada","bedbug","buzzskito-bedbug-20","true","buzzskito-bedbug-20","true","search","","natural essential oil bed bug spray","Budget botanical →","11","832","35","false","BuyLink"
"/blog/best-patio-heater-canada","general","buzzskito-general-20","true","buzzskito-general-20","false","search","","propane patio heater 48000 btu tower","48,000 BTU Propane Tower Patio Heater","1","81","4","sticky","StickyBuyBar"
"/blog/best-patio-heater-canada","general","buzzskito-general-20","true","buzzskito-general-20","false","search","","search","Check price on Amazon.ca &rarr;","2","423","19","true","BuyLink"
"/blog/best-patio-heater-canada","general","buzzskito-general-20","true","buzzskito-general-20","false","search","","propane patio heater 48000 btu tower","Check propane towers on Amazon.ca &rarr;","3","470","21","true","BuyLink"
"/blog/best-patio-heater-canada","general","buzzskito-general-20","true","buzzskito-general-20","false","search","","electric infrared patio heater wall mount","Check electric infrared heaters &rarr;","4","475","21","true","BuyLink"
"/blog/best-patio-heater-canada","general","buzzskito-general-20","true","buzzskito-general-20","false","search","","outdoor infrared heater remote control","Check remote-control infrared heaters &rarr;","5","945","42","false","BuyLink"
"/blog/best-patio-heater-canada","general","buzzskito-general-20","true","buzzskito-general-20","false","search","","tabletop propane patio heater","Check tabletop heaters &rarr;","6","949","43","false","BuyLink"
"/blog/best-patio-heater-canada","general","buzzskito-general-20","true","buzzskito-general-20","false","search","","patio heater base weight sand ballast","Check base ballast &amp; weights &rarr;","7","1452","65","false","BuyLink"
"/blog/best-patio-heater-canada","general","buzzskito-general-20","true","buzzskito-general-20","false","search","","propane hose regulator kit patio heater","Check hose &amp; regulator kits &rarr;","8","1456","65","false","BuyLink"
"/blog/best-patio-heater-canada","general","buzzskito-general-20","true","buzzskito-general-20","false","search","","20 lb propane tank","Check 20 lb propane tanks &rarr;","9","2037","91","false","BuyLink"
"/blog/best-patio-heater-canada","general","buzzskito-general-20","true","buzzskito-general-20","false","search","","propane tank gauge level indicator","Check tank level gauges &rarr;","10","2041","91","false","BuyLink"
"/blog/best-patio-heater-canada","general","buzzskito-general-20","true","buzzskito-general-20","false","search","","patio heater wheel base kit","Check wheel base kits &rarr;","11","2045","92","false","BuyLink"
"/blog/best-pest-control-equipment-canada","general","buzzskito-general-20","true","buzzskito-general-20","true","search","","battery backpack sprayer","Battery backpack sprayer (the DIY workhorse)","1","91","4","sticky","StickyBuyBar"
"/blog/best-pest-control-equipment-canada","general","buzzskito-general-20","true","buzzskito-general-20","true","search","","battery backpack sprayer","Check price on Amazon.ca →","2","450","19","true","BuyLink"
"/blog/best-pest-control-equipment-canada","general","buzzskito-general-20","true","buzzskito-general-20","true","search","","thermal fogger pest control","Check price on Amazon.ca →","3","471","20","true","BuyLink"
"/blog/best-pest-control-equipment-canada","general","buzzskito-general-20","true","buzzskito-general-20","true","search","","ulv cold fogger","Check price on Amazon.ca →","4","493","21","true","BuyLink"
"/blog/best-pest-control-equipment-canada","general","buzzskito-general-20","true","buzzskito-general-20","true","search","","bed bug heat chamber","Check price on Amazon.ca →","5","514","22","true","BuyLink"
"/blog/best-pest-control-equipment-canada","general","buzzskito-general-20","true","buzzskito-general-20","true","search","","commercial steam cleaner pest control","Check price on Amazon.ca →","6","533","23","true","BuyLink"
"/blog/best-pest-control-equipment-canada","general","buzzskito-general-20","true","buzzskito-general-20","true","search","","sealed hepa air purifier","Check price on Amazon.ca →","7","555","24","true","BuyLink"
"/blog/best-pest-control-equipment-canada","general","buzzskito-general-20","true","buzzskito-general-20","true","search","","basement dehumidifier","Check price on Amazon.ca →","8","573","25","true","BuyLink"
"/blog/best-pest-control-equipment-canada","general","buzzskito-general-20","true","buzzskito-general-20","true","search","","battery backpack sprayer","Backpack sprayer →","9","870","37","false","BuyLink"
"/blog/best-pest-control-equipment-canada","general","buzzskito-general-20","true","buzzskito-general-20","true","search","","ulv cold fogger","ULV fogger →","10","872","38","false","BuyLink"
"/blog/best-pest-control-equipment-canada","general","buzzskito-general-20","true","buzzskito-general-20","true","search","","bed bug heat chamber","Heat chamber →","11","874","38","false","BuyLink"
"/blog/best-pest-control-equipment-canada","general","buzzskito-general-20","true","buzzskito-general-20","true","search","","sealed hepa air purifier","Air purifier →","12","876","38","false","BuyLink"
"/blog/best-professional-mosquito-trap-canada","mosquito","buzzskito-mosquito-20","true","buzzskito-mosquito-20","true","search","","mosquito magnet pro commercial trap","Mosquito Magnet Pro (commercial propane CO₂ trap)","1","95","4","sticky","StickyBuyBar"
"/blog/best-professional-mosquito-trap-canada","mosquito","buzzskito-mosquito-20","true","buzzskito-mosquito-20","true","search","","mosquito magnet pro commercial trap","Check price on Amazon.ca →","2","457","17","true","BuyLink"
"/blog/best-professional-mosquito-trap-canada","mosquito","buzzskito-mosquito-20","true","buzzskito-mosquito-20","true","search","","mosquito larvicide station","Check price on Amazon.ca →","3","482","18","true","BuyLink"
"/blog/best-professional-mosquito-trap-canada","mosquito","buzzskito-mosquito-20","true","buzzskito-mosquito-20","true","search","","co2 octenol mosquito lure trap","Check price on Amazon.ca →","4","506","19","true","BuyLink"
"/blog/best-professional-mosquito-trap-canada","mosquito","buzzskito-mosquito-20","true","buzzskito-mosquito-20","true","search","","dynatrap insect trap","Check price on Amazon.ca →","5","534","20","true","BuyLink"
"/blog/best-professional-mosquito-trap-canada","mosquito","buzzskito-mosquito-20","true","buzzskito-mosquito-20","true","search","","mosquito magnet pro commercial trap","Commercial propane trap →","6","635","23","false","BuyLink"
"/blog/best-professional-mosquito-trap-canada","mosquito","buzzskito-mosquito-20","true","buzzskito-mosquito-20","true","search","","mosquito larvicide station","Larvicide station →","7","638","24","false","BuyLink"
"/blog/best-professional-mosquito-trap-canada","mosquito","buzzskito-mosquito-20","true","buzzskito-mosquito-20","true","search","","co2 octenol mosquito lure trap","Prosumer CO₂ lure →","8","640","24","false","BuyLink"
"/blog/best-professional-mosquito-trap-canada","mosquito","buzzskito-mosquito-20","true","buzzskito-mosquito-20","true","search","","mosquito trap octenol attractant refill","Check trap attractant refills &amp; nets on Amazon.ca &rarr;","9","2256","83","false","BuyLink"
"/blog/best-professional-mosquito-trap-canada","mosquito","buzzskito-mosquito-20","true","buzzskito-mosquito-20","true","search","","bti mosquito dunks granules","Check Bti dunks &amp; granules on Amazon.ca &rarr;","10","2557","95","false","BuyLink"
"/blog/best-professional-mosquito-trap-canada","mosquito","buzzskito-mosquito-20","true","buzzskito-mosquito-20","true","search","","thermacell patio mosquito repeller","Check patio zone repellers on Amazon.ca &rarr;","11","2644","98","false","BuyLink"
"/blog/best-pump-pressure-sprayer-canada","sprayer","buzzskito-sprayer-20","true","buzzskito-sprayer-20","true","search","","chapin viton pump sprayer 2 gallon","Viton-sealed hand-pump tank sprayer (Chapin / Solo)","1","89","4","sticky","StickyBuyBar"
"/blog/best-pump-pressure-sprayer-canada","sprayer","buzzskito-sprayer-20","true","buzzskito-sprayer-20","true","search","","handheld pump sprayer 1 litre","Check price on Amazon.ca →","2","482","22","true","BuyLink"
"/blog/best-pump-pressure-sprayer-canada","sprayer","buzzskito-sprayer-20","true","buzzskito-sprayer-20","true","search","","chapin 1 gallon viton pump sprayer","Check price on Amazon.ca →","3","503","23","true","BuyLink"
"/blog/best-pump-pressure-sprayer-canada","sprayer","buzzskito-sprayer-20","true","buzzskito-sprayer-20","true","search","","chapin 2 gallon viton pump sprayer","Check price on Amazon.ca →","4","524","24","true","BuyLink"
"/blog/best-pump-pressure-sprayer-canada","sprayer","buzzskito-sprayer-20","true","buzzskito-sprayer-20","true","search","","backpack sprayer 4 gallon viton","Check price on Amazon.ca →","5","544","24","true","BuyLink"
"/blog/best-pump-pressure-sprayer-canada","sprayer","buzzskito-sprayer-20","true","buzzskito-sprayer-20","true","search","","chapin 2 gallon viton pump sprayer","Chapin 2-gallon (Viton) →","6","826","37","false","BuyLink"
"/blog/best-pump-pressure-sprayer-canada","sprayer","buzzskito-sprayer-20","true","buzzskito-sprayer-20","true","search","","solo viton pump sprayer","Solo hand-pump →","7","829","37","false","BuyLink"
"/blog/best-pump-pressure-sprayer-canada","sprayer","buzzskito-sprayer-20","true","buzzskito-sprayer-20","true","search","","handheld pump sprayer 1 litre","Handheld sprayer →","8","831","37","false","BuyLink"
"/blog/best-pump-pressure-sprayer-canada","sprayer","buzzskito-sprayer-20","true","buzzskito-sprayer-20","true","search","","backpack sprayer 4 gallon viton","4-gallon backpack →","9","833","38","false","BuyLink"
"/blog/best-raccoon-live-trap-canada","wildlife","buzzskito-wildlife-20","true","buzzskito-wildlife-20","true","dp_asin","B00004RAMT","havahart xl one door live trap raccoon","Havahart X-Large one-door live trap","1","96","4","sticky","StickyBuyBar"
"/blog/best-raccoon-live-trap-canada","wildlife","buzzskito-wildlife-20","true","buzzskito-wildlife-20","true","search","","havahart xl one door live trap raccoon","Check price on Amazon.ca →","2","426","17","true","BuyLink"
"/blog/best-raccoon-live-trap-canada","wildlife","buzzskito-wildlife-20","true","buzzskito-wildlife-20","true","search","","duke heavy duty large cage trap raccoon","Check price on Amazon.ca →","3","452","18","true","BuyLink"
"/blog/best-raccoon-live-trap-canada","wildlife","buzzskito-wildlife-20","true","buzzskito-wildlife-20","true","search","","havahart two door large live trap raccoon","Check price on Amazon.ca →","4","476","19","true","BuyLink"
"/blog/best-raccoon-live-trap-canada","wildlife","buzzskito-wildlife-20","true","buzzskito-wildlife-20","true","search","","tomahawk rigid professional live trap raccoon","Check price on Amazon.ca →","5","498","19","true","BuyLink"
"/blog/best-raccoon-live-trap-canada","wildlife","buzzskito-wildlife-20","true","buzzskito-wildlife-20","true","search","","large collapsible steel live cage trap raccoon","Check price on Amazon.ca →","6","518","20","true","BuyLink"
"/blog/best-raccoon-live-trap-canada","wildlife","buzzskito-wildlife-20","true","buzzskito-wildlife-20","true","search","","havahart xl one door live trap raccoon","XL single-door →","7","842","33","false","BuyLink"
"/blog/best-raccoon-live-trap-canada","wildlife","buzzskito-wildlife-20","true","buzzskito-wildlife-20","true","search","","duke heavy duty large cage trap raccoon","Heavy-duty value →","8","844","33","false","BuyLink"
"/blog/best-raccoon-live-trap-canada","wildlife","buzzskito-wildlife-20","true","buzzskito-wildlife-20","true","search","","havahart two door large live trap raccoon","Large two-door →","9","846","33","false","BuyLink"
"/blog/best-raccoon-live-trap-canada","wildlife","buzzskito-wildlife-20","true","buzzskito-wildlife-20","true","search","","tomahawk rigid professional live trap raccoon","Professional rigid →","10","848","33","false","BuyLink"
"/blog/best-raccoon-proof-roof-vent-covers-canada","wildlife","buzzskito-wildlife-20","true","buzzskito-wildlife-20","false","search","","roof vent guard galvanized steel animal","Galvanized steel roof vent guard","1","101","4","sticky","StickyBuyBar"
"/blog/best-raccoon-proof-roof-vent-covers-canada","wildlife","buzzskito-wildlife-20","true","buzzskito-wildlife-20","false","search","","roof vent guard galvanized steel animal","Steel roof vent guards &rarr;","2","585","24","true","BuyLink"
"/blog/best-raccoon-proof-roof-vent-covers-canada","wildlife","buzzskito-wildlife-20","true","buzzskito-wildlife-20","false","search","","galvanized hardware cloth 1/2 inch 19 gauge","Half-inch hardware cloth &rarr;","3","589","25","true","BuyLink"
"/blog/best-raccoon-proof-roof-vent-covers-canada","wildlife","buzzskito-wildlife-20","true","buzzskito-wildlife-20","false","search","","soffit vent cover metal mesh gable","Soffit &amp; gable guards &rarr;","4","592","25","true","BuyLink"
"/blog/best-raccoon-proof-roof-vent-covers-canada","wildlife","buzzskito-wildlife-20","true","buzzskito-wildlife-20","false","search","","stainless steel roofing screws neoprene washer hex head","Stainless roofing screws &rarr;","5","595","25","true","BuyLink"
"/blog/best-raccoon-proof-roof-vent-covers-canada","wildlife","buzzskito-wildlife-20","true","buzzskito-wildlife-20","false","search","","galvanized hardware cloth 1/2 inch 19 gauge","Check half-inch hardware cloth on Amazon.ca &rarr;","6","1051","44","false","BuyLink"
"/blog/best-raccoon-proof-roof-vent-covers-canada","wildlife","buzzskito-wildlife-20","true","buzzskito-wildlife-20","false","search","","soffit vent cover metal mesh gable","Check soffit and gable vent guards on Amazon.ca &rarr;","7","1779","74","false","BuyLink"
"/blog/best-rat-trap-canada","rodent","buzzskito-rodent-20","true","buzzskito-rodent-20","true","search","","victor rat trap","Victor Metal Pedal Rat Snap Trap","1","80","1","sticky","StickyBuyBar"
"/blog/best-rat-trap-canada","rodent","buzzskito-rodent-20","true","buzzskito-rodent-20","true","search","","victor rat trap","Victor Metal Pedal rat snap trap","2","93","1","true","AmazonLink"
"/blog/best-rat-trap-canada","rodent","buzzskito-rodent-20","true","buzzskito-rodent-20","true","search","","victor rat trap","Check price on Amazon.ca →","3","265","4","true","BuyLink"
"/blog/best-rat-trap-canada","rodent","buzzskito-rodent-20","true","buzzskito-rodent-20","true","search","","victor rat trap","Victor rat snap trap →","4","528","7","true","BuyLink"
"/blog/best-rat-trap-canada","rodent","buzzskito-rodent-20","true","buzzskito-rodent-20","true","search","","victor electronic rat trap","Victor electronic rat trap →","5","532","7","true","BuyLink"
"/blog/best-rat-trap-canada","rodent","buzzskito-rodent-20","true","buzzskito-rodent-20","true","search","","tomcat rat snap trap","Tomcat rat snap trap →","6","536","7","true","BuyLink"
"/blog/best-rat-trap-canada","rodent","buzzskito-rodent-20","true","buzzskito-rodent-20","true","search","","victor rat trap","Check Victor rat trap on Amazon.ca →","7","7221","99","false","BuyLink"
"/blog/best-rat-trap-canada","rodent","buzzskito-rodent-20","true","buzzskito-rodent-20","true","search","","victor electronic rat trap","Check Victor electronic rat trap →","8","7227","99","false","BuyLink"
"/blog/best-roach-traps-canada","roach","buzzskito-roach-20","true","buzzskito-roach-20","false","search","","combat roach killing bait stations","Combat Roach Killing Bait Stations (check the PCP number)","1","132","3","sticky","StickyBuyBar"
"/blog/best-roach-traps-canada","roach","buzzskito-roach-20","true","buzzskito-roach-20","false","search","","cockroach glue traps sticky boards","Glue boards &rarr;","2","517","13","true","BuyLink"
"/blog/best-roach-traps-canada","roach","buzzskito-roach-20","true","buzzskito-roach-20","false","search","","combat roach killing bait stations","Bait stations &rarr;","3","545","14","true","BuyLink"
"/blog/best-roach-traps-canada","roach","buzzskito-roach-20","true","buzzskito-roach-20","false","search","","cockroach glue traps sticky boards","Glue boards &rarr;","4","568","14","true","BuyLink"
"/blog/best-roach-traps-canada","roach","buzzskito-roach-20","true","buzzskito-roach-20","false","search","","roach motel glue trap","Covered traps &rarr;","5","598","15","true","BuyLink"
"/blog/best-roach-traps-canada","roach","buzzskito-roach-20","true","buzzskito-roach-20","false","search","","door sweep under door draft stopper","Door sweep &rarr;","6","624","16","false","BuyLink"
"/blog/best-roach-traps-canada","roach","buzzskito-roach-20","true","buzzskito-roach-20","false","search","","combat roach killing bait stations","Check price on Amazon.ca →","7","954","24","false","BuyLink"
"/blog/best-roach-traps-canada","roach","buzzskito-roach-20","true","buzzskito-roach-20","false","search","","cockroach glue traps sticky boards","Check price on Amazon.ca →","8","985","25","false","BuyLink"
"/blog/best-roach-traps-canada","roach","buzzskito-roach-20","true","buzzskito-roach-20","false","search","","roach motel glue trap","Check price on Amazon.ca →","9","1018","26","false","BuyLink"
"/blog/best-roach-traps-canada","roach","buzzskito-roach-20","true","buzzskito-roach-20","false","search","","combat roach killing bait stations","Combat bait stations →","10","1426","36","false","BuyLink"
"/blog/best-roach-traps-canada","roach","buzzskito-roach-20","true","buzzskito-roach-20","false","search","","cockroach glue traps sticky boards","Glue-board monitors →","11","1429","36","false","BuyLink"
"/blog/best-roach-traps-canada","roach","buzzskito-roach-20","true","buzzskito-roach-20","false","search","","roach motel glue trap","Covered glue traps →","12","1431","36","false","BuyLink"
"/blog/best-roach-traps-canada","roach","buzzskito-roach-20","true","buzzskito-roach-20","false","search","","cockroach glue traps sticky boards","Check glue-board multi-packs on Amazon.ca →","13","1878","47","false","BuyLink"
"/blog/best-roach-traps-canada","roach","buzzskito-roach-20","true","buzzskito-roach-20","false","search","","combat roach killing bait stations","Check Combat bait stations on Amazon.ca →","14","2642","67","false","BuyLink"
"/blog/best-roach-traps-canada","roach","buzzskito-roach-20","true","buzzskito-roach-20","false","search","","roach motel glue trap","Check covered glue traps on Amazon.ca →","15","2877","73","false","BuyLink"
"/blog/best-rodent-repellent-for-cars-canada","rodent","buzzskito-rodent-20","true","buzzskito-rodent-20","true","search","","rodent deterrent tape capsaicin","Capsaicin rodent deterrent tape (Honda-style)","1","81","3","sticky","StickyBuyBar"
"/blog/best-rodent-repellent-for-cars-canada","rodent","buzzskito-rodent-20","true","buzzskito-rodent-20","true","search","","rodent deterrent tape capsaicin","Check price on Amazon.ca →","2","483","17","true","BuyLink"
"/blog/best-rodent-repellent-for-cars-canada","rodent","buzzskito-rodent-20","true","buzzskito-rodent-20","true","search","","under hood rodent repeller battery","Check price on Amazon.ca →","3","524","18","true","BuyLink"
"/blog/best-rodent-repellent-for-cars-canada","rodent","buzzskito-rodent-20","true","buzzskito-rodent-20","true","search","","peppermint oil rodent repellent pouches","Check price on Amazon.ca →","4","550","19","true","BuyLink"
"/blog/best-rodent-repellent-for-cars-canada","rodent","buzzskito-rodent-20","true","buzzskito-rodent-20","true","search","","victor mouse trap 4 pack","Check price on Amazon.ca →","5","589","20","true","BuyLink"
"/blog/best-rodent-repellent-for-cars-canada","rodent","buzzskito-rodent-20","true","buzzskito-rodent-20","true","search","","rodent deterrent tape capsaicin","Capsaicin deterrent tape →","6","931","32","false","BuyLink"
"/blog/best-rodent-repellent-for-cars-canada","rodent","buzzskito-rodent-20","true","buzzskito-rodent-20","true","search","","under hood rodent repeller battery","Under-hood strobe unit →","7","934","32","false","BuyLink"
"/blog/best-rodent-repellent-for-cars-canada","rodent","buzzskito-rodent-20","true","buzzskito-rodent-20","true","search","","peppermint oil rodent repellent pouches","Peppermint pouches →","8","937","32","false","BuyLink"
"/blog/best-rodent-repellent-for-cars-canada","rodent","buzzskito-rodent-20","true","buzzskito-rodent-20","true","search","","victor mouse trap 4 pack","Victor snap traps →","9","939","32","false","BuyLink"
"/blog/best-rodent-repellent-for-cars-canada","rodent","buzzskito-rodent-20","true","buzzskito-rodent-20","true","search","","rodent deterrent tape capsaicin","Check capsaicin deterrent tape on Amazon.ca →","10","1410","49","false","BuyLink"
"/blog/best-rodent-repellent-for-cars-canada","rodent","buzzskito-rodent-20","true","buzzskito-rodent-20","true","search","","under hood rodent repeller battery","Check under-hood strobe units on Amazon.ca →","11","1676","58","false","BuyLink"
"/blog/best-rodent-repellent-for-cars-canada","rodent","buzzskito-rodent-20","true","buzzskito-rodent-20","true","search","","peppermint oil rodent repellent pouches","Check peppermint pouches on Amazon.ca →","12","1876","65","false","BuyLink"
"/blog/best-rodent-repellent-for-cars-canada","rodent","buzzskito-rodent-20","true","buzzskito-rodent-20","true","search","","victor mouse trap 4 pack","Check Victor snap traps on Amazon.ca →","13","2106","73","false","BuyLink"
"/blog/best-screen-tent-canada","general","buzzskito-general-20","true","buzzskito-general-20","true","search","","clam quick set escape screen shelter","Clam Quick-Set Escape Hub Shelter","1","78","2","sticky","StickyBuyBar"
"/blog/best-screen-tent-canada","general","buzzskito-general-20","true","buzzskito-general-20","true","search","","clam quick set escape screen shelter","Clam Quick-Set Escape","2","92","2","true","AmazonLink"
"/blog/best-screen-tent-canada","general","buzzskito-general-20","true","buzzskito-general-20","true","search","","clam quick set escape screen shelter","Check price on Amazon.ca →","3","303","8","true","BuyLink"
"/blog/best-screen-tent-canada","general","buzzskito-general-20","true","buzzskito-general-20","true","search","","search","Check price on Amazon.ca →","4","474","12","true","BuyLink"
"/blog/best-screen-tent-canada","general","buzzskito-general-20","true","buzzskito-general-20","true","search","","clam quick set escape screen shelter","Check the Clam Quick-Set on Amazon.ca &rarr;","5","530","14","true","BuyLink"
"/blog/best-screen-tent-canada","general","buzzskito-general-20","true","buzzskito-general-20","true","search","","coleman instant screen house 11x11","Check the Coleman 11x11 &rarr;","6","536","14","true","BuyLink"
"/blog/best-screen-tent-canada","general","buzzskito-general-20","true","buzzskito-general-20","true","search","","clam quick set escape screen shelter","Check the Clam Quick-Set on Amazon.ca &rarr;","7","1238","32","false","BuyLink"
"/blog/best-screen-tent-canada","general","buzzskito-general-20","true","buzzskito-general-20","true","search","","gazelle g6 pop up portable gazebo screen tent","Check the Gazelle G6 &rarr;","8","1244","32","false","BuyLink"
"/blog/best-screen-tent-canada","general","buzzskito-general-20","true","buzzskito-general-20","true","search","","coleman instant screen house 11x11","Check price on Amazon.ca &rarr;","9","1428","37","false","BuyLink"
"/blog/best-screen-tent-canada","general","buzzskito-general-20","true","buzzskito-general-20","true","search","","coleman skylodge 15x13 screenhouse","Check price on Amazon.ca &rarr;","10","1558","40","false","BuyLink"
"/blog/best-screen-tent-canada","general","buzzskito-general-20","true","buzzskito-general-20","true","search","","coleman back home screen house 12x10","Check price on Amazon.ca &rarr;","11","1678","43","false","BuyLink"
"/blog/best-screen-tent-canada","general","buzzskito-general-20","true","buzzskito-general-20","true","search","","east oak pop up screen room 10x10","Check price on Amazon.ca &rarr;","12","1840","48","false","BuyLink"
"/blog/best-screen-tent-canada","general","buzzskito-general-20","true","buzzskito-general-20","true","search","","campros screen house 12x10","Check price on Amazon.ca &rarr;","13","1984","51","false","BuyLink"
"/blog/best-silverfish-traps","general","buzzskito-general-20","true","buzzskito-general-20","false","search","","insect glue board traps multi pack silverfish","Flat insect glue board traps (multi-pack)","1","134","4","sticky","StickyBuyBar"
"/blog/best-silverfish-traps","general","buzzskito-general-20","true","buzzskito-general-20","false","search","","insect glue board traps multi pack silverfish","Glue boards &rarr;","2","476","14","true","BuyLink"
"/blog/best-silverfish-traps","general","buzzskito-general-20","true","buzzskito-general-20","false","search","","insect glue board traps multi pack silverfish","Glue boards &rarr;","3","495","14","true","BuyLink"
"/blog/best-silverfish-traps","general","buzzskito-general-20","true","buzzskito-general-20","false","search","","covered insect glue trap station tented","Covered station &rarr;","4","520","15","true","BuyLink"
"/blog/best-silverfish-traps","general","buzzskito-general-20","true","buzzskito-general-20","false","search","","covered insect glue trap station tented","Covered station &rarr;","5","546","16","true","BuyLink"
"/blog/best-silverfish-traps","general","buzzskito-general-20","true","buzzskito-general-20","false","search","","insect glue board traps multi pack silverfish","Glue boards &rarr;","6","593","17","true","BuyLink"
"/blog/best-silverfish-traps","general","buzzskito-general-20","true","buzzskito-general-20","false","search","","digital hygrometer indoor humidity monitor 2 pack","Hygrometers &rarr;","7","615","18","false","BuyLink"
"/blog/best-silverfish-traps","general","buzzskito-general-20","true","buzzskito-general-20","false","search","","insect glue board traps multi pack silverfish","Check price on Amazon.ca &rarr;","8","813","24","false","BuyLink"
"/blog/best-silverfish-traps","general","buzzskito-general-20","true","buzzskito-general-20","false","search","","covered insect glue trap station tented","Check price on Amazon.ca &rarr;","9","846","25","false","BuyLink"
"/blog/best-silverfish-traps","general","buzzskito-general-20","true","buzzskito-general-20","false","search","","insect glue board traps multi pack silverfish","Glue board multi-pack &rarr;","10","1267","37","false","BuyLink"
"/blog/best-silverfish-traps","general","buzzskito-general-20","true","buzzskito-general-20","false","search","","covered insect glue trap station tented","Covered glue station &rarr;","11","1270","37","false","BuyLink"
"/blog/best-silverfish-traps","general","buzzskito-general-20","true","buzzskito-general-20","false","search","","50 pint dehumidifier basement energy star","50-pint dehumidifier &rarr;","12","1273","37","false","BuyLink"
"/blog/best-silverfish-traps","general","buzzskito-general-20","true","buzzskito-general-20","false","search","","50 pint dehumidifier basement energy star","Check 50-pint dehumidifiers on Amazon.ca &rarr;","13","1493","44","false","BuyLink"
"/blog/best-silverfish-traps","general","buzzskito-general-20","true","buzzskito-general-20","false","search","","insect glue board traps multi pack silverfish","Check glue board multi-packs on Amazon.ca &rarr;","14","1812","53","false","BuyLink"
"/blog/best-silverfish-traps","general","buzzskito-general-20","true","buzzskito-general-20","false","search","","covered insect glue trap station tented","Check covered glue stations on Amazon.ca &rarr;","15","2083","61","false","BuyLink"
"/blog/best-silverfish-traps","general","buzzskito-general-20","true","buzzskito-general-20","false","search","","digital hygrometer indoor humidity monitor 2 pack","Check hygrometer 2-packs on Amazon.ca &rarr;","16","2282","67","false","BuyLink"
"/blog/best-solar-bug-zapper-canada","general","buzzskito-general-20","true","buzzskito-general-20","true","search","","solar bug zapper outdoor 4500V USB-C","4,500V dual-charge solar bug zapper (solar + USB-C)","1","86","5","sticky","StickyBuyBar"
"/blog/best-solar-bug-zapper-canada","general","buzzskito-general-20","true","buzzskito-general-20","true","search","","PALONE solar bug zapper 4500V USB-C","Check price on Amazon.ca →","2","226","12","true","BuyLink"
"/blog/best-solar-bug-zapper-canada","general","buzzskito-general-20","true","buzzskito-general-20","true","search","","solar bug zapper outdoor","Check solar zappers on Amazon.ca →","3","320","17","true","BuyLink"
"/blog/best-solar-bug-zapper-canada","general","buzzskito-general-20","true","buzzskito-general-20","true","search","","solar powered bug zapper lantern","Lantern-style zappers →","4","325","17","true","BuyLink"
"/blog/best-solar-bug-zapper-canada","general","buzzskito-general-20","true","buzzskito-general-20","true","search","","PALONE solar bug zapper","PALONE-style 4,500V units →","5","684","37","false","BuyLink"
"/blog/best-solar-bug-zapper-canada","general","buzzskito-general-20","true","buzzskito-general-20","true","search","","PIC solar bug zapper lantern","PIC flame lantern zapper →","6","686","37","false","BuyLink"
"/blog/best-solar-bug-zapper-canada","general","buzzskito-general-20","true","buzzskito-general-20","true","search","","solar bug zapper stake lights garden","Stake-light multi-packs →","7","690","37","false","BuyLink"
"/blog/best-solar-bug-zapper-canada","general","buzzskito-general-20","true","buzzskito-general-20","true","search","","portable power bank usb c","check power banks on Amazon.ca &rarr;","8","1558","83","false","BuyLink"
"/blog/best-solar-bug-zapper-canada","general","buzzskito-general-20","true","buzzskito-general-20","true","search","","mosquito dunks bti","check BTI mosquito dunks on Amazon.ca &rarr;","9","1754","94","false","BuyLink"
"/blog/best-solar-bug-zapper-canada","general","buzzskito-general-20","true","buzzskito-general-20","true","search","","thermacell mosquito repeller","check patio repellers on Amazon.ca &rarr;","10","1821","97","false","BuyLink"
"/blog/best-solar-bug-zapper-canada","general","buzzskito-general-20","true","buzzskito-general-20","true","search","","solar bug zapper outdoor 4500V USB-C","Shop 4,500V dual-charge zappers →","11","1826","98","false","BuyLink"
"/blog/best-spider-spray-canada","general","buzzskito-general-20","true","buzzskito-general-20","true","dp_asin","B0CXV32GKD","doktor doom residual insecticide spray","Doktor Doom Residual Insecticide Spray","1","78","3","sticky","StickyBuyBar"
"/blog/best-spider-spray-canada","general","buzzskito-general-20","true","buzzskito-general-20","true","search","","doktor doom residual insecticide spray","Check price on Amazon.ca →","2","449","15","true","BuyLink"
"/blog/best-spider-spray-canada","general","buzzskito-general-20","true","buzzskito-general-20","true","search","","konk onguard residual insecticide spray","Check price on Amazon.ca →","3","480","16","true","BuyLink"
"/blog/best-spider-spray-canada","general","buzzskito-general-20","true","buzzskito-general-20","true","search","","knock down residual insecticide spray","Check price on Amazon.ca →","4","507","17","true","BuyLink"
"/blog/best-spider-spray-canada","general","buzzskito-general-20","true","buzzskito-general-20","true","search","","peppermint spider repellent spray","Check price on Amazon.ca →","5","537","18","true","BuyLink"
"/blog/best-spider-spray-canada","general","buzzskito-general-20","true","buzzskito-general-20","true","search","","spider insect glue traps","Check price on Amazon.ca →","6","565","19","true","BuyLink"
"/blog/best-spider-spray-canada","general","buzzskito-general-20","true","buzzskito-general-20","true","search","","doktor doom residual insecticide spray","Doktor Doom residual →","7","938","31","false","BuyLink"
"/blog/best-spider-spray-canada","general","buzzskito-general-20","true","buzzskito-general-20","true","search","","konk onguard residual insecticide spray","Konk OnGuard →","8","941","32","false","BuyLink"
"/blog/best-spider-spray-canada","general","buzzskito-general-20","true","buzzskito-general-20","true","search","","spider insect glue traps","Spider glue traps →","9","943","32","false","BuyLink"
"/blog/best-spider-spray-canada","general","buzzskito-general-20","true","buzzskito-general-20","true","search","","handheld cordless vacuum","Check cordless handheld vacuums on Amazon.ca &rarr;","10","1268","42","false","BuyLink"
"/blog/best-spider-spray-canada","general","buzzskito-general-20","true","buzzskito-general-20","true","search","","doktor doom residual insecticide spray","Check Doktor Doom residual spray on Amazon.ca →","11","1465","49","false","BuyLink"
"/blog/best-spider-spray-canada","general","buzzskito-general-20","true","buzzskito-general-20","true","search","","konk onguard residual insecticide spray","Check Konk OnGuard availability on Amazon.ca →","12","1636","55","false","BuyLink"
"/blog/best-spider-spray-canada","general","buzzskito-general-20","true","buzzskito-general-20","true","search","","door sweep","Check door sweeps on Amazon.ca &rarr;","13","2189","73","false","BuyLink"
"/blog/best-spider-spray-canada","general","buzzskito-general-20","true","buzzskito-general-20","true","search","","spider insect glue traps","Check spider glue trap multi-packs →","14","2685","90","false","BuyLink"
"/blog/best-spider-spray-canada","general","buzzskito-general-20","true","buzzskito-general-20","true","search","","basement dehumidifier","Check basement dehumidifiers on Amazon.ca &rarr;","15","2910","97","false","BuyLink"
"/blog/best-squirrel-proof-bird-feeder-canada","rodent","buzzskito-rodent-20","true","buzzskito-rodent-20","true","search","","brome squirrel buster plus bird feeder","Weight-activated squirrel-proof tube feeder","1","108","5","sticky","StickyBuyBar"
"/blog/best-squirrel-proof-bird-feeder-canada","rodent","buzzskito-rodent-20","true","buzzskito-rodent-20","true","search","","brome squirrel buster plus bird feeder","Check price on Amazon.ca →","2","479","21","true","BuyLink"
"/blog/best-squirrel-proof-bird-feeder-canada","rodent","buzzskito-rodent-20","true","buzzskito-rodent-20","true","search","","bird feeder pole with squirrel baffle kit","Check price on Amazon.ca →","3","510","23","true","BuyLink"
"/blog/best-squirrel-proof-bird-feeder-canada","rodent","buzzskito-rodent-20","true","buzzskito-rodent-20","true","search","","caged squirrel proof bird feeder metal","Check price on Amazon.ca →","4","543","24","true","BuyLink"
"/blog/best-squirrel-proof-bird-feeder-canada","rodent","buzzskito-rodent-20","true","buzzskito-rodent-20","true","search","","spinning squirrel proof bird feeder battery","Check price on Amazon.ca →","5","574","26","true","BuyLink"
"/blog/best-squirrel-proof-bird-feeder-canada","rodent","buzzskito-rodent-20","true","buzzskito-rodent-20","true","search","","brome squirrel buster plus bird feeder","Squirrel Buster Plus →","6","860","39","false","BuyLink"
"/blog/best-squirrel-proof-bird-feeder-canada","rodent","buzzskito-rodent-20","true","buzzskito-rodent-20","true","search","","brome squirrel buster classic bird feeder","Squirrel Buster Classic →","7","863","39","false","BuyLink"
"/blog/best-squirrel-proof-bird-feeder-canada","rodent","buzzskito-rodent-20","true","buzzskito-rodent-20","true","search","","bird feeder pole with squirrel baffle kit","Pole + baffle kit →","8","866","39","false","BuyLink"
"/blog/best-squirrel-proof-bird-feeder-canada","rodent","buzzskito-rodent-20","true","buzzskito-rodent-20","true","search","","caged squirrel proof bird feeder metal","Caged feeder →","9","869","39","false","BuyLink"
"/blog/best-steam-cleaner-for-pest-control-canada","steamer","buzzskito-steamer-20","true","buzzskito-steamer-20","true","search","","dupray neat steam cleaner","Dupray Neat dry-vapour steam cleaner","1","101","4","sticky","StickyBuyBar"
"/blog/best-steam-cleaner-for-pest-control-canada","steamer","buzzskito-steamer-20","true","buzzskito-steamer-20","true","search","","dupray neat steam cleaner","Check price on Amazon.ca →","2","463","20","true","BuyLink"
"/blog/best-steam-cleaner-for-pest-control-canada","steamer","buzzskito-steamer-20","true","buzzskito-steamer-20","true","search","","vapamore mr-100 primo steam cleaner","Check price on Amazon.ca →","3","486","20","true","BuyLink"
"/blog/best-steam-cleaner-for-pest-control-canada","steamer","buzzskito-steamer-20","true","buzzskito-steamer-20","true","search","","mcculloch heavy duty steam cleaner","Check price on Amazon.ca →","4","511","22","true","BuyLink"
"/blog/best-steam-cleaner-for-pest-control-canada","steamer","buzzskito-steamer-20","true","buzzskito-steamer-20","true","search","","handheld high pressure steam cleaner","Check price on Amazon.ca →","5","536","23","true","BuyLink"
"/blog/best-steam-cleaner-for-pest-control-canada","steamer","buzzskito-steamer-20","true","buzzskito-steamer-20","true","search","","dupray neat steam cleaner","Dupray Neat →","6","832","35","false","BuyLink"
"/blog/best-steam-cleaner-for-pest-control-canada","steamer","buzzskito-steamer-20","true","buzzskito-steamer-20","true","search","","vapamore mr-100 primo steam cleaner","Vapamore MR-100 Primo →","7","834","35","false","BuyLink"
"/blog/best-steam-cleaner-for-pest-control-canada","steamer","buzzskito-steamer-20","true","buzzskito-steamer-20","true","search","","mcculloch heavy duty steam cleaner","McCulloch heavy-duty →","8","837","35","false","BuyLink"
"/blog/best-steam-cleaner-for-pest-control-canada","steamer","buzzskito-steamer-20","true","buzzskito-steamer-20","true","search","","handheld high pressure steam cleaner","Handheld spot steamer →","9","839","35","false","BuyLink"
"/blog/best-steam-mop-for-hardwood-floors-canada","steamer","buzzskito-steamer-20","true","buzzskito-steamer-20","false","search","","bissell powerfresh steam mop hardwood","Adjustable-steam microfibre mop","1","101","4","sticky","StickyBuyBar"
"/blog/best-steam-mop-for-hardwood-floors-canada","steamer","buzzskito-steamer-20","true","buzzskito-steamer-20","false","search","","bissell powerfresh steam mop hardwood","Check price on Amazon.ca →","2","485","18","true","BuyLink"
"/blog/best-steam-mop-for-hardwood-floors-canada","steamer","buzzskito-steamer-20","true","buzzskito-steamer-20","false","search","","steam mop hardwood floors adjustable steam","Check price on Amazon.ca →","3","511","19","true","BuyLink"
"/blog/best-steam-mop-for-hardwood-floors-canada","steamer","buzzskito-steamer-20","true","buzzskito-steamer-20","false","search","","canister steam cleaner floor tool","Check price on Amazon.ca →","4","543","20","true","BuyLink"
"/blog/best-steam-mop-for-hardwood-floors-canada","steamer","buzzskito-steamer-20","true","buzzskito-steamer-20","false","search","","microfiber flat spray mop hardwood floor","Check price on Amazon.ca →","5","573","21","true","BuyLink"
"/blog/best-steam-mop-for-hardwood-floors-canada","steamer","buzzskito-steamer-20","true","buzzskito-steamer-20","false","search","","bissell powerfresh steam mop hardwood","Adjustable mop (best overall) →","6","898","33","false","BuyLink"
"/blog/best-steam-mop-for-hardwood-floors-canada","steamer","buzzskito-steamer-20","true","buzzskito-steamer-20","false","search","","dupray bliss steam mop","Dupray Bliss-class →","7","902","33","false","BuyLink"
"/blog/best-steam-mop-for-hardwood-floors-canada","steamer","buzzskito-steamer-20","true","buzzskito-steamer-20","false","search","","steam mop microfibre replacement pads multipack","Pad multipack →","8","904","33","false","BuyLink"
"/blog/best-steam-mop-for-hardwood-floors-canada","steamer","buzzskito-steamer-20","true","buzzskito-steamer-20","false","search","","microfiber flat spray mop hardwood floor","Non-steam alternative →","9","906","33","false","BuyLink"
"/blog/best-sump-pump-for-basement-canada","general","buzzskito-general-20","true","buzzskito-general-20","false","search","","1/3 hp cast iron submersible sump pump","1/3 HP Cast Iron Submersible Sump Pump","1","115","5","sticky","StickyBuyBar"
"/blog/best-sump-pump-for-basement-canada","general","buzzskito-general-20","true","buzzskito-general-20","false","search","","search","Check on Amazon.ca →","2","70","3","true","BuyLink"
"/blog/best-sump-pump-for-basement-canada","general","buzzskito-general-20","true","buzzskito-general-20","false","search","","1/3 hp cast iron submersible sump pump","1/3 HP cast iron submersible","3","516","22","true","BuyLink"
"/blog/best-sump-pump-for-basement-canada","general","buzzskito-general-20","true","buzzskito-general-20","false","search","","1/2 hp cast iron submersible sump pump","1/2 HP","4","525","22","true","BuyLink"
"/blog/best-sump-pump-for-basement-canada","general","buzzskito-general-20","true","buzzskito-general-20","false","search","","pedestal sump pump 1/3 hp","Pedestal pumps","5","791","34","false","BuyLink"
"/blog/best-sump-pump-for-basement-canada","general","buzzskito-general-20","true","buzzskito-general-20","false","search","","vertical float switch sump pump","Vertical floats","6","912","39","false","BuyLink"
"/blog/best-sump-pump-for-basement-canada","general","buzzskito-general-20","true","buzzskito-general-20","false","search","","tethered float switch sump pump","Tethered floats","7","965","41","false","BuyLink"
"/blog/best-sump-pump-for-basement-canada","general","buzzskito-general-20","true","buzzskito-general-20","false","search","","basement water alarm leak detector","Check basement water alarms on Amazon.ca &rarr;","8","1118","48","false","BuyLink"
"/blog/best-sump-pump-for-basement-canada","general","buzzskito-general-20","true","buzzskito-general-20","false","search","","sump pump check valve 1.5 inch","check valve","9","1134","48","false","BuyLink"
"/blog/best-sump-pump-for-basement-canada","general","buzzskito-general-20","true","buzzskito-general-20","false","search","","sump pump quick disconnect union fitting","quick-disconnect union","10","1273","54","false","BuyLink"
"/blog/best-sump-pump-for-basement-canada","general","buzzskito-general-20","true","buzzskito-general-20","false","search","","sump pump freeze relief discharge fitting","freeze-relief discharge fitting","11","1493","63","false","BuyLink"
"/blog/best-sump-pump-for-basement-canada","general","buzzskito-general-20","true","buzzskito-general-20","false","search","","sump pump battery backup system","Check battery backup systems on Amazon.ca &rarr;","12","1684","72","false","BuyLink"
"/blog/best-sump-pump-for-basement-canada","general","buzzskito-general-20","true","buzzskito-general-20","false","search","","sump basin liner and lid","basin with a gasketed, sealed lid","13","1796","76","false","BuyLink"
"/blog/best-sump-pump-for-basement-canada","general","buzzskito-general-20","true","buzzskito-general-20","false","search","","indoor humidity monitor hygrometer","Check humidity monitors on Amazon.ca &rarr;","14","1941","82","false","BuyLink"
"/blog/best-sump-pump-for-basement-canada","general","buzzskito-general-20","true","buzzskito-general-20","false","search","","sump pump discharge hose kit","Check discharge hose and extension kits on Amazon.ca &rarr;","15","2100","89","false","BuyLink"
"/blog/best-thermal-fogger-canada","fogger","buzzskito-fogger-20","true","buzzskito-fogger-20","true","search","","longray thermal fogger","Longray pulse-jet thermal fogger","1","81","4","sticky","StickyBuyBar"
"/blog/best-thermal-fogger-canada","fogger","buzzskito-fogger-20","true","buzzskito-fogger-20","true","search","","longray thermal fogger","Check price on Amazon.ca →","2","269","12","true","BuyLink"
"/blog/best-thermal-fogger-canada","fogger","buzzskito-fogger-20","true","buzzskito-fogger-20","true","search","","longray thermal fogger","Check price on Amazon.ca →","3","443","19","true","BuyLink"
"/blog/best-thermal-fogger-canada","fogger","buzzskito-fogger-20","true","buzzskito-fogger-20","true","search","","black flag propane fogger","Check price on Amazon.ca →","4","465","20","true","BuyLink"
"/blog/best-thermal-fogger-canada","fogger","buzzskito-fogger-20","true","buzzskito-fogger-20","true","search","","electric thermal fogger","Check price on Amazon.ca →","5","487","21","true","BuyLink"
"/blog/best-thermal-fogger-canada","fogger","buzzskito-fogger-20","true","buzzskito-fogger-20","true","search","","longray thermal fogger","Pulse-jet fogger on Amazon.ca →","6","812","35","false","BuyLink"
"/blog/best-thermal-fogger-canada","fogger","buzzskito-fogger-20","true","buzzskito-fogger-20","true","search","","black flag propane fogger","Propane fogger →","7","816","36","false","BuyLink"
"/blog/best-thermal-fogger-canada","fogger","buzzskito-fogger-20","true","buzzskito-fogger-20","true","search","","electric thermal fogger","Electric fogger →","8","818","36","false","BuyLink"
"/blog/best-tick-control-yard-treatment","tick","buzzskito-tick-20","true","buzzskito-tick-20","true","search","","wondercide tick yard spray","Wondercide Tick &amp; Flea Yard Spray","1","35","4","sticky","StickyBuyBar"
"/blog/best-tick-control-yard-treatment","tick","buzzskito-tick-20","true","buzzskito-tick-20","true","search","","wondercide tick yard spray","Check price on Amazon.ca →","2","230","23","true","BuyLink"
"/blog/best-tick-control-yard-treatment","tick","buzzskito-tick-20","true","buzzskito-tick-20","true","search","","wondercide tick yard spray","Check price on Amazon.ca &rarr;","3","801","81","false","BuyLink"
"/blog/best-tick-control-yard-treatment","tick","buzzskito-tick-20","true","buzzskito-tick-20","true","search","","insect shield permethrin treated clothing","Check price on Amazon.ca &rarr;","4","852","87","false","BuyLink"
"/blog/best-tick-control-yard-treatment","tick","buzzskito-tick-20","true","buzzskito-tick-20","true","search","","thermacell tick control tubes 12 pack","Check price on Amazon.ca &rarr;","5","962","98","false","BuyLink"
"/blog/best-tick-repellent-yard-canada","tick","buzzskito-tick-20","true","buzzskito-tick-20","true","search","","wondercide tick yard spray","Wondercide Cedar-Oil Yard Spray","1","59","5","sticky","StickyBuyBar"
"/blog/best-tick-repellent-yard-canada","tick","buzzskito-tick-20","true","buzzskito-tick-20","true","search","","wondercide tick yard spray","Check yard tick sprays on Amazon.ca →","2","260","23","true","BuyLink"
"/blog/best-tick-repellent-yard-canada","tick","buzzskito-tick-20","true","buzzskito-tick-20","true","search","","insect shield permethrin treated clothing","Insect Shield permethrin-treated clothing →","3","266","23","true","BuyLink"
"/blog/best-ulv-cold-fogger-canada","fogger","buzzskito-fogger-20","true","buzzskito-fogger-20","true","search","","petratools ulv cold fogger electric","PetraTools-class adjustable electric ULV cold fogger","1","95","4","sticky","StickyBuyBar"
"/blog/best-ulv-cold-fogger-canada","fogger","buzzskito-fogger-20","true","buzzskito-fogger-20","true","search","","petratools ulv cold fogger electric","Check price on Amazon.ca →","2","447","20","true","BuyLink"
"/blog/best-ulv-cold-fogger-canada","fogger","buzzskito-fogger-20","true","buzzskito-fogger-20","true","search","","hudson commercial ulv fogger","Check price on Amazon.ca →","3","469","21","true","BuyLink"
"/blog/best-ulv-cold-fogger-canada","fogger","buzzskito-fogger-20","true","buzzskito-fogger-20","true","search","","vonhaus electric ulv fogger","Check price on Amazon.ca →","4","490","22","true","BuyLink"
"/blog/best-ulv-cold-fogger-canada","fogger","buzzskito-fogger-20","true","buzzskito-fogger-20","true","search","","cordless battery ulv fogger","Check price on Amazon.ca →","5","512","23","true","BuyLink"
"/blog/best-ulv-cold-fogger-canada","fogger","buzzskito-fogger-20","true","buzzskito-fogger-20","true","search","","petratools ulv cold fogger electric","Adjustable electric ULV →","6","832","38","false","BuyLink"
"/blog/best-ulv-cold-fogger-canada","fogger","buzzskito-fogger-20","true","buzzskito-fogger-20","true","search","","hudson commercial ulv fogger","Commercial ULV →","7","835","38","false","BuyLink"
"/blog/best-ulv-cold-fogger-canada","fogger","buzzskito-fogger-20","true","buzzskito-fogger-20","true","search","","vonhaus electric ulv fogger","Compact fogger →","8","837","38","false","BuyLink"
"/blog/best-ulv-cold-fogger-canada","fogger","buzzskito-fogger-20","true","buzzskito-fogger-20","true","search","","cordless battery ulv fogger","Cordless ULV →","9","839","38","false","BuyLink"
"/blog/best-upholstery-steam-cleaner-canada","steamer","buzzskito-steamer-20","true","buzzskito-steamer-20","false","search","","portable upholstery extractor heated spot cleaner","Portable heated upholstery extractor","1","102","4","sticky","StickyBuyBar"
"/blog/best-upholstery-steam-cleaner-canada","steamer","buzzskito-steamer-20","true","buzzskito-steamer-20","false","search","","portable upholstery extractor heated spot cleaner","Check price on Amazon.ca →","2","446","17","true","BuyLink"
"/blog/best-upholstery-steam-cleaner-canada","steamer","buzzskito-steamer-20","true","buzzskito-steamer-20","false","search","","bissell big green deep cleaner upholstery tool","Check price on Amazon.ca →","3","468","18","true","BuyLink"
"/blog/best-upholstery-steam-cleaner-canada","steamer","buzzskito-steamer-20","true","buzzskito-steamer-20","false","search","","dry vapour steam cleaner upholstery tool","Check price on Amazon.ca →","4","494","19","true","BuyLink"
"/blog/best-upholstery-steam-cleaner-canada","steamer","buzzskito-steamer-20","true","buzzskito-steamer-20","false","search","","upholstery cleaning tool attachment brush kit","Check tool kits →","5","525","20","true","BuyLink"
"/blog/best-upholstery-steam-cleaner-canada","steamer","buzzskito-steamer-20","true","buzzskito-steamer-20","false","search","","portable upholstery extractor heated spot cleaner","Portable extractor (best overall) →","6","784","30","false","BuyLink"
"/blog/best-upholstery-steam-cleaner-canada","steamer","buzzskito-steamer-20","true","buzzskito-steamer-20","false","search","","bissell big green deep cleaner upholstery tool","Full-size deep cleaner →","7","788","30","false","BuyLink"
"/blog/best-upholstery-steam-cleaner-canada","steamer","buzzskito-steamer-20","true","buzzskito-steamer-20","false","search","","dry vapour steam cleaner upholstery tool","Dry-vapour steamer →","8","791","30","false","BuyLink"
"/blog/best-upholstery-steam-cleaner-canada","steamer","buzzskito-steamer-20","true","buzzskito-steamer-20","false","search","","upholstery cleaning tool attachment brush kit","Tool &amp; brush kit →","9","793","30","false","BuyLink"
"/blog/best-wasp-killer-canada","wasp","buzzskito-wasp-20","true","buzzskito-wasp-20","false","search","","wilson waspout wasp hornet foam","Wilson WaspOut Wasp & Hornet Foam","1","98","5","sticky","StickyBuyBar"
"/blog/best-wasp-killer-canada","wasp","buzzskito-wasp-20","true","buzzskito-wasp-20","false","search","","search","Check on Amazon.ca &rarr;","2","475","24","true","BuyLink"
"/blog/best-wasp-killer-canada","wasp","buzzskito-wasp-20","true","buzzskito-wasp-20","false","search","","wilson waspout wasp hornet foam","Wilson WaspOut foam &rarr;","3","644","32","false","BuyLink"
"/blog/best-wasp-killer-canada","wasp","buzzskito-wasp-20","true","buzzskito-wasp-20","false","search","","raid wasp hornet killer","Raid Wasp &amp; Hornet &rarr;","4","647","33","false","BuyLink"
"/blog/best-wasp-killer-canada","wasp","buzzskito-wasp-20","true","buzzskito-wasp-20","false","other","","","Ortho Wasp B Gon MAX &rarr;","5","650","33","false","BuyLink"
"/blog/best-wasp-killer-canada","wasp","buzzskito-wasp-20","true","buzzskito-wasp-20","false","search","","rescue why trap wasp hornet yellowjacket","RESCUE! WHY trap &rarr;","6","654","33","false","BuyLink"
"/blog/best-wasp-nest-spray-canada","wasp","buzzskito-wasp-20","true","buzzskito-wasp-20","true","search","","raid wasp hornet killer","Raid Wasp & Hornet Bug Killer (foaming aerosol)","1","79","1","sticky","StickyBuyBar"
"/blog/best-wasp-nest-spray-canada","wasp","buzzskito-wasp-20","true","buzzskito-wasp-20","true","search","","raid wasp hornet killer","Raid Wasp &amp; Hornet Bug Killer","2","218","3","true","AmazonLink"
"/blog/best-wasp-nest-spray-canada","wasp","buzzskito-wasp-20","true","buzzskito-wasp-20","true","search","","raid wasp hornet killer","Check price on Amazon.ca →","3","437","7","true","BuyLink"
"/blog/best-wasp-nest-spray-canada","wasp","buzzskito-wasp-20","true","buzzskito-wasp-20","true","search","","raid wasp hornet killer","Check price on Amazon.ca →","4","627","9","false","BuyLink"
"/blog/best-wasp-nest-spray-canada","wasp","buzzskito-wasp-20","true","buzzskito-wasp-20","true","search","","wilson waspout wasp hornet foam","Check price on Amazon.ca →","5","657","10","false","BuyLink"
"/blog/best-wasp-nest-spray-canada","wasp","buzzskito-wasp-20","true","buzzskito-wasp-20","true","other","","","Check price on Amazon.ca →","6","687","10","false","BuyLink"
"/blog/best-wasp-nest-spray-canada","wasp","buzzskito-wasp-20","true","buzzskito-wasp-20","true","search","","raid wasp hornet killer","Raid Wasp &amp; Hornet foam →","7","1107","16","false","BuyLink"
"/blog/best-wasp-nest-spray-canada","wasp","buzzskito-wasp-20","true","buzzskito-wasp-20","true","search","","wilson waspout wasp hornet foam","Wilson WaspOut foam →","8","1111","17","false","BuyLink"
"/blog/best-wasp-nest-spray-canada","wasp","buzzskito-wasp-20","true","buzzskito-wasp-20","true","other","","","Ortho wasp aerosol →","9","1114","17","false","BuyLink"
"/blog/best-wasp-nest-spray-canada","wasp","buzzskito-wasp-20","true","buzzskito-wasp-20","true","search","","raid wasp hornet killer","Check Raid Wasp &amp; Hornet foam on Amazon.ca →","10","1528","23","false","BuyLink"
"/blog/best-wasp-nest-spray-canada","wasp","buzzskito-wasp-20","true","buzzskito-wasp-20","true","search","","wilson waspout wasp hornet foam","Check Wilson WaspOut foam on Amazon.ca →","11","2537","38","false","BuyLink"
"/blog/best-wasp-trap","wasp","buzzskito-wasp-20","true","buzzskito-wasp-20","true","dp_asin","B00BPTN6YC","rescue why trap wasp hornet yellowjacket","RESCUE! WHY Trap (wasps, hornets & yellowjackets)","1","81","3","sticky","StickyBuyBar"
"/blog/best-wasp-trap","wasp","buzzskito-wasp-20","true","buzzskito-wasp-20","true","search","","rescue why trap wasp hornet yellowjacket","RESCUE! WHY Trap","2","91","3","true","AmazonLink"
"/blog/best-wasp-trap","wasp","buzzskito-wasp-20","true","buzzskito-wasp-20","true","search","","rescue why trap wasp hornet yellowjacket","Check price on Amazon.ca →","3","267","9","true","BuyLink"
"/blog/best-wasp-trap","wasp","buzzskito-wasp-20","true","buzzskito-wasp-20","true","search","","rescue why trap wasp hornet yellowjacket","Check price on Amazon.ca →","4","449","15","true","BuyLink"
"/blog/best-wasp-trap","wasp","buzzskito-wasp-20","true","buzzskito-wasp-20","true","search","","rescue trapstik for wasps","Check price on Amazon.ca →","5","479","16","true","BuyLink"
"/blog/best-wasp-trap","wasp","buzzskito-wasp-20","true","buzzskito-wasp-20","true","search","","rescue disposable yellowjacket trap","Check price on Amazon.ca →","6","506","17","true","BuyLink"
"/blog/best-wasp-trap","wasp","buzzskito-wasp-20","true","buzzskito-wasp-20","true","search","","rescue why trap wasp hornet yellowjacket","RESCUE! WHY Trap →","7","1222","41","false","BuyLink"
"/blog/best-wasp-trap","wasp","buzzskito-wasp-20","true","buzzskito-wasp-20","true","search","","rescue trapstik for wasps","TrapStik for Wasps →","8","1225","41","false","BuyLink"
"/blog/best-wasp-trap","wasp","buzzskito-wasp-20","true","buzzskito-wasp-20","true","search","","rescue disposable yellowjacket trap","Disposable bag traps →","9","1228","41","false","BuyLink"
"/blog/best-wasp-trap","wasp","buzzskito-wasp-20","true","buzzskito-wasp-20","true","search","","rescue why trap wasp hornet yellowjacket","Check RESCUE! WHY Trap on Amazon.ca →","10","1430","48","false","BuyLink"
"/blog/best-wasp-trap","wasp","buzzskito-wasp-20","true","buzzskito-wasp-20","true","search","","rescue trapstik for wasps","Check TrapStik for Wasps on Amazon.ca →","11","1601","54","false","BuyLink"
"/blog/best-wasp-trap","wasp","buzzskito-wasp-20","true","buzzskito-wasp-20","true","search","","rescue disposable yellowjacket trap","Check disposable bag traps on Amazon.ca →","12","1792","60","false","BuyLink"
"/blog/best-whole-house-dehumidifier-canada","dehumidifier","buzzskito-dehumidifier-20","true","buzzskito-dehumidifier-20","true","search","","aprilaire whole house dehumidifier ducted","Ducted whole-home dehumidifier","1","93","4","sticky","StickyBuyBar"
"/blog/best-whole-house-dehumidifier-canada","dehumidifier","buzzskito-dehumidifier-20","true","buzzskito-dehumidifier-20","true","search","","aprilaire whole house dehumidifier ducted","Check price on Amazon.ca &rarr;","2","474","20","true","BuyLink"
"/blog/best-whole-house-dehumidifier-canada","dehumidifier","buzzskito-dehumidifier-20","true","buzzskito-dehumidifier-20","true","search","","energy star 50 pint dehumidifier continuous drain","Check price on Amazon.ca &rarr;","3","502","21","true","BuyLink"
"/blog/best-whole-house-dehumidifier-canada","dehumidifier","buzzskito-dehumidifier-20","true","buzzskito-dehumidifier-20","true","search","","aprilaire whole house dehumidifier ducted","Ducted whole-home &rarr;","4","782","33","false","BuyLink"
"/blog/best-whole-house-dehumidifier-canada","dehumidifier","buzzskito-dehumidifier-20","true","buzzskito-dehumidifier-20","true","search","","whole home ducted dehumidifier 95 pint","Large-home capacity &rarr;","5","784","33","false","BuyLink"
"/blog/best-whole-house-dehumidifier-canada","dehumidifier","buzzskito-dehumidifier-20","true","buzzskito-dehumidifier-20","true","search","","energy star 50 pint dehumidifier continuous drain","Portable alternative &rarr;","6","786","33","false","BuyLink"
"/blog/best-whole-house-dehumidifier-canada","dehumidifier","buzzskito-dehumidifier-20","true","buzzskito-dehumidifier-20","true","search","","wireless hygrometer indoor humidity remote sensor","Hygrometer &rarr;","7","788","33","false","BuyLink"
"/blog/best-whole-room-bed-bug-heater-canada","bedbug","buzzskito-bedbug-20","true","buzzskito-bedbug-20","true","search","","portable bed bug heater treatment","Portable bed bug heat treatment system","1","96","4","sticky","StickyBuyBar"
"/blog/best-whole-room-bed-bug-heater-canada","bedbug","buzzskito-bedbug-20","true","buzzskito-bedbug-20","true","search","","zappbug room large heater","Check price on Amazon.ca →","2","466","18","true","BuyLink"
"/blog/best-whole-room-bed-bug-heater-canada","bedbug","buzzskito-bedbug-20","true","buzzskito-bedbug-20","true","search","","nuventa portable bed bug heater","Check price on Amazon.ca →","3","498","19","true","BuyLink"
"/blog/best-whole-room-bed-bug-heater-canada","bedbug","buzzskito-bedbug-20","true","buzzskito-bedbug-20","true","search","","zappbug portable heat chamber","Check price on Amazon.ca →","4","523","20","true","BuyLink"
"/blog/best-whole-room-bed-bug-heater-canada","bedbug","buzzskito-bedbug-20","true","buzzskito-bedbug-20","true","search","","portable bed bug heater 120v certified","See certified units →","5","550","21","true","BuyLink"
"/blog/best-whole-room-bed-bug-heater-canada","bedbug","buzzskito-bedbug-20","true","buzzskito-bedbug-20","true","search","","zappbug room large heater","Room-scale enclosure →","6","866","33","false","BuyLink"
"/blog/best-whole-room-bed-bug-heater-canada","bedbug","buzzskito-bedbug-20","true","buzzskito-bedbug-20","true","search","","nuventa portable bed bug heater","Portable room heater →","7","868","33","false","BuyLink"
"/blog/best-whole-room-bed-bug-heater-canada","bedbug","buzzskito-bedbug-20","true","buzzskito-bedbug-20","true","search","","zappbug portable heat chamber","Mid-size heat chamber →","8","871","33","false","BuyLink"
"/blog/best-whole-room-bed-bug-heater-canada","bedbug","buzzskito-bedbug-20","true","buzzskito-bedbug-20","true","search","","wireless remote thermometer high cfm fan","Fan + thermometer kit →","9","874","33","false","BuyLink"
"/blog/best-yellow-jacket-trap-canada","wasp","buzzskito-wasp-20","true","buzzskito-wasp-20","true","search","","rescue reusable yellowjacket trap","RESCUE! Reusable Yellowjacket Trap","1","83","4","sticky","StickyBuyBar"
"/blog/best-yellow-jacket-trap-canada","wasp","buzzskito-wasp-20","true","buzzskito-wasp-20","true","search","","rescue reusable yellowjacket trap","RESCUE! Reusable Yellowjacket Trap","2","94","4","true","AmazonLink"
"/blog/best-yellow-jacket-trap-canada","wasp","buzzskito-wasp-20","true","buzzskito-wasp-20","true","search","","rescue reusable yellowjacket trap","Check price on Amazon.ca →","3","301","14","true","BuyLink"
"/blog/best-yellow-jacket-trap-canada","wasp","buzzskito-wasp-20","true","buzzskito-wasp-20","true","search","","rescue reusable yellowjacket trap","Check price on Amazon.ca →","4","1002","47","false","BuyLink"
"/blog/best-yellow-jacket-trap-canada","wasp","buzzskito-wasp-20","true","buzzskito-wasp-20","true","search","","rescue why trap wasp hornet yellow jacket","Check price on Amazon.ca →","5","1027","48","false","BuyLink"
"/blog/best-yellow-jacket-trap-canada","wasp","buzzskito-wasp-20","true","buzzskito-wasp-20","true","search","","rescue disposable yellowjacket trap","Check price on Amazon.ca →","6","1048","49","false","BuyLink"
"/blog/best-yellow-jacket-trap-canada","wasp","buzzskito-wasp-20","true","buzzskito-wasp-20","true","search","","hanging wasp trap reusable bottle","Check price on Amazon.ca →","7","1073","50","false","BuyLink"
"/blog/best-yellow-jacket-trap-canada","wasp","buzzskito-wasp-20","true","buzzskito-wasp-20","true","search","","rescue reusable yellowjacket trap","RESCUE! reusable trap →","8","1126","53","false","BuyLink"
"/blog/best-yellow-jacket-trap-canada","wasp","buzzskito-wasp-20","true","buzzskito-wasp-20","true","search","","rescue why trap wasp hornet yellow jacket","RESCUE! WHY Trap →","9","1129","53","false","BuyLink"
"/blog/best-yellow-jacket-trap-canada","wasp","buzzskito-wasp-20","true","buzzskito-wasp-20","true","search","","rescue disposable yellowjacket trap","Disposable bag traps →","10","1132","53","false","BuyLink"
"/blog/biogents-bg-mosquitaire-mosquito-trap-canada","mosquito","buzzskito-mosquito-20","true","buzzskito-mosquito-20","false","search","","biogents bg-mosquitaire mosquito trap","Biogents BG-Mosquitaire mosquito trap","1","92","4","sticky","StickyBuyBar"
"/blog/biogents-bg-mosquitaire-mosquito-trap-canada","mosquito","buzzskito-mosquito-20","true","buzzskito-mosquito-20","false","search","","search","Check price on Amazon.ca &rarr;","2","405","16","true","BuyLink"
"/blog/biogents-bg-mosquitaire-mosquito-trap-canada","mosquito","buzzskito-mosquito-20","true","buzzskito-mosquito-20","false","search","","biogents bg-mosquitaire mosquito trap","Check the BG-Mosquitaire on Amazon.ca &rarr;","3","463","19","true","BuyLink"
"/blog/biogents-bg-mosquitaire-mosquito-trap-canada","mosquito","buzzskito-mosquito-20","true","buzzskito-mosquito-20","false","search","","biogents bg-lure replacement cartridge","Check BG-Lure cartridges &rarr;","4","468","19","true","BuyLink"
"/blog/biogents-bg-mosquitaire-mosquito-trap-canada","mosquito","buzzskito-mosquito-20","true","buzzskito-mosquito-20","false","search","","biogents bg-mosquitaire co2 mosquito trap","Check the CO2 version &rarr;","5","995","40","false","BuyLink"
"/blog/biogents-bg-mosquitaire-mosquito-trap-canada","mosquito","buzzskito-mosquito-20","true","buzzskito-mosquito-20","false","search","","co2 regulator pressure reducer for mosquito trap","Check CO2 regulators &rarr;","6","999","40","false","BuyLink"
"/blog/biogents-bg-mosquitaire-mosquito-trap-canada","mosquito","buzzskito-mosquito-20","true","buzzskito-mosquito-20","false","search","","refillable co2 cylinder tank","Check refillable cylinders &rarr;","7","1002","40","false","BuyLink"
"/blog/biogents-bg-mosquitaire-mosquito-trap-canada","mosquito","buzzskito-mosquito-20","true","buzzskito-mosquito-20","false","search","","outdoor extension cord 12 gauge heavy duty","Check outdoor extension cords &rarr;","8","1487","60","false","BuyLink"
"/blog/biogents-bg-mosquitaire-mosquito-trap-canada","mosquito","buzzskito-mosquito-20","true","buzzskito-mosquito-20","false","search","","weatherproof outdoor extension cord cover box","Check weatherproof cord covers &rarr;","9","1491","60","false","BuyLink"
"/blog/biogents-bg-mosquitaire-mosquito-trap-canada","mosquito","buzzskito-mosquito-20","true","buzzskito-mosquito-20","false","search","","biogents replacement catch bag mosquitaire","Check replacement catch bags &rarr;","10","2271","92","false","BuyLink"
"/blog/biogents-bg-mosquitaire-mosquito-trap-canada","mosquito","buzzskito-mosquito-20","true","buzzskito-mosquito-20","false","search","","biogents replacement gauze mosquito trap","Check replacement gauze &rarr;","11","2275","92","false","BuyLink"
"/blog/biogents-bg-mosquitaire-mosquito-trap-canada","mosquito","buzzskito-mosquito-20","true","buzzskito-mosquito-20","false","search","","biogents bg-sweetscent lure","Check BG-Sweetscent &rarr;","12","2278","92","false","BuyLink"
"/blog/black-flag-electric-fogger-review-canada","fogger","buzzskito-fogger-20","true","buzzskito-fogger-20","true","search","","black flag electric fogger","Black Flag 190107 Electric Insect Fogger","1","79","4","sticky","StickyBuyBar"
"/blog/black-flag-electric-fogger-review-canada","fogger","buzzskito-fogger-20","true","buzzskito-fogger-20","true","search","","black flag electric fogger","Black Flag 190107 Electric Insect Fogger","2","272","12","true","TopPick"
"/blog/black-flag-electric-fogger-review-canada","fogger","buzzskito-fogger-20","true","buzzskito-fogger-20","true","search","","black flag electric fogger","Check price on Amazon.ca →","3","359","16","true","BuyLink"
"/blog/black-flag-electric-fogger-review-canada","fogger","buzzskito-fogger-20","true","buzzskito-fogger-20","true","search","","propane thermal fogger","Check price on Amazon.ca →","4","385","17","true","BuyLink"
"/blog/black-flag-electric-fogger-review-canada","fogger","buzzskito-fogger-20","true","buzzskito-fogger-20","true","search","","ulv cold fogger","Check price on Amazon.ca →","5","417","19","true","BuyLink"
"/blog/black-flag-electric-fogger-review-canada","fogger","buzzskito-fogger-20","true","buzzskito-fogger-20","true","search","","battery backpack sprayer","Check price on Amazon.ca →","6","448","20","true","BuyLink"
"/blog/black-flag-electric-fogger-review-canada","fogger","buzzskito-fogger-20","true","buzzskito-fogger-20","true","search","","black flag electric fogger","Black Flag electric fogger →","7","742","33","false","BuyLink"
"/blog/black-flag-electric-fogger-review-canada","fogger","buzzskito-fogger-20","true","buzzskito-fogger-20","true","search","","black flag fogging insecticide","Fogging insecticide →","8","746","33","false","BuyLink"
"/blog/black-flag-electric-fogger-review-canada","fogger","buzzskito-fogger-20","true","buzzskito-fogger-20","true","search","","outdoor extension cord","Outdoor extension cord →","9","748","34","false","BuyLink"
"/blog/black-flies-mississauga-toronto-gta-2026","flies","buzzskito-flies-20","true","buzzskito-flies-20","true","search","","thermacell e90 rechargeable","Check the Thermacell E90 on Amazon.ca →","1","1440","71","false","BuyLink"
"/blog/black-flies-mississauga-toronto-gta-2026","flies","buzzskito-flies-20","true","buzzskito-flies-20","true","search","","picaridin insect repellent","Check picaridin repellents on Amazon.ca →","2","1496","74","false","BuyLink"
"/blog/black-flies-mississauga-toronto-gta-2026","flies","buzzskito-flies-20","true","buzzskito-flies-20","true","search","","coghlans bug jacket","Check bug jackets on Amazon.ca →","3","1523","76","false","BuyLink"
"/blog/black-flies-mississauga-toronto-gta-2026","flies","buzzskito-flies-20","true","buzzskito-flies-20","true","search","","insect shield permethrin treated clothing","Permethrin clothing treatment spray (0.5%)","4","1570","78","false","TopPick"
"/blog/black-flies-mississauga-toronto-gta-2026","flies","buzzskito-flies-20","true","buzzskito-flies-20","true","search","","insect shield permethrin treated clothing","Permethrin-treated clothing","5","2016","100","sticky","StickyBuyBar"
"/blog/black-flies-ontario-when-they-come-out","flies","buzzskito-flies-20","true","buzzskito-flies-20","true","search","","picaridin insect repellent canada","Check price on Amazon.ca &rarr;","1","972","30","false","BuyLink"
"/blog/black-flies-ontario-when-they-come-out","flies","buzzskito-flies-20","true","buzzskito-flies-20","true","search","","bug head net","Check price on Amazon.ca &rarr;","2","1042","32","false","BuyLink"
"/blog/black-flies-ontario-when-they-come-out","flies","buzzskito-flies-20","true","buzzskito-flies-20","true","search","","dog fly repellent","Check dog fly repellents on Amazon.ca →","3","1548","47","false","BuyLink"
"/blog/black-flies-ontario-when-they-come-out","flies","buzzskito-flies-20","true","buzzskito-flies-20","true","search","","after bite itch relief","Check after-bite itch relief on Amazon.ca →","4","1725","53","false","BuyLink"
"/blog/black-flies-ontario-when-they-come-out","flies","buzzskito-flies-20","true","buzzskito-flies-20","true","search","","bug head net","Check bug head nets on Amazon.ca →","5","2323","71","false","BuyLink"
"/blog/black-flies-ontario-when-they-come-out","flies","buzzskito-flies-20","true","buzzskito-flies-20","true","search","","picaridin insect repellent canada","Check picaridin repellents on Amazon.ca →","6","2364","72","false","BuyLink"
"/blog/black-flies-ontario-when-they-come-out","flies","buzzskito-flies-20","true","buzzskito-flies-20","true","search","","insect shield permethrin treated clothing","Check permethrin-treated clothing on Amazon.ca →","7","2459","75","false","BuyLink"
"/blog/black-flies-ontario-when-they-come-out","flies","buzzskito-flies-20","true","buzzskito-flies-20","true","search","","picaridin insect repellent canada","Picaridin (Icaridin) Insect Repellent","8","2724","83","false","TopPick"
"/blog/black-flies-ontario-when-they-come-out","flies","buzzskito-flies-20","true","buzzskito-flies-20","true","search","","screen house tent","Check screen houses on Amazon.ca →","9","2886","88","false","BuyLink"
"/blog/black-flies-ontario-when-they-come-out","flies","buzzskito-flies-20","true","buzzskito-flies-20","true","search","","picaridin insect repellent canada","Picaridin (icaridin) insect repellent","10","3280","100","sticky","StickyBuyBar"
"/blog/blacklegged-deer-tick-ontario","tick","buzzskito-tick-20","true","buzzskito-tick-20","true","search","","tick removal tool tweezers","Check price on Amazon.ca →","1","436","28","true","BuyLink"
"/blog/blacklegged-deer-tick-ontario","tick","buzzskito-tick-20","true","buzzskito-tick-20","true","search","","tick removal tool tweezers","Check tick-removal tools on Amazon.ca →","2","1256","80","false","BuyLink"
"/blog/blacklegged-deer-tick-ontario","tick","buzzskito-tick-20","true","buzzskito-tick-20","true","search","","tick removal tool tweezers","Fine-Tipped Tick Removal Tool Set","3","1261","80","false","TopPick"
"/blog/blacklegged-deer-tick-ontario","tick","buzzskito-tick-20","true","buzzskito-tick-20","true","search","","insect shield permethrin treated clothing","Check price on Amazon.ca →","4","1526","97","false","BuyLink"
"/blog/blacklegged-deer-tick-ontario","tick","buzzskito-tick-20","true","buzzskito-tick-20","true","search","","icaridin insect repellent","See tick repellents on Amazon.ca →","5","1530","97","false","BuyLink"
"/blog/blacklegged-deer-tick-ontario","tick","buzzskito-tick-20","true","buzzskito-tick-20","true","search","","tick removal tool tweezers","Fine-Tipped Tick Removal Tool Set","6","1574","100","sticky","StickyBuyBar"
"/blog/brush-cutter-for-overgrown-yard-canada","general","buzzskito-general-20","true","buzzskito-general-20","false","search","","gas brush cutter straight shaft","Straight-Shaft Brush Cutter","1","94","4","sticky","StickyBuyBar"
"/blog/brush-cutter-for-overgrown-yard-canada","general","buzzskito-general-20","true","buzzskito-general-20","false","search","","search","See options &rarr;","2","418","16","true","BuyLink"
"/blog/brush-cutter-for-overgrown-yard-canada","general","buzzskito-general-20","true","buzzskito-general-20","false","search","","gas brush cutter straight shaft","See straight-shaft brush cutters &rarr;","3","465","18","true","BuyLink"
"/blog/brush-cutter-for-overgrown-yard-canada","general","buzzskito-general-20","true","buzzskito-general-20","false","search","","heavy duty straight shaft string trimmer","See heavy string trimmers &rarr;","4","469","18","true","BuyLink"
"/blog/brush-cutter-for-overgrown-yard-canada","general","buzzskito-general-20","true","buzzskito-general-20","false","search","","gas brush cutter straight shaft","Straight-shaft gas cutters &rarr;","5","1048","41","false","BuyLink"
"/blog/brush-cutter-for-overgrown-yard-canada","general","buzzskito-general-20","true","buzzskito-general-20","false","search","","battery brush cutter 80v","80V battery cutters &rarr;","6","1051","41","false","BuyLink"
"/blog/brush-cutter-for-overgrown-yard-canada","general","buzzskito-general-20","true","buzzskito-general-20","false","search","","0.095 trimmer line spool","0.095 in line spools &rarr;","7","1203","47","false","BuyLink"
"/blog/brush-cutter-for-overgrown-yard-canada","general","buzzskito-general-20","true","buzzskito-general-20","false","search","","heavy duty trimmer line 0.130","Heavy 0.130 in line &rarr;","8","1206","47","false","BuyLink"
"/blog/brush-cutter-for-overgrown-yard-canada","general","buzzskito-general-20","true","buzzskito-general-20","false","search","","brush cutter tri blade kit","Tri-blade &amp; brush blade kits &rarr;","9","1426","56","false","BuyLink"
"/blog/brush-cutter-for-overgrown-yard-canada","general","buzzskito-general-20","true","buzzskito-general-20","false","search","","forestry helmet face shield ear muffs","Forestry helmets &rarr;","10","1671","66","false","BuyLink"
"/blog/brush-cutter-for-overgrown-yard-canada","general","buzzskito-general-20","true","buzzskito-general-20","false","search","","brush cutter double shoulder harness","Harnesses &rarr;","11","1673","66","false","BuyLink"
"/blog/brush-cutter-for-overgrown-yard-canada","general","buzzskito-general-20","true","buzzskito-general-20","false","search","","chainsaw chaps","Chaps &rarr;","12","1674","66","false","BuyLink"
"/blog/brush-cutter-for-overgrown-yard-canada","general","buzzskito-general-20","true","buzzskito-general-20","false","search","","gauntlet leather work gloves","Gauntlet gloves &rarr;","13","1675","66","false","BuyLink"
"/blog/brush-cutter-for-overgrown-yard-canada","general","buzzskito-general-20","true","buzzskito-general-20","false","search","","anti fog safety glasses","Safety glasses &rarr;","14","1677","66","false","BuyLink"
"/blog/bug-protective-clothing-canada","general","buzzskito-general-20","true","buzzskito-general-20","true","search","","sea to summit mosquito head net","Sea to Summit Mosquito Head Net","1","76","3","sticky","StickyBuyBar"
"/blog/bug-protective-clothing-canada","general","buzzskito-general-20","true","buzzskito-general-20","true","search","","coghlans bug jacket","Check the Coghlan&rsquo;s Bug Jacket on Amazon.ca &rarr;","2","333","14","true","BuyLink"
"/blog/bug-protective-clothing-canada","general","buzzskito-general-20","true","buzzskito-general-20","true","search","","sea to summit mosquito head net","Sea to Summit Head Net &rarr;","3","340","14","true","BuyLink"
"/blog/bug-protective-clothing-canada","general","buzzskito-general-20","true","buzzskito-general-20","true","search","","coghlans bug jacket","Check price on Amazon.ca &rarr;","4","758","32","false","BuyLink"
"/blog/bug-protective-clothing-canada","general","buzzskito-general-20","true","buzzskito-general-20","true","search","","coghlans bug pants","Check price on Amazon.ca &rarr;","5","881","37","false","BuyLink"
"/blog/bug-protective-clothing-canada","general","buzzskito-general-20","true","buzzskito-general-20","true","search","","sea to summit mosquito head net","Check price on Amazon.ca &rarr;","6","1055","44","false","BuyLink"
"/blog/bug-protective-clothing-canada","general","buzzskito-general-20","true","buzzskito-general-20","true","search","","sea to summit ultra mesh head net","Check price on Amazon.ca &rarr;","7","1204","50","false","BuyLink"
"/blog/bug-protective-clothing-canada","general","buzzskito-general-20","true","buzzskito-general-20","true","search","","insectguard permethrin sleeves","Check price on Amazon.ca &rarr;","8","1373","57","false","BuyLink"
"/blog/bug-zappers-canada-do-they-work","general","buzzskito-general-20","true","buzzskito-general-20","true","search","","flowtron bk-40d bug zapper","Flowtron BK-40D Electronic Insect Killer","1","66","1","sticky","StickyBuyBar"
"/blog/bug-zappers-canada-do-they-work","general","buzzskito-general-20","true","buzzskito-general-20","true","search","","flowtron bk-40d bug zapper","Flowtron BK-40D","2","220","3","true","AmazonLink"
"/blog/bug-zappers-canada-do-they-work","general","buzzskito-general-20","true","buzzskito-general-20","true","search","","flowtron bk-40d bug zapper","Check price on Amazon.ca →","3","256","3","true","BuyLink"
"/blog/bug-zappers-canada-do-they-work","general","buzzskito-general-20","true","buzzskito-general-20","true","search","","dynatrap mosquito trap","See a real mosquito trap on Amazon.ca →","4","711","9","false","BuyLink"
"/blog/bug-zappers-canada-do-they-work","general","buzzskito-general-20","true","buzzskito-general-20","true","search","","flowtron bug zapper outdoor","Check Flowtron price on Amazon.ca →","5","1099","13","false","BuyLink"
"/blog/bug-zappers-canada-do-they-work","general","buzzskito-general-20","true","buzzskito-general-20","true","search","","solar bug zapper outdoor","See solar bug zappers on Amazon.ca →","6","1638","20","false","BuyLink"
"/blog/bug-zappers-canada-do-they-work","general","buzzskito-general-20","true","buzzskito-general-20","true","search","","flowtron bk-40d bug zapper","Check Flowtron BK-40D price →","7","1804","22","false","BuyLink"
"/blog/bug-zappers-canada-do-they-work","general","buzzskito-general-20","true","buzzskito-general-20","true","search","","bug zapper outdoor","Browse outdoor bug zappers →","8","1808","22","false","BuyLink"
"/blog/bug-zappers-canada-do-they-work","general","buzzskito-general-20","true","buzzskito-general-20","true","search","","mosquito dunks bti","check BTI dunks on Amazon.ca &rarr;","9","2466","30","false","BuyLink"
"/blog/bug-zappers-canada-do-they-work","general","buzzskito-general-20","true","buzzskito-general-20","true","search","","thermacell mosquito repeller","check patio repellers on Amazon.ca &rarr;","10","2521","30","false","BuyLink"
"/blog/bug-zappers-canada-do-they-work","general","buzzskito-general-20","true","buzzskito-general-20","true","search","","electric fly swatter racket rechargeable","Check racket zappers on Amazon.ca →","11","3819","46","false","BuyLink"
"/blog/bug-zappers-canada-do-they-work","general","buzzskito-general-20","true","buzzskito-general-20","true","search","","bug zapper outdoor 1 acre","Compare acre-rated bug zappers →","12","5208","62","false","BuyLink"
"/blog/bug-zappers-canada-do-they-work","general","buzzskito-general-20","true","buzzskito-general-20","true","search","","electric fly swatter racket rechargeable","Compare handheld racket zappers →","13","5212","63","false","BuyLink"
"/blog/bug-zappers-canada-do-they-work","general","buzzskito-general-20","true","buzzskito-general-20","true","search","","outdoor extension cord","check outdoor extension cords on Amazon.ca &rarr;","14","5435","65","false","BuyLink"
"/blog/bug-zappers-canada-do-they-work","general","buzzskito-general-20","true","buzzskito-general-20","true","search","","bug zapper replacement bulb","check replacement UV tubes on Amazon.ca &rarr;","15","5789","69","false","BuyLink"
"/blog/bugs-that-look-like-bed-bugs-canada","bedbug","buzzskito-bedbug-20","true","buzzskito-bedbug-20","false","search","","climbup bed bug interceptor","ClimbUp bed bug interceptors (the confirm-or-rule-out device)","1","131","3","sticky","StickyBuyBar"
"/blog/bugs-that-look-like-bed-bugs-canada","bedbug","buzzskito-bedbug-20","true","buzzskito-bedbug-20","false","search","","climbup bed bug interceptor","Check price on Amazon.ca &rarr;","2","485","13","true","BuyLink"
"/blog/bugs-that-look-like-bed-bugs-canada","bedbug","buzzskito-bedbug-20","true","buzzskito-bedbug-20","false","search","","bed bug inspection flashlight magnifier kit","Check price on Amazon.ca &rarr;","3","548","14","true","BuyLink"
"/blog/bugs-that-look-like-bed-bugs-canada","bedbug","buzzskito-bedbug-20","true","buzzskito-bedbug-20","false","search","","climbup bed bug interceptor","Interceptor cups &rarr;","4","1652","43","false","BuyLink"
"/blog/bugs-that-look-like-bed-bugs-canada","bedbug","buzzskito-bedbug-20","true","buzzskito-bedbug-20","false","search","","bed bug inspection flashlight magnifier kit","Flashlight + magnifier &rarr;","5","1654","43","false","BuyLink"
"/blog/bugs-that-look-like-bed-bugs-canada","bedbug","buzzskito-bedbug-20","true","buzzskito-bedbug-20","false","search","","carpet beetle pheromone trap","Check carpet beetle pheromone traps &rarr;","6","2033","53","false","BuyLink"
"/blog/bugs-that-look-like-bed-bugs-canada","bedbug","buzzskito-bedbug-20","true","buzzskito-bedbug-20","false","search","","active bed bug monitor co2","Check active CO&#8322; monitors on Amazon.ca &rarr;","7","3204","84","false","BuyLink"
"/blog/bugs-that-look-like-ticks","tick","buzzskito-tick-20","true","buzzskito-tick-20","true","search","","lighted handheld magnifying glass","Check price on Amazon.ca &rarr;","1","756","13","false","BuyLink"
"/blog/bugs-that-look-like-ticks","tick","buzzskito-tick-20","true","buzzskito-tick-20","true","search","","tick removal tool tweezers","Check price on Amazon.ca &rarr;","2","816","14","false","BuyLink"
"/blog/bugs-that-look-like-ticks","tick","buzzskito-tick-20","true","buzzskito-tick-20","true","search","","basement dehumidifier","Check basement dehumidifiers on Amazon.ca &rarr;","3","3273","55","false","BuyLink"
"/blog/bugs-that-look-like-ticks","tick","buzzskito-tick-20","true","buzzskito-tick-20","true","search","","flea comb for dogs and cats","Check flea combs on Amazon.ca &rarr;","4","3492","59","false","BuyLink"
"/blog/bugs-that-look-like-ticks","tick","buzzskito-tick-20","true","buzzskito-tick-20","true","search","","tick removal tool tweezers","check tick-removal tools on Amazon.ca &rarr;","5","3744","63","false","BuyLink"
"/blog/bugs-that-look-like-ticks","tick","buzzskito-tick-20","true","buzzskito-tick-20","true","search","","tick removal tool tweezers","Fine-Tipped Tick Removal Tool","6","3765","64","false","TopPick"
"/blog/bugs-that-look-like-ticks","tick","buzzskito-tick-20","true","buzzskito-tick-20","true","search","","lighted handheld magnifying glass","Check lighted magnifiers on Amazon.ca &rarr;","7","4662","79","false","BuyLink"
"/blog/bugs-that-look-like-ticks","tick","buzzskito-tick-20","true","buzzskito-tick-20","true","search","","small screw top specimen vials","Check price on Amazon.ca &rarr;","8","4976","84","false","BuyLink"
"/blog/bugs-that-look-like-ticks","tick","buzzskito-tick-20","true","buzzskito-tick-20","true","search","","tick removal tool tweezers","Fine-Tipped Tick Removal Tool","9","5919","100","sticky","StickyBuyBar"
"/blog/can-mosquitoes-bite-through-clothes","mosquito","buzzskito-mosquito-20","true","buzzskito-mosquito-20","true","search","","insectguard permethrin treated shirt","Permethrin-treated shirt on Amazon.ca →","1","1082","73","false","BuyLink"
"/blog/can-mosquitoes-bite-through-clothes","mosquito","buzzskito-mosquito-20","true","buzzskito-mosquito-20","true","search","","coghlans bug jacket","Coghlan&rsquo;s bug jacket →","2","1086","73","false","BuyLink"
"/blog/can-mosquitoes-bite-through-clothes","mosquito","buzzskito-mosquito-20","true","buzzskito-mosquito-20","true","search","","insectguard permethrin treated shirt","Permethrin-Treated Shirt (factory Insect Shield)","3","1089","73","false","TopPick"
"/blog/can-mosquitoes-bite-through-clothes","mosquito","buzzskito-mosquito-20","true","buzzskito-mosquito-20","true","search","","insectguard permethrin treated shirt","Permethrin-Treated Shirt","4","1482","100","sticky","StickyBuyBar"
"/blog/can-ticks-fly-jump-swim","tick","buzzskito-tick-20","true","buzzskito-tick-20","true","search","","tick removal tool tweezers","Check price on Amazon.ca →","1","252","17","true","BuyLink"
"/blog/can-ticks-fly-jump-swim","tick","buzzskito-tick-20","true","buzzskito-tick-20","true","search","","insect shield permethrin treated clothing","Check insect shield permethrin treated clothing on Amazon.ca →","2","1106","73","false","BuyLink"
"/blog/can-ticks-fly-jump-swim","tick","buzzskito-tick-20","true","buzzskito-tick-20","true","search","","hiking gaiters over boot","Check hiking gaiters on Amazon.ca &rarr;","3","1184","79","false","BuyLink"
"/blog/can-ticks-fly-jump-swim","tick","buzzskito-tick-20","true","buzzskito-tick-20","true","search","","cordless string trimmer","Check string trimmers on Amazon.ca &rarr;","4","1426","95","false","BuyLink"
"/blog/can-ticks-fly-jump-swim","tick","buzzskito-tick-20","true","buzzskito-tick-20","true","search","","tick removal tool tweezers","Check tick-removal tools on Amazon.ca →","5","1471","98","false","BuyLink"
"/blog/can-ticks-fly-jump-swim","tick","buzzskito-tick-20","true","buzzskito-tick-20","true","search","","tick removal tool tweezers","Fine-Tipped Tick Removal Tool","6","1476","98","false","TopPick"
"/blog/can-ticks-fly-jump-swim","tick","buzzskito-tick-20","true","buzzskito-tick-20","true","search","","tick removal tool tweezers","Fine-Tipped Tick Removal Tool","7","1505","100","sticky","StickyBuyBar"
"/blog/carpenter-ants-canada","ant","buzzskito-ant-20","true","buzzskito-ant-20","false","search","","pinless wood moisture meter","Pinless wood moisture meter","1","96","2","sticky","StickyBuyBar"
"/blog/carpenter-ants-canada","ant","buzzskito-ant-20","true","buzzskito-ant-20","false","search","","pinless wood moisture meter","Moisture meter &rarr;","2","1023","21","false","BuyLink"
"/blog/carpenter-ants-canada","ant","buzzskito-ant-20","true","buzzskito-ant-20","false","search","","liquid ant bait stations borax","Liquid borax baits &rarr;","3","1025","21","false","BuyLink"
"/blog/carpenter-ants-canada","ant","buzzskito-ant-20","true","buzzskito-ant-20","false","search","","diatomaceous earth insect duster","DE + duster &rarr;","4","1028","21","false","BuyLink"
"/blog/carpenter-ants-canada","ant","buzzskito-ant-20","true","buzzskito-ant-20","false","search","","pinless wood moisture meter","Check pinless moisture meters on Amazon.ca &rarr;","5","2849","57","false","BuyLink"
"/blog/carpenter-ants-canada","ant","buzzskito-ant-20","true","buzzskito-ant-20","false","search","","liquid ant bait stations borax","Check liquid borax ant baits on Amazon.ca &rarr;","6","3637","73","false","BuyLink"
"/blog/carpenter-ants-canada","ant","buzzskito-ant-20","true","buzzskito-ant-20","false","search","","diatomaceous earth insect duster","Check DE + duster kits on Amazon.ca &rarr;","7","3926","79","false","BuyLink"
"/blog/chapin-battery-backpack-sprayer-review-canada","sprayer","buzzskito-sprayer-20","true","buzzskito-sprayer-20","true","search","","chapin 63924 battery backpack sprayer","Chapin 63924 24V battery backpack sprayer","1","81","4","sticky","StickyBuyBar"
"/blog/chapin-battery-backpack-sprayer-review-canada","sprayer","buzzskito-sprayer-20","true","buzzskito-sprayer-20","true","search","","chapin 63924 battery backpack sprayer","Chapin 63924 24V Wide-Mouth Battery Backpack Sprayer (4 gal / ~15 L)","2","269","13","true","TopPick"
"/blog/chapin-battery-backpack-sprayer-review-canada","sprayer","buzzskito-sprayer-20","true","buzzskito-sprayer-20","true","search","","chapin 63924 battery backpack sprayer","Check price on Amazon.ca →","3","350","17","true","BuyLink"
"/blog/chapin-battery-backpack-sprayer-review-canada","sprayer","buzzskito-sprayer-20","true","buzzskito-sprayer-20","true","search","","chapin 20v battery backpack sprayer","Check price on Amazon.ca →","4","375","18","true","BuyLink"
"/blog/chapin-battery-backpack-sprayer-review-canada","sprayer","buzzskito-sprayer-20","true","buzzskito-sprayer-20","true","search","","manual pump backpack sprayer","Check price on Amazon.ca →","5","402","20","true","BuyLink"
"/blog/chapin-battery-backpack-sprayer-review-canada","sprayer","buzzskito-sprayer-20","true","buzzskito-sprayer-20","true","search","","1 gallon handheld pump sprayer","Check price on Amazon.ca →","6","426","21","true","BuyLink"
"/blog/chapin-battery-backpack-sprayer-review-canada","sprayer","buzzskito-sprayer-20","true","buzzskito-sprayer-20","true","search","","chapin 63924 battery backpack sprayer","Chapin 63924 (24V) →","7","712","35","false","BuyLink"
"/blog/chapin-battery-backpack-sprayer-review-canada","sprayer","buzzskito-sprayer-20","true","buzzskito-sprayer-20","true","search","","chapin 20v battery backpack sprayer","Chapin 20V →","8","713","35","false","BuyLink"
"/blog/chapin-battery-backpack-sprayer-review-canada","sprayer","buzzskito-sprayer-20","true","buzzskito-sprayer-20","true","search","","manual pump backpack sprayer","Manual backpack →","9","714","35","false","BuyLink"
"/blog/chigger-bites","general","buzzskito-general-20","true","buzzskito-general-20","true","search","","calamine lotion","Check price on Amazon.ca &rarr;","1","377","352","true","BuyLink"
"/blog/chigger-bites","general","buzzskito-general-20","true","buzzskito-general-20","true","search","","reusable gel cold pack","Check price on Amazon.ca &rarr;","2","421","393","true","BuyLink"
"/blog/chigger-bites","general","buzzskito-general-20","true","buzzskito-general-20","true","search","","calamine lotion","Calamine lotion","3","3013","2816","false","TopPick"
"/blog/chigger-bites","general","buzzskito-general-20","true","buzzskito-general-20","true","search","","calamine lotion","Check calamine lotion on Amazon &rarr;","4","3013","2816","false","BuyLink"
"/blog/chigger-bites","general","buzzskito-general-20","true","buzzskito-general-20","true","search","","chigger bite itch relief cream","Check anti-itch creams on Amazon &rarr;","5","3018","2821","false","BuyLink"
"/blog/chigger-bites","general","buzzskito-general-20","true","buzzskito-general-20","true","search","","reusable gel cold pack","Check reusable cold packs on Amazon &rarr;","6","3091","2889","false","BuyLink"
"/blog/chigger-bites","general","buzzskito-general-20","true","buzzskito-general-20","true","search","","oral antihistamine allergy tablets","Check oral antihistamines on Amazon &rarr;","7","3440","3215","false","BuyLink"
"/blog/chigger-bites","general","buzzskito-general-20","true","buzzskito-general-20","true","search","","hydrocolloid bug bite patches","Check bite patches and spot plasters on Amazon &rarr;","8","3751","3506","false","BuyLink"
"/blog/chigger-bites","general","buzzskito-general-20","true","buzzskito-general-20","true","search","","insectguard permethrin gaiters","Check permethrin-treated gaiters on Amazon &rarr;","9","5924","5536","false","BuyLink"
"/blog/chigger-bites","general","buzzskito-general-20","true","buzzskito-general-20","true","search","","picaridin insect repellent","Check picaridin repellents on Amazon &rarr;","10","6211","5805","false","BuyLink"
"/blog/chigger-bites","general","buzzskito-general-20","true","buzzskito-general-20","true","search","","calamine lotion","Calamine lotion","11","107","100","sticky","StickyBuyBar"
"/blog/cimexa-bed-bug-review-canada","bedbug","buzzskito-bedbug-20","true","buzzskito-bedbug-20","true","search","","cimexa insecticide dust","CimeXa silica gel dust","1","88","3","sticky","StickyBuyBar"
"/blog/cimexa-bed-bug-review-canada","bedbug","buzzskito-bedbug-20","true","buzzskito-bedbug-20","true","search","","cimexa insecticide dust","CimeXa Silica Gel Dust — pro-grade bed bug desiccant","2","311","12","true","TopPick"
"/blog/cimexa-bed-bug-review-canada","bedbug","buzzskito-bedbug-20","true","buzzskito-bedbug-20","true","search","","cimexa insecticide dust","Check price on Amazon.ca &rarr;","3","411","16","true","BuyLink"
"/blog/cimexa-bed-bug-review-canada","bedbug","buzzskito-bedbug-20","true","buzzskito-bedbug-20","true","search","","diatomaceous earth bed bugs food grade","Check price on Amazon.ca &rarr;","4","448","17","true","BuyLink"
"/blog/cimexa-bed-bug-review-canada","bedbug","buzzskito-bedbug-20","true","buzzskito-bedbug-20","true","search","","cimexa insecticide dust","CimeXa dust on Amazon.ca &rarr;","5","857","33","false","BuyLink"
"/blog/cimexa-bed-bug-review-canada","bedbug","buzzskito-bedbug-20","true","buzzskito-bedbug-20","true","search","","bellows hand duster pest control","Hand duster &rarr;","6","861","33","false","BuyLink"
"/blog/cimexa-bed-bug-review-canada","bedbug","buzzskito-bedbug-20","true","buzzskito-bedbug-20","true","search","","cimexa insecticide dust","Check CimeXa on Amazon.ca &rarr;","7","1852","72","false","BuyLink"
"/blog/citronella-candles-canada-do-they-work","mosquito","buzzskito-mosquito-20","true","buzzskito-mosquito-20","true","search","","citronella candle outdoor","Check citronella candle price on Amazon.ca →","1","394","28","true","BuyLink"
"/blog/citronella-candles-canada-do-they-work","mosquito","buzzskito-mosquito-20","true","buzzskito-mosquito-20","true","search","","citronella coils","Citronella coils →","2","400","29","true","BuyLink"
"/blog/citronella-candles-canada-do-they-work","mosquito","buzzskito-mosquito-20","true","buzzskito-mosquito-20","true","search","","citronella candle tin","Check price on Amazon.ca →","3","484","35","true","BuyLink"
"/blog/citronella-candles-canada-do-they-work","mosquito","buzzskito-mosquito-20","true","buzzskito-mosquito-20","true","search","","citronella bucket candle 3 wick","Check price on Amazon.ca →","4","498","36","true","BuyLink"
"/blog/citronella-candles-canada-do-they-work","mosquito","buzzskito-mosquito-20","true","buzzskito-mosquito-20","true","search","","citronella torch fuel","Check price on Amazon.ca →","5","513","37","true","BuyLink"
"/blog/citronella-candles-canada-do-they-work","mosquito","buzzskito-mosquito-20","true","buzzskito-mosquito-20","true","search","","citronella coils","Check price on Amazon.ca →","6","525","38","true","BuyLink"
"/blog/citronella-candles-canada-do-they-work","mosquito","buzzskito-mosquito-20","true","buzzskito-mosquito-20","true","search","","citronella incense sticks","Check price on Amazon.ca →","7","535","39","true","BuyLink"
"/blog/citronella-candles-canada-do-they-work","mosquito","buzzskito-mosquito-20","true","buzzskito-mosquito-20","true","search","","citronella spray repellent","Check price on Amazon.ca →","8","548","39","true","BuyLink"
"/blog/citronella-candles-canada-do-they-work","mosquito","buzzskito-mosquito-20","true","buzzskito-mosquito-20","true","search","","citronella coils","Check coil prices →","9","576","41","true","BuyLink"
"/blog/cluster-flies-in-house-canada","flies","buzzskito-flies-20","true","buzzskito-flies-20","false","search","","window fly traps clear sticky","Clear window fly traps","1","104","5","sticky","StickyBuyBar"
"/blog/cluster-flies-in-house-canada","flies","buzzskito-flies-20","true","buzzskito-flies-20","false","search","","window fly traps clear sticky","Check clear window fly traps &rarr;","2","1469","72","false","BuyLink"
"/blog/cluster-flies-in-house-canada","flies","buzzskito-flies-20","true","buzzskito-flies-20","false","search","","indoor fly light trap plug in uv","Check plug-in light traps &rarr;","3","1474","72","false","BuyLink"
"/blog/cluster-flies-in-house-canada","flies","buzzskito-flies-20","true","buzzskito-flies-20","false","search","","cordless handheld vacuum","Check handheld vacuums &rarr;","4","1478","72","false","BuyLink"
"/blog/co2-mosquito-trap-canada","mosquito","buzzskito-mosquito-20","true","buzzskito-mosquito-20","true","search","","biogents mosquitaire mosquito trap","Biogents BG-Mosquitaire (electric CO2 mosquito trap)","1","76","4","sticky","StickyBuyBar"
"/blog/co2-mosquito-trap-canada","mosquito","buzzskito-mosquito-20","true","buzzskito-mosquito-20","true","search","","biogents mosquitaire mosquito trap","BG-Mosquitaire","2","88","5","true","AmazonLink"
"/blog/co2-mosquito-trap-canada","mosquito","buzzskito-mosquito-20","true","buzzskito-mosquito-20","true","search","","biogents mosquitaire mosquito trap","Check price on Amazon.ca →","3","245","13","true","BuyLink"
"/blog/co2-mosquito-trap-canada","mosquito","buzzskito-mosquito-20","true","buzzskito-mosquito-20","true","search","","biogents bg-home mosquito trap","Check price on Amazon.ca","4","360","19","true","BuyLink"
"/blog/co2-mosquito-trap-canada","mosquito","buzzskito-mosquito-20","true","buzzskito-mosquito-20","true","search","","biogents gat trap kit","BG-GAT trap kit →","5","364","19","true","BuyLink"
"/blog/co2-mosquito-trap-canada","mosquito","buzzskito-mosquito-20","true","buzzskito-mosquito-20","true","search","","biogents bg booster co2","CO2 booster →","6","367","19","true","BuyLink"
"/blog/co2-mosquito-trap-canada","mosquito","buzzskito-mosquito-20","true","buzzskito-mosquito-20","true","search","","biogents bg-lure refill","Check BG-Lure refills on Amazon.ca →","7","849","44","false","BuyLink"
"/blog/co2-mosquito-trap-canada","mosquito","buzzskito-mosquito-20","true","buzzskito-mosquito-20","true","search","","biogents gat trap kit","Check BG-GAT kits on Amazon.ca","8","1202","62","false","BuyLink"
"/blog/co2-mosquito-trap-canada","mosquito","buzzskito-mosquito-20","true","buzzskito-mosquito-20","true","search","","mosquito trap octenol attractant","Check octenol attractant cartridges →","9","1374","71","false","BuyLink"
"/blog/co2-mosquito-trap-canada","mosquito","buzzskito-mosquito-20","true","buzzskito-mosquito-20","true","search","","tick remover tool","Check tick removal tools on Amazon.ca →","10","1792","93","false","BuyLink"
"/blog/crawl-space-dehumidifier-vs-vapour-barrier-canada","dehumidifier","buzzskito-dehumidifier-20","true","buzzskito-dehumidifier-20","false","search","","reinforced crawl space vapor barrier 12 mil","Reinforced crawl space vapour barrier","1","102","5","sticky","StickyBuyBar"
"/blog/crawl-space-dehumidifier-vs-vapour-barrier-canada","dehumidifier","buzzskito-dehumidifier-20","true","buzzskito-dehumidifier-20","false","search","","reinforced crawl space vapor barrier 12 mil","Check price on Amazon.ca &rarr;","2","457","22","true","BuyLink"
"/blog/crawl-space-dehumidifier-vs-vapour-barrier-canada","dehumidifier","buzzskito-dehumidifier-20","true","buzzskito-dehumidifier-20","false","search","","crawl space dehumidifier low temperature","Check price on Amazon.ca &rarr;","3","480","23","true","BuyLink"
"/blog/crawl-space-dehumidifier-vs-vapour-barrier-canada","dehumidifier","buzzskito-dehumidifier-20","true","buzzskito-dehumidifier-20","false","search","","crawl space dehumidifier low temperature","Check price on Amazon.ca &rarr;","4","507","24","true","BuyLink"
"/blog/crawl-space-dehumidifier-vs-vapour-barrier-canada","dehumidifier","buzzskito-dehumidifier-20","true","buzzskito-dehumidifier-20","false","search","","wireless hygrometer remote humidity sensor","Measure first &rarr;","5","536","26","true","BuyLink"
"/blog/crawl-space-dehumidifier-vs-vapour-barrier-canada","dehumidifier","buzzskito-dehumidifier-20","true","buzzskito-dehumidifier-20","false","search","","reinforced crawl space vapor barrier 12 mil","Reinforced barrier &rarr;","6","806","39","false","BuyLink"
"/blog/crawl-space-dehumidifier-vs-vapour-barrier-canada","dehumidifier","buzzskito-dehumidifier-20","true","buzzskito-dehumidifier-20","false","search","","crawl space vapor barrier seam tape","Seam tape &rarr;","7","808","39","false","BuyLink"
"/blog/crawl-space-dehumidifier-vs-vapour-barrier-canada","dehumidifier","buzzskito-dehumidifier-20","true","buzzskito-dehumidifier-20","false","search","","crawl space dehumidifier low temperature","Crawl space dehumidifier &rarr;","8","810","39","false","BuyLink"
"/blog/crawl-space-dehumidifier-vs-vapour-barrier-canada","dehumidifier","buzzskito-dehumidifier-20","true","buzzskito-dehumidifier-20","false","search","","condensate pump dehumidifier","Condensate pump &rarr;","9","813","39","false","BuyLink"
"/blog/crossfire-bed-bug-concentrate-review-canada","bedbug","buzzskito-bedbug-20","true","buzzskito-bedbug-20","true","search","","cimexa insecticide dust bed bug","PMRA-registered silica desiccant dust (Canada-legal)","1","96","4","sticky","StickyBuyBar"
"/blog/crossfire-bed-bug-concentrate-review-canada","bedbug","buzzskito-bedbug-20","true","buzzskito-bedbug-20","true","search","","cimexa insecticide dust bed bug","Check price on Amazon.ca →","2","283","13","true","BuyLink"
"/blog/crossfire-bed-bug-concentrate-review-canada","bedbug","buzzskito-bedbug-20","true","buzzskito-bedbug-20","true","search","","cimexa insecticide dust bed bug","PMRA-Registered Silica Desiccant Dust","3","287","13","true","TopPick"
"/blog/crossfire-bed-bug-concentrate-review-canada","bedbug","buzzskito-bedbug-20","true","buzzskito-bedbug-20","true","search","","cimexa insecticide dust bed bug","Check price on Amazon.ca →","4","385","18","true","BuyLink"
"/blog/crossfire-bed-bug-concentrate-review-canada","bedbug","buzzskito-bedbug-20","true","buzzskito-bedbug-20","true","search","","dupray bed bug steamer","Check price on Amazon.ca →","5","408","19","true","BuyLink"
"/blog/crossfire-bed-bug-concentrate-review-canada","bedbug","buzzskito-bedbug-20","true","buzzskito-bedbug-20","true","search","","konk bed bug killer spray canada","Check price on Amazon.ca →","6","432","20","true","BuyLink"
"/blog/crossfire-bed-bug-concentrate-review-canada","bedbug","buzzskito-bedbug-20","true","buzzskito-bedbug-20","true","search","","bed bug interceptor traps","Check price on Amazon.ca →","7","452","21","true","BuyLink"
"/blog/crossfire-bed-bug-concentrate-review-canada","bedbug","buzzskito-bedbug-20","true","buzzskito-bedbug-20","true","search","","cimexa insecticide dust bed bug","Silica desiccant dust →","8","725","34","false","BuyLink"
"/blog/crossfire-bed-bug-concentrate-review-canada","bedbug","buzzskito-bedbug-20","true","buzzskito-bedbug-20","true","search","","dupray bed bug steamer","Dry-vapour steamer →","9","728","34","false","BuyLink"
"/blog/crossfire-bed-bug-concentrate-review-canada","bedbug","buzzskito-bedbug-20","true","buzzskito-bedbug-20","true","search","","bed bug interceptor traps","Interceptor traps →","10","730","34","false","BuyLink"
"/blog/deer-flies-horse-flies-ontario","flies","buzzskito-flies-20","true","buzzskito-flies-20","true","search","","deer fly trap patch","Deer fly hat patches on Amazon.ca →","1","305","20","true","BuyLink"
"/blog/deer-flies-horse-flies-ontario","flies","buzzskito-flies-20","true","buzzskito-flies-20","true","search","","deer fly sticky trap","Blue sticky ball traps →","2","311","21","true","BuyLink"
"/blog/deer-flies-horse-flies-ontario","flies","buzzskito-flies-20","true","buzzskito-flies-20","true","search","","deer fly sticky trap","Blue Sticky Ball Deer Fly Trap","3","315","21","true","TopPick"
"/blog/deer-flies-horse-flies-ontario","flies","buzzskito-flies-20","true","buzzskito-flies-20","true","search","","deer fly sticky trap","Check blue sticky trap prices →","4","782","52","false","BuyLink"
"/blog/deer-flies-horse-flies-ontario","flies","buzzskito-flies-20","true","buzzskito-flies-20","true","search","","deer fly trap patch","Check hat patch prices →","5","787","53","false","BuyLink"
"/blog/deer-flies-horse-flies-ontario","flies","buzzskito-flies-20","true","buzzskito-flies-20","true","search","","deer fly trap patch","deer fly hat patch","6","1159","78","false","BuyLink"
"/blog/deer-flies-horse-flies-ontario","flies","buzzskito-flies-20","true","buzzskito-flies-20","true","search","","deer fly sticky trap","Blue Sticky Ball Deer Fly Trap","7","1493","100","sticky","StickyBuyBar"
"/blog/deer-tick-vs-dog-tick-canada","tick","buzzskito-tick-20","true","buzzskito-tick-20","true","search","","tick removal kit with magnifier","Check price on Amazon.ca &rarr;","1","441","25","true","BuyLink"
"/blog/deer-tick-vs-dog-tick-canada","tick","buzzskito-tick-20","true","buzzskito-tick-20","true","search","","tick removal tool tweezers","Tick-Removal Tool Set (fine-tip tweezers + tick key)","2","1506","84","false","TopPick"
"/blog/deer-tick-vs-dog-tick-canada","tick","buzzskito-tick-20","true","buzzskito-tick-20","true","search","","tick removal tool tweezers","Check tick-removal tools on Amazon.ca →","3","1506","84","false","BuyLink"
"/blog/deer-tick-vs-dog-tick-canada","tick","buzzskito-tick-20","true","buzzskito-tick-20","true","search","","flea and tick comb for dogs","See flea and tick combs on Amazon.ca &rarr;","4","1752","98","false","BuyLink"
"/blog/deer-tick-vs-dog-tick-canada","tick","buzzskito-tick-20","true","buzzskito-tick-20","true","search","","tick removal tool tweezers","Tick-Removal Tool Set (tweezers + key)","5","1795","100","sticky","StickyBuyBar"
"/blog/desiccant-vs-compressor-dehumidifier-canada","dehumidifier","buzzskito-dehumidifier-20","true","buzzskito-dehumidifier-20","false","search","","ivation desiccant dehumidifier","Desiccant dehumidifier for cold rooms","1","113","5","sticky","StickyBuyBar"
"/blog/desiccant-vs-compressor-dehumidifier-canada","dehumidifier","buzzskito-dehumidifier-20","true","buzzskito-dehumidifier-20","false","search","","ivation desiccant dehumidifier","Check price on Amazon.ca →","2","536","26","true","BuyLink"
"/blog/desiccant-vs-compressor-dehumidifier-canada","dehumidifier","buzzskito-dehumidifier-20","true","buzzskito-dehumidifier-20","false","search","","dehumidifier auto defrost energy star continuous drain","Check price on Amazon.ca →","3","540","26","true","BuyLink"
"/blog/desiccant-vs-compressor-dehumidifier-canada","dehumidifier","buzzskito-dehumidifier-20","true","buzzskito-dehumidifier-20","false","search","","ivation desiccant dehumidifier","Desiccant (cold rooms) →","4","791","38","false","BuyLink"
"/blog/desiccant-vs-compressor-dehumidifier-canada","dehumidifier","buzzskito-dehumidifier-20","true","buzzskito-dehumidifier-20","false","search","","dehumidifier auto defrost energy star continuous drain","Compressor (heated rooms) →","5","794","38","false","BuyLink"
"/blog/desiccant-vs-compressor-dehumidifier-canada","dehumidifier","buzzskito-dehumidifier-20","true","buzzskito-dehumidifier-20","false","search","","dehumidifier continuous drain hose kit","Drain hose kit →","6","797","38","false","BuyLink"
"/blog/desiccant-vs-compressor-dehumidifier-canada","dehumidifier","buzzskito-dehumidifier-20","true","buzzskito-dehumidifier-20","false","search","","digital hygrometer thermometer indoor humidity","Hygrometer →","7","800","38","false","BuyLink"
"/blog/diatomaceous-earth-canada-buyers-guide","general","buzzskito-general-20","true","buzzskito-general-20","true","search","","safers insect killing diatomaceous earth","Safer's Diatomaceous Earth insect killer","1","73","4","sticky","StickyBuyBar"
"/blog/diatomaceous-earth-canada-buyers-guide","general","buzzskito-general-20","true","buzzskito-general-20","true","search","","safers insect killing diatomaceous earth","Safer&rsquo;s DE →","2","564","28","true","BuyLink"
"/blog/diatomaceous-earth-canada-buyers-guide","general","buzzskito-general-20","true","buzzskito-general-20","true","search","","knock down diatomaceous earth","Knock Down DE →","3","566","28","true","BuyLink"
"/blog/diatomaceous-earth-canada-buyers-guide","general","buzzskito-general-20","true","buzzskito-general-20","true","search","","doktor doom diatomaceous earth","Doktor Doom Be Green →","4","569","28","true","BuyLink"
"/blog/diatomaceous-earth-canada-buyers-guide","general","buzzskito-general-20","true","buzzskito-general-20","true","search","","diatomaceous earth duster applicator","Bulb duster →","5","573","28","true","BuyLink"
"/blog/diatomaceous-earth-canada-buyers-guide","general","buzzskito-general-20","true","buzzskito-general-20","true","search","","digital hygrometer indoor humidity monitor","check digital hygrometers on Amazon.ca &rarr;","6","1337","66","false","BuyLink"
"/blog/diatomaceous-earth-canada-buyers-guide","general","buzzskito-general-20","true","buzzskito-general-20","true","search","","diatomaceous earth duster applicator","Check bulb dusters on Amazon.ca →","7","1541","76","false","BuyLink"
"/blog/diatomaceous-earth-canada-buyers-guide","general","buzzskito-general-20","true","buzzskito-general-20","true","search","","n95 particulate dust mask respirator","check N95 dust masks on Amazon.ca &rarr;","8","1654","81","false","BuyLink"
"/blog/diatomaceous-earth-canada-buyers-guide","general","buzzskito-general-20","true","buzzskito-general-20","true","search","","bed bug mattress encasement zippered","check zippered mattress encasements on Amazon.ca &rarr;","9","1965","97","false","BuyLink"
"/blog/diatomaceous-earth-for-bed-bugs","bedbug","buzzskito-bedbug-20","true","buzzskito-bedbug-20","true","search","","safers insect killing diatomaceous earth","Safer&rsquo;s Diatomaceous Earth &rarr;","1","380","20","true","BuyLink"
"/blog/diatomaceous-earth-for-bed-bugs","bedbug","buzzskito-bedbug-20","true","buzzskito-bedbug-20","true","search","","diatomaceous earth duster applicator","Bulb duster applicator &rarr;","2","383","21","true","BuyLink"
"/blog/diatomaceous-earth-for-bed-bugs","bedbug","buzzskito-bedbug-20","true","buzzskito-bedbug-20","true","search","","safers insect killing diatomaceous earth","Safer’s Diatomaceous Earth (PMRA-registered insecticide)","3","386","21","true","TopPick"
"/blog/diatomaceous-earth-for-bed-bugs","bedbug","buzzskito-bedbug-20","true","buzzskito-bedbug-20","true","search","","safers insect killing diatomaceous earth","Check Safer&rsquo;s DE on Amazon.ca &rarr;","4","1341","72","false","BuyLink"
"/blog/diatomaceous-earth-for-bed-bugs","bedbug","buzzskito-bedbug-20","true","buzzskito-bedbug-20","true","search","","diatomaceous earth duster applicator","Bulb duster applicator &rarr;","5","1346","72","false","BuyLink"
"/blog/diatomaceous-earth-for-bed-bugs","bedbug","buzzskito-bedbug-20","true","buzzskito-bedbug-20","true","search","","safers insect killing diatomaceous earth","Safer’s Diatomaceous Earth","6","1868","100","sticky","StickyBuyBar"
"/blog/diy-outdoor-misting-system-kit-canada","sprayer","buzzskito-sprayer-20","true","buzzskito-sprayer-20","true","search","","aootek outdoor misting cooling system kit","Aootek outdoor misting cooling kit","1","93","4","sticky","StickyBuyBar"
"/blog/diy-outdoor-misting-system-kit-canada","sprayer","buzzskito-sprayer-20","true","buzzskito-sprayer-20","true","search","","aootek outdoor misting cooling system kit","Check price on Amazon.ca →","2","467","21","true","BuyLink"
"/blog/diy-outdoor-misting-system-kit-canada","sprayer","buzzskito-sprayer-20","true","buzzskito-sprayer-20","true","search","","misting system booster pump kit outdoor","Check price on Amazon.ca →","3","495","23","true","BuyLink"
"/blog/diy-outdoor-misting-system-kit-canada","sprayer","buzzskito-sprayer-20","true","buzzskito-sprayer-20","true","search","","high pressure misting system stainless nozzle","Check price on Amazon.ca →","4","519","24","true","BuyLink"
"/blog/diy-outdoor-misting-system-kit-canada","sprayer","buzzskito-sprayer-20","true","buzzskito-sprayer-20","true","search","","aootek outdoor misting cooling system kit","Aootek low-pressure kit →","5","887","40","false","BuyLink"
"/blog/diy-outdoor-misting-system-kit-canada","sprayer","buzzskito-sprayer-20","true","buzzskito-sprayer-20","true","search","","hiraliy misting system kit outdoor","HIRALIY value kit →","6","890","41","false","BuyLink"
"/blog/diy-outdoor-misting-system-kit-canada","sprayer","buzzskito-sprayer-20","true","buzzskito-sprayer-20","true","search","","high pressure misting system stainless nozzle","High-pressure system →","7","893","41","false","BuyLink"
"/blog/do-bed-bug-sprays-actually-work","bedbug","buzzskito-bedbug-20","true","buzzskito-bedbug-20","true","search","","bed bug steamer","Bed bug steamer →","1","1028","50","false","BuyLink"
"/blog/do-bed-bug-sprays-actually-work","bedbug","buzzskito-bedbug-20","true","buzzskito-bedbug-20","true","search","","bed bug mattress encasement","Mattress encasement →","2","1031","50","false","BuyLink"
"/blog/do-bed-bug-sprays-actually-work","bedbug","buzzskito-bedbug-20","true","buzzskito-bedbug-20","true","search","","bed bug interceptor traps","Interceptor traps →","3","1033","50","false","BuyLink"
"/blog/do-bed-bug-sprays-actually-work","bedbug","buzzskito-bedbug-20","true","buzzskito-bedbug-20","true","search","","diatomaceous earth bed bugs","Diatomaceous earth →","4","1035","50","false","BuyLink"
"/blog/do-bed-bug-sprays-actually-work","bedbug","buzzskito-bedbug-20","true","buzzskito-bedbug-20","true","search","","bed bug steamer","Bed Bug Steamer (dry-vapour, high-output)","5","1037","50","false","TopPick"
"/blog/do-bed-bug-sprays-actually-work","bedbug","buzzskito-bedbug-20","true","buzzskito-bedbug-20","true","search","","bed bug steamer","Bed Bug Steamer (dry-vapour)","6","2054","100","sticky","StickyBuyBar"
"/blog/do-cedar-trees-attract-mosquitoes","mosquito","buzzskito-mosquito-20","true","buzzskito-mosquito-20","true","search","","long handle hedge shears","Check hedge shears on Amazon.ca &rarr;","1","1297","56","false","BuyLink"
"/blog/do-cedar-trees-attract-mosquitoes","mosquito","buzzskito-mosquito-20","true","buzzskito-mosquito-20","true","search","","garden leaf rake","Check garden rakes on Amazon.ca &rarr;","2","1398","60","false","BuyLink"
"/blog/do-cedar-trees-attract-mosquitoes","mosquito","buzzskito-mosquito-20","true","buzzskito-mosquito-20","true","search","","summit mosquito dunks","Check BTi mosquito dunks on Amazon.ca &rarr;","3","1527","66","false","BuyLink"
"/blog/do-cedar-trees-attract-mosquitoes","mosquito","buzzskito-mosquito-20","true","buzzskito-mosquito-20","true","search","","thermacell mosquito repeller","Check Thermacell patio repellers on Amazon.ca &rarr;","4","1710","74","false","BuyLink"
"/blog/do-cedar-trees-attract-mosquitoes","mosquito","buzzskito-mosquito-20","true","buzzskito-mosquito-20","true","search","","thermacell mosquito repeller","Thermacell Patio Repeller","5","1748","76","false","TopPick"
"/blog/do-cedar-trees-attract-mosquitoes","mosquito","buzzskito-mosquito-20","true","buzzskito-mosquito-20","true","search","","citronella plant","Check citronella and lemongrass plants on Amazon.ca &rarr;","6","1969","85","false","BuyLink"
"/blog/do-cedar-trees-attract-mosquitoes","mosquito","buzzskito-mosquito-20","true","buzzskito-mosquito-20","true","search","","icaridin insect repellent","Check icaridin (picaridin) repellents on Amazon.ca &rarr;","7","2156","93","false","BuyLink"
"/blog/do-cedar-trees-attract-mosquitoes","mosquito","buzzskito-mosquito-20","true","buzzskito-mosquito-20","true","search","","thermacell mosquito repeller","Thermacell Patio Repeller","8","2311","100","sticky","StickyBuyBar"
"/blog/do-fire-pits-repel-mosquitoes-canada","mosquito","buzzskito-mosquito-20","true","buzzskito-mosquito-20","false","search","","smokeless fire pit stainless steel 24 inch","24-in Stainless Smokeless Fire Pit","1","84","4","sticky","StickyBuyBar"
"/blog/do-fire-pits-repel-mosquitoes-canada","mosquito","buzzskito-mosquito-20","true","buzzskito-mosquito-20","false","search","","search","Check price on Amazon.ca &rarr;","2","471","20","true","BuyLink"
"/blog/do-fire-pits-repel-mosquitoes-canada","mosquito","buzzskito-mosquito-20","true","buzzskito-mosquito-20","false","search","","smokeless fire pit stainless steel 24 inch","Check smokeless fire pits on Amazon.ca &rarr;","3","528","22","true","BuyLink"
"/blog/do-fire-pits-repel-mosquitoes-canada","mosquito","buzzskito-mosquito-20","true","buzzskito-mosquito-20","false","search","","outdoor rated pedestal fan","Check outdoor fans &rarr;","4","534","22","true","BuyLink"
"/blog/do-fire-pits-repel-mosquitoes-canada","mosquito","buzzskito-mosquito-20","true","buzzskito-mosquito-20","false","search","","outdoor rated pedestal fan","Outdoor pedestal fan &rarr;","5","1152","48","false","BuyLink"
"/blog/do-fire-pits-repel-mosquitoes-canada","mosquito","buzzskito-mosquito-20","true","buzzskito-mosquito-20","false","search","","20 inch box fan","20-in box fan &rarr;","6","1155","48","false","BuyLink"
"/blog/do-fire-pits-repel-mosquitoes-canada","mosquito","buzzskito-mosquito-20","true","buzzskito-mosquito-20","false","search","","fire pit stand heat shield for deck","Stand &amp; heat shield &rarr;","7","1562","65","false","BuyLink"
"/blog/do-fire-pits-repel-mosquitoes-canada","mosquito","buzzskito-mosquito-20","true","buzzskito-mosquito-20","false","search","","fire pit heat deflector lid","Heat deflector lid &rarr;","8","1565","65","false","BuyLink"
"/blog/do-fire-pits-repel-mosquitoes-canada","mosquito","buzzskito-mosquito-20","true","buzzskito-mosquito-20","false","search","","fire pit cover waterproof round","Fitted cover &rarr;","9","1568","66","false","BuyLink"
"/blog/do-fire-pits-repel-mosquitoes-canada","mosquito","buzzskito-mosquito-20","true","buzzskito-mosquito-20","false","search","","fire pit carry bag","Carry bag &rarr;","10","1570","66","false","BuyLink"
"/blog/do-fire-pits-repel-mosquitoes-canada","mosquito","buzzskito-mosquito-20","true","buzzskito-mosquito-20","false","search","","fire pit wind screen","Wind screen &rarr;","11","1662","70","false","BuyLink"
"/blog/do-fire-pits-repel-mosquitoes-canada","mosquito","buzzskito-mosquito-20","true","buzzskito-mosquito-20","false","search","","fire pit spark screen","Spark screen &rarr;","12","1664","70","false","BuyLink"
"/blog/do-ticks-die-in-the-washing-machine","tick","buzzskito-tick-20","true","buzzskito-tick-20","true","search","","tick removal tool tweezers","Check price on Amazon.ca &rarr;","1","247","13","true","BuyLink"
"/blog/do-ticks-die-in-the-washing-machine","tick","buzzskito-tick-20","true","buzzskito-tick-20","true","search","","permethrin treated socks","Check price on Amazon.ca &rarr;","2","1183","64","false","BuyLink"
"/blog/do-ticks-die-in-the-washing-machine","tick","buzzskito-tick-20","true","buzzskito-tick-20","true","search","","tick removal tool tweezers","Check tick-removal tools on Amazon.ca &rarr;","3","1558","84","false","BuyLink"
"/blog/do-ticks-die-in-the-washing-machine","tick","buzzskito-tick-20","true","buzzskito-tick-20","true","search","","tick removal tool","See tick removal tools on Amazon.ca &rarr;","4","1782","96","false","BuyLink"
"/blog/do-ticks-die-in-the-washing-machine","tick","buzzskito-tick-20","true","buzzskito-tick-20","true","search","","tick removal tool tweezers","Fine-tipped tick removal tool","5","1859","100","sticky","StickyBuyBar"
"/blog/do-ticks-fly-or-jump","tick","buzzskito-tick-20","true","buzzskito-tick-20","true","search","","tick removal tool tweezers","Check price on Amazon.ca →","1","465","50","true","BuyLink"
"/blog/do-ticks-fly-or-jump","tick","buzzskito-tick-20","true","buzzskito-tick-20","true","search","","insect shield permethrin treated clothing","Check price on Amazon.ca →","2","718","77","false","BuyLink"
"/blog/do-ticks-fly-or-jump","tick","buzzskito-tick-20","true","buzzskito-tick-20","true","search","","tick removal tool tweezers","Check tick-removal tools on Amazon.ca →","3","893","95","false","BuyLink"
"/blog/do-ticks-fly-or-jump","tick","buzzskito-tick-20","true","buzzskito-tick-20","true","search","","tick removal tool tweezers","Fine-Tipped Tick Remover Kit","4","898","96","false","TopPick"
"/blog/do-ticks-fly-or-jump","tick","buzzskito-tick-20","true","buzzskito-tick-20","true","search","","tick removal tool tweezers","Fine-Tipped Tick Remover Kit","5","936","100","sticky","StickyBuyBar"
"/blog/do-tiki-torches-repel-mosquitoes","mosquito","buzzskito-mosquito-20","true","buzzskito-mosquito-20","true","search","","thermacell patio shield","Check Thermacell patio zone price on Amazon.ca →","1","249","14","true","BuyLink"
"/blog/do-tiki-torches-repel-mosquitoes","mosquito","buzzskito-mosquito-20","true","buzzskito-mosquito-20","true","search","","citronella torch fuel","Citronella torch fuel →","2","256","14","true","BuyLink"
"/blog/do-tiki-torches-repel-mosquitoes","mosquito","buzzskito-mosquito-20","true","buzzskito-mosquito-20","true","search","","mosquito dunks bti","Check BTI mosquito dunks on Amazon.ca &rarr;","3","938","53","false","BuyLink"
"/blog/do-tiki-torches-repel-mosquitoes","mosquito","buzzskito-mosquito-20","true","buzzskito-mosquito-20","true","search","","thermacell e90 rechargeable","Thermacell E90 (rechargeable patio zone)","4","1152","65","false","TopPick"
"/blog/do-tiki-torches-repel-mosquitoes","mosquito","buzzskito-mosquito-20","true","buzzskito-mosquito-20","true","search","","thermacell patio shield","Thermacell Patio Shield →","5","1152","65","false","BuyLink"
"/blog/do-tiki-torches-repel-mosquitoes","mosquito","buzzskito-mosquito-20","true","buzzskito-mosquito-20","true","search","","thermacell e90 rechargeable","Thermacell E90 (rechargeable) →","6","1155","65","false","BuyLink"
"/blog/do-tiki-torches-repel-mosquitoes","mosquito","buzzskito-mosquito-20","true","buzzskito-mosquito-20","true","search","","picaridin insect repellent","Check DEET and picaridin repellents on Amazon.ca &rarr;","7","1285","72","false","BuyLink"
"/blog/do-tiki-torches-repel-mosquitoes","mosquito","buzzskito-mosquito-20","true","buzzskito-mosquito-20","true","search","","solar flickering flame torch lights","Check flameless solar torches on Amazon.ca &rarr;","8","1607","90","false","BuyLink"
"/blog/do-tiki-torches-repel-mosquitoes","mosquito","buzzskito-mosquito-20","true","buzzskito-mosquito-20","true","search","","thermacell e90 rechargeable","Thermacell E90 (rechargeable)","9","1777","100","sticky","StickyBuyBar"
"/blog/does-standing-water-attract-mosquitoes","mosquito","buzzskito-mosquito-20","true","buzzskito-mosquito-20","true","search","","summit mosquito dunks","Summit Mosquito Dunks (BTI)","1","1330","79","false","TopPick"
"/blog/does-standing-water-attract-mosquitoes","mosquito","buzzskito-mosquito-20","true","buzzskito-mosquito-20","true","search","","summit mosquito dunks","Check Mosquito Dunks price on Amazon.ca →","2","1349","81","false","BuyLink"
"/blog/does-standing-water-attract-mosquitoes","mosquito","buzzskito-mosquito-20","true","buzzskito-mosquito-20","true","search","","summit mosquito bits","Faster-acting Mosquito Bits →","3","1355","81","false","BuyLink"
"/blog/does-standing-water-attract-mosquitoes","mosquito","buzzskito-mosquito-20","true","buzzskito-mosquito-20","true","search","","summit mosquito dunks","Summit Mosquito Dunks (BTI)","4","1675","100","sticky","StickyBuyBar"
"/blog/doktor-doom-canada-guide","general","buzzskito-general-20","true","buzzskito-general-20","false","search","","doktor doom residual insecticide","Doktor Doom Residual Insecticide Spray","1","215","6","sticky","StickyBuyBar"
"/blog/doktor-doom-canada-guide","general","buzzskito-general-20","true","buzzskito-general-20","false","search","","doktor doom residual insecticide","Check price on Amazon.ca →","2","569","16","true","BuyLink"
"/blog/doktor-doom-canada-guide","general","buzzskito-general-20","true","buzzskito-general-20","false","search","","doktor doom residual insecticide","Residual spray &rarr;","3","1619","46","false","BuyLink"
"/blog/doktor-doom-canada-guide","general","buzzskito-general-20","true","buzzskito-general-20","false","search","","doktor doom diatomaceous earth","Be Green DE &rarr;","4","1621","47","false","BuyLink"
"/blog/doktor-doom-canada-guide","general","buzzskito-general-20","true","buzzskito-general-20","false","search","","doktor doom sleep tight bed bug","Sleep Tight &rarr;","5","1624","47","false","BuyLink"
"/blog/doktor-doom-canada-guide","general","buzzskito-general-20","true","buzzskito-general-20","false","search","","ant bait stations indoor","Check ant bait stations on Amazon.ca &rarr;","6","2094","60","false","BuyLink"
"/blog/doktor-doom-canada-guide","general","buzzskito-general-20","true","buzzskito-general-20","false","search","","cockroach gel bait syringe","Check cockroach gel bait on Amazon.ca &rarr;","7","2237","64","false","BuyLink"
"/blog/doktor-doom-canada-guide","general","buzzskito-general-20","true","buzzskito-general-20","false","search","","doktor doom diatomaceous earth","Check Be Green DE and duster kits on Amazon.ca &rarr;","8","2877","83","false","BuyLink"
"/blog/doktor-doom-canada-guide","general","buzzskito-general-20","true","buzzskito-general-20","false","search","","bulb duster insecticide dust applicator","Check bulb dusters on Amazon.ca &rarr;","9","2955","85","false","BuyLink"
"/blog/doktor-doom-canada-guide","general","buzzskito-general-20","true","buzzskito-general-20","false","search","","n95 dust mask respirator","Check dust masks on Amazon.ca &rarr;","10","3020","87","false","BuyLink"
"/blog/doktor-doom-sleep-tight-review-canada","bedbug","buzzskito-bedbug-20","true","buzzskito-bedbug-20","true","search","","doktor doom sleep tight bed bug","Doktor Doom Sleep Tight Bed Bug Killer","1","99","5","sticky","StickyBuyBar"
"/blog/doktor-doom-sleep-tight-review-canada","bedbug","buzzskito-bedbug-20","true","buzzskito-bedbug-20","true","search","","doktor doom sleep tight bed bug","Doktor Doom Sleep Tight Bed Bug Killer","2","280","13","true","TopPick"
"/blog/doktor-doom-sleep-tight-review-canada","bedbug","buzzskito-bedbug-20","true","buzzskito-bedbug-20","true","search","","doktor doom sleep tight bed bug","Check price on Amazon.ca →","3","375","18","true","BuyLink"
"/blog/doktor-doom-sleep-tight-review-canada","bedbug","buzzskito-bedbug-20","true","buzzskito-bedbug-20","true","search","","cimexa insecticide dust bed bugs","Check price on Amazon.ca →","4","402","19","true","BuyLink"
"/blog/doktor-doom-sleep-tight-review-canada","bedbug","buzzskito-bedbug-20","true","buzzskito-bedbug-20","true","search","","bed bug steamer","Check price on Amazon.ca →","5","426","20","true","BuyLink"
"/blog/doktor-doom-sleep-tight-review-canada","bedbug","buzzskito-bedbug-20","true","buzzskito-bedbug-20","true","search","","doktor doom sleep tight bed bug","Doktor Doom Sleep Tight →","6","823","38","false","BuyLink"
"/blog/doktor-doom-sleep-tight-review-canada","bedbug","buzzskito-bedbug-20","true","buzzskito-bedbug-20","true","search","","cimexa insecticide dust bed bugs","Desiccant dust →","7","827","39","false","BuyLink"
"/blog/doktor-doom-sleep-tight-review-canada","bedbug","buzzskito-bedbug-20","true","buzzskito-bedbug-20","true","search","","bed bug steamer","Bed bug steamer →","8","829","39","false","BuyLink"
"/blog/dupray-neat-vs-hill-injection-canada","steamer","buzzskito-steamer-20","true","buzzskito-steamer-20","false","search","","dupray neat steam cleaner","Dupray Neat steam cleaner","1","87","4","sticky","StickyBuyBar"
"/blog/dupray-neat-vs-hill-injection-canada","steamer","buzzskito-steamer-20","true","buzzskito-steamer-20","false","search","","dupray neat steam cleaner","Dupray Neat on Amazon.ca &rarr;","2","581","25","true","BuyLink"
"/blog/dupray-neat-vs-hill-injection-canada","steamer","buzzskito-steamer-20","true","buzzskito-steamer-20","false","search","","dupray neat plus steam cleaner","Dupray Neat Plus &rarr;","3","585","26","true","BuyLink"
"/blog/dupray-neat-vs-hill-injection-canada","steamer","buzzskito-steamer-20","true","buzzskito-steamer-20","false","search","","dupray commercial steam cleaner","Dupray commercial range &rarr;","4","588","26","true","BuyLink"
"/blog/dupray-neat-vs-hill-injection-canada","steamer","buzzskito-steamer-20","true","buzzskito-steamer-20","false","search","","dupray neat plus steam cleaner","Compare the Neat Plus listing &rarr;","5","1357","59","false","BuyLink"
"/blog/dupray-neat-vs-hill-injection-canada","steamer","buzzskito-steamer-20","true","buzzskito-steamer-20","false","search","","microfiber cloths for steam cleaner","Microfibre cloths for the brush head &rarr;","6","1362","60","false","BuyLink"
"/blog/dupray-steamer-review-canada","steamer","buzzskito-steamer-20","true","buzzskito-steamer-20","true","search","","dupray neat steam cleaner","Dupray Neat steam cleaner","1","99","4","sticky","StickyBuyBar"
"/blog/dupray-steamer-review-canada","steamer","buzzskito-steamer-20","true","buzzskito-steamer-20","true","search","","dupray neat steam cleaner","Dupray Neat Steam Cleaner","2","277","12","true","TopPick"
"/blog/dupray-steamer-review-canada","steamer","buzzskito-steamer-20","true","buzzskito-steamer-20","true","search","","dupray neat steam cleaner","Check price on Amazon.ca →","3","360","15","true","BuyLink"
"/blog/dupray-steamer-review-canada","steamer","buzzskito-steamer-20","true","buzzskito-steamer-20","true","search","","dupray commercial steam cleaner","Check price on Amazon.ca →","4","381","16","true","BuyLink"
"/blog/dupray-steamer-review-canada","steamer","buzzskito-steamer-20","true","buzzskito-steamer-20","true","search","","handheld steam cleaner bed bugs","Check price on Amazon.ca →","5","401","17","true","BuyLink"
"/blog/dupray-steamer-review-canada","steamer","buzzskito-steamer-20","true","buzzskito-steamer-20","true","search","","garment steamer","Check price on Amazon.ca →","6","421","18","true","BuyLink"
"/blog/dupray-steamer-review-canada","steamer","buzzskito-steamer-20","true","buzzskito-steamer-20","true","search","","dupray neat steam cleaner","Dupray Neat →","7","839","36","false","BuyLink"
"/blog/dupray-steamer-review-canada","steamer","buzzskito-steamer-20","true","buzzskito-steamer-20","true","search","","dupray commercial steam cleaner","Dupray commercial →","8","841","36","false","BuyLink"
"/blog/dupray-steamer-review-canada","steamer","buzzskito-steamer-20","true","buzzskito-steamer-20","true","search","","handheld steam cleaner bed bugs","Budget handheld →","9","843","36","false","BuyLink"
"/blog/dupray-vs-mcculloch-steamer-canada","steamer","buzzskito-steamer-20","true","buzzskito-steamer-20","true","search","","dupray neat steam cleaner","Dupray Neat steam cleaner","1","92","4","sticky","StickyBuyBar"
"/blog/dupray-vs-mcculloch-steamer-canada","steamer","buzzskito-steamer-20","true","buzzskito-steamer-20","true","search","","dupray neat steam cleaner","Check price on Amazon.ca →","2","452","19","true","BuyLink"
"/blog/dupray-vs-mcculloch-steamer-canada","steamer","buzzskito-steamer-20","true","buzzskito-steamer-20","true","search","","mcculloch mc1275 steam cleaner","Check price on Amazon.ca →","3","456","19","true","BuyLink"
"/blog/dupray-vs-mcculloch-steamer-canada","steamer","buzzskito-steamer-20","true","buzzskito-steamer-20","true","search","","dupray neat steam cleaner","Dupray Neat →","4","838","35","false","BuyLink"
"/blog/dupray-vs-mcculloch-steamer-canada","steamer","buzzskito-steamer-20","true","buzzskito-steamer-20","true","search","","mcculloch mc1275 steam cleaner","McCulloch MC1275 →","5","840","35","false","BuyLink"
"/blog/dupray-vs-mcculloch-steamer-canada","steamer","buzzskito-steamer-20","true","buzzskito-steamer-20","true","search","","dupray neat steam cleaner","Dupray Neat Steam Cleaner","6","2337","98","false","TopPick"
"/blog/dynatrap-canada-review","mosquito","buzzskito-mosquito-20","true","buzzskito-mosquito-20","true","search","","dynatrap insect trap","DynaTrap UV + fan insect trap","1","95","1","sticky","StickyBuyBar"
"/blog/dynatrap-canada-review","mosquito","buzzskito-mosquito-20","true","buzzskito-mosquito-20","true","search","","dynatrap insect trap","Check price on Amazon.ca &rarr;","2","359","6","true","BuyLink"
"/blog/dynatrap-canada-review","mosquito","buzzskito-mosquito-20","true","buzzskito-mosquito-20","true","search","","dynatrap dt3050","DynaTrap DT3050 (1 acre + mosquito attractant fan)","3","773","12","false","TopPick"
"/blog/dynatrap-canada-review","mosquito","buzzskito-mosquito-20","true","buzzskito-mosquito-20","true","search","","dynatrap insect trap","Check price on Amazon.ca","4","942","15","false","BuyLink"
"/blog/dynatrap-canada-review","mosquito","buzzskito-mosquito-20","true","buzzskito-mosquito-20","true","search","","dynatrap dt3050","Check DT3050 price on Amazon.ca →","5","1014","16","false","BuyLink"
"/blog/dynatrap-canada-review","mosquito","buzzskito-mosquito-20","true","buzzskito-mosquito-20","true","search","","dynatrap atrakta refill","Atrakta refill cartridges →","6","1019","16","false","BuyLink"
"/blog/dynatrap-canada-review","mosquito","buzzskito-mosquito-20","true","buzzskito-mosquito-20","true","search","","dynatrap dt3050","Check price on Amazon.ca →","7","1145","18","false","BuyLink"
"/blog/dynatrap-canada-review","mosquito","buzzskito-mosquito-20","true","buzzskito-mosquito-20","true","search","","dynatrap dt2030","Check price on Amazon.ca →","8","1158","18","false","BuyLink"
"/blog/dynatrap-canada-review","mosquito","buzzskito-mosquito-20","true","buzzskito-mosquito-20","true","search","","dynatrap dt1100","Check price on Amazon.ca →","9","1169","18","false","BuyLink"
"/blog/dynatrap-canada-review","mosquito","buzzskito-mosquito-20","true","buzzskito-mosquito-20","true","search","","dynatrap dt1050","Check price on Amazon.ca →","10","1182","19","false","BuyLink"
"/blog/dynatrap-canada-review","mosquito","buzzskito-mosquito-20","true","buzzskito-mosquito-20","true","search","","dynatrap dt150","Check price on Amazon.ca →","11","1192","19","false","BuyLink"
"/blog/dynatrap-canada-review","mosquito","buzzskito-mosquito-20","true","buzzskito-mosquito-20","true","search","","dynatrap atrakta refill","Check Atrakta refill price →","12","1219","19","false","BuyLink"
"/blog/dynatrap-canada-review","mosquito","buzzskito-mosquito-20","true","buzzskito-mosquito-20","true","search","","dynatrap atrakta refill","Amazon.ca","13","1373","22","false","BuyLink"
"/blog/dynatrap-canada-review","mosquito","buzzskito-mosquito-20","true","buzzskito-mosquito-20","true","search","","dynatrap dt2030 1 acre","Check DT2030 (1-acre) price on Amazon.ca →","14","1582","25","false","BuyLink"
"/blog/dynatrap-canada-review","mosquito","buzzskito-mosquito-20","true","buzzskito-mosquito-20","true","search","","dynatrap dt1100 canada","Check DT1100-CA / DT1130-CA price →","15","1588","25","false","BuyLink"
"/blog/dynatrap-canada-review","mosquito","buzzskito-mosquito-20","true","buzzskito-mosquito-20","true","search","","shepherd hook plant hanger outdoor","Shepherd hooks &amp; hangers →","16","3265","51","false","BuyLink"
"/blog/dynatrap-canada-review","mosquito","buzzskito-mosquito-20","true","buzzskito-mosquito-20","true","search","","outdoor extension cord weatherproof","Outdoor extension cords →","17","3268","52","false","BuyLink"
"/blog/dynatrap-canada-review","mosquito","buzzskito-mosquito-20","true","buzzskito-mosquito-20","true","search","","thermacell mosquito repeller refill","Check patio repellers &amp; refills →","18","4001","63","false","BuyLink"
"/blog/dynatrap-canada-review","mosquito","buzzskito-mosquito-20","true","buzzskito-mosquito-20","true","search","","dynatrap atrakta mosquito lure","Compare Atrakta lure refills on Amazon.ca →","19","4778","75","false","BuyLink"
"/blog/dynatrap-canada-review","mosquito","buzzskito-mosquito-20","true","buzzskito-mosquito-20","true","search","","dynatrap replacement bulb","Check DynaTrap replacement bulbs on Amazon.ca →","20","4968","78","false","BuyLink"
"/blog/dynatrap-canada-review","mosquito","buzzskito-mosquito-20","true","buzzskito-mosquito-20","true","search","","mosquito dunks bti larvicide","Check Bti dunks &amp; bits on Amazon.ca →","21","5283","83","false","BuyLink"
"/blog/dynatrap-canada-review","mosquito","buzzskito-mosquito-20","true","buzzskito-mosquito-20","true","search","","tick remover tool","Check tick removal tools on Amazon.ca →","22","6180","97","false","BuyLink"
"/blog/earwig-traps-indoor-canada","general","buzzskito-general-20","true","buzzskito-general-20","false","search","","sticky traps crawling insects indoor","Crawling insect sticky traps (multi-pack)","1","108","6","sticky","StickyBuyBar"
"/blog/earwig-traps-indoor-canada","general","buzzskito-general-20","true","buzzskito-general-20","false","search","","sticky traps crawling insects indoor","Sticky trap multi-packs &rarr;","2","634","34","false","BuyLink"
"/blog/earwig-traps-indoor-canada","general","buzzskito-general-20","true","buzzskito-general-20","false","search","","exterior door sweep weatherproof","Exterior door sweeps &rarr;","3","637","35","false","BuyLink"
"/blog/earwig-traps-indoor-canada","general","buzzskito-general-20","true","buzzskito-general-20","false","search","","diatomaceous earth food grade","Food-grade DE &rarr;","4","640","35","false","BuyLink"
"/blog/earwig-traps-indoor-canada","general","buzzskito-general-20","true","buzzskito-general-20","false","search","","sticky traps crawling insects indoor","Check sticky trap multi-packs on Amazon.ca &rarr;","5","874","48","false","BuyLink"
"/blog/earwig-traps-indoor-canada","general","buzzskito-general-20","true","buzzskito-general-20","false","search","","diatomaceous earth food grade","Check food-grade DE on Amazon.ca &rarr;","6","1494","81","false","BuyLink"
"/blog/earwig-traps-indoor-canada","general","buzzskito-general-20","true","buzzskito-general-20","false","search","","exterior door sweep weatherproof","Check exterior door sweeps on Amazon.ca &rarr;","7","1757","96","false","BuyLink"
"/blog/ecoraider-bed-bug-spray-review-canada","bedbug","buzzskito-bedbug-20","true","buzzskito-bedbug-20","true","search","","ecoraider bed bug killer","EcoRaider / EcoVenger bed bug killer","1","86","3","sticky","StickyBuyBar"
"/blog/ecoraider-bed-bug-spray-review-canada","bedbug","buzzskito-bedbug-20","true","buzzskito-bedbug-20","true","search","","ecoraider bed bug killer","EcoRaider / EcoVenger Bed Bug Killer — plant-based contact spray","2","284","9","true","TopPick"
"/blog/ecoraider-bed-bug-spray-review-canada","bedbug","buzzskito-bedbug-20","true","buzzskito-bedbug-20","true","search","","ecoraider bed bug killer","Check price on Amazon.ca &rarr;","3","399","13","true","BuyLink"
"/blog/ecoraider-bed-bug-spray-review-canada","bedbug","buzzskito-bedbug-20","true","buzzskito-bedbug-20","true","search","","bed bug spray pyrethroid canada","Check price on Amazon.ca &rarr;","4","430","14","true","BuyLink"
"/blog/ecoraider-bed-bug-spray-review-canada","bedbug","buzzskito-bedbug-20","true","buzzskito-bedbug-20","true","search","","cimexa insecticide dust","Check price on Amazon.ca &rarr;","5","464","15","true","BuyLink"
"/blog/ecoraider-bed-bug-spray-review-canada","bedbug","buzzskito-bedbug-20","true","buzzskito-bedbug-20","true","search","","ecoraider bed bug killer","EcoRaider on Amazon.ca &rarr;","6","867","29","false","BuyLink"
"/blog/ecoraider-bed-bug-spray-review-canada","bedbug","buzzskito-bedbug-20","true","buzzskito-bedbug-20","true","search","","ecovenger bed bug killer","EcoVenger (rebrand) &rarr;","7","870","29","false","BuyLink"
"/blog/ecoraider-bed-bug-spray-review-canada","bedbug","buzzskito-bedbug-20","true","buzzskito-bedbug-20","true","search","","ecoraider bed bug killer","Check EcoRaider / EcoVenger on Amazon.ca &rarr;","8","2251","74","false","BuyLink"
"/blog/electric-fly-swatter","general","buzzskito-general-20","true","buzzskito-general-20","true","dp_asin","B01EXES2SK","executioner fly swatter racket","The Executioner Electric Fly Swatter","1","90","4","sticky","StickyBuyBar"
"/blog/electric-fly-swatter","general","buzzskito-general-20","true","buzzskito-general-20","true","search","","executioner fly swatter racket","The Executioner","2","96","4","true","AmazonLink"
"/blog/electric-fly-swatter","general","buzzskito-general-20","true","buzzskito-general-20","true","search","","executioner fly swatter racket","Check price on Amazon.ca →","3","248","11","true","BuyLink"
"/blog/electric-fly-swatter","general","buzzskito-general-20","true","buzzskito-general-20","true","search","","executioner fly swatter racket","Check The Executioner on Amazon.ca →","4","332","15","true","BuyLink"
"/blog/electric-fly-swatter","general","buzzskito-general-20","true","buzzskito-general-20","true","search","","zap it bug zapper racket","Check Zap It rackets →","5","337","16","true","BuyLink"
"/blog/electric-fly-swatter","general","buzzskito-general-20","true","buzzskito-general-20","true","search","","executioner pro fly swatter","Check Executioner Pro on Amazon.ca →","6","707","33","false","BuyLink"
"/blog/electric-fly-swatter","general","buzzskito-general-20","true","buzzskito-general-20","true","search","","zap it electric fly swatter 4000 volt usb rechargeable","Check Zap It 4,000V USB on Amazon.ca →","7","947","44","false","BuyLink"
"/blog/electric-fly-swatter","general","buzzskito-general-20","true","buzzskito-general-20","true","search","","black flag handheld bug zapper racket","Check Black Flag rackets on Amazon.ca →","8","1111","51","false","BuyLink"
"/blog/electric-fly-swatter","general","buzzskito-general-20","true","buzzskito-general-20","true","search","","executioner fly swatter racket","Check price on Amazon.ca","9","1149","53","false","BuyLink"
"/blog/electric-fly-swatter","general","buzzskito-general-20","true","buzzskito-general-20","true","search","","executioner pro fly swatter","Check price on Amazon.ca","10","1169","54","false","BuyLink"
"/blog/electric-fly-swatter","general","buzzskito-general-20","true","buzzskito-general-20","true","search","","zap it electric fly swatter 4000 volt usb rechargeable","Check price on Amazon.ca","11","1190","55","false","BuyLink"
"/blog/electric-fly-swatter","general","buzzskito-general-20","true","buzzskito-general-20","true","search","","zap it bug zapper racket","Check price on Amazon.ca","12","1208","56","false","BuyLink"
"/blog/electric-fly-swatter","general","buzzskito-general-20","true","buzzskito-general-20","true","search","","black flag handheld bug zapper racket","Check price on Amazon.ca","13","1224","56","false","BuyLink"
"/blog/fall-yard-cleanup-leaf-blower-canada","general","buzzskito-general-20","true","buzzskito-general-20","false","search","","60v cordless leaf blower","60V-Class Cordless Leaf Blower","1","86","3","sticky","StickyBuyBar"
"/blog/fall-yard-cleanup-leaf-blower-canada","general","buzzskito-general-20","true","buzzskito-general-20","false","search","","search","See options &rarr;","2","448","18","true","BuyLink"
"/blog/fall-yard-cleanup-leaf-blower-canada","general","buzzskito-general-20","true","buzzskito-general-20","false","search","","60v cordless leaf blower","See 60V cordless blowers &rarr;","3","499","20","true","BuyLink"
"/blog/fall-yard-cleanup-leaf-blower-canada","general","buzzskito-general-20","true","buzzskito-general-20","false","search","","gas backpack leaf blower","See backpack blowers &rarr;","4","502","20","true","BuyLink"
"/blog/fall-yard-cleanup-leaf-blower-canada","general","buzzskito-general-20","true","buzzskito-general-20","false","search","","60v cordless leaf blower","Cordless handheld blowers &rarr;","5","1260","50","false","BuyLink"
"/blog/fall-yard-cleanup-leaf-blower-canada","general","buzzskito-general-20","true","buzzskito-general-20","false","search","","battery backpack leaf blower","Cordless backpack blowers &rarr;","6","1263","50","false","BuyLink"
"/blog/fall-yard-cleanup-leaf-blower-canada","general","buzzskito-general-20","true","buzzskito-general-20","false","search","","lithium battery and rapid charger for cordless blower","Spare batteries &amp; rapid chargers &rarr;","7","1498","59","false","BuyLink"
"/blog/fall-yard-cleanup-leaf-blower-canada","general","buzzskito-general-20","true","buzzskito-general-20","false","search","","leaf blower vacuum mulcher 3 in 1","Blower / vacuum / mulcher combos &rarr;","8","1671","66","false","BuyLink"
"/blog/fall-yard-cleanup-leaf-blower-canada","general","buzzskito-general-20","true","buzzskito-general-20","false","search","","reusable leaf collection bag pop up","Reusable leaf collection bags &rarr;","9","1675","66","false","BuyLink"
"/blog/fall-yard-cleanup-leaf-blower-canada","general","buzzskito-general-20","true","buzzskito-general-20","false","search","","heavy duty leaf tarp","Leaf tarps &rarr;","10","1820","72","false","BuyLink"
"/blog/fall-yard-cleanup-leaf-blower-canada","general","buzzskito-general-20","true","buzzskito-general-20","false","search","","leaf scoops hand rakes","Leaf scoops &rarr;","11","1822","72","false","BuyLink"
"/blog/fall-yard-cleanup-leaf-blower-canada","general","buzzskito-general-20","true","buzzskito-general-20","false","search","","paper yard waste bags","Paper yard-waste bags &rarr;","12","1824","72","false","BuyLink"
"/blog/fall-yard-cleanup-leaf-blower-canada","general","buzzskito-general-20","true","buzzskito-general-20","false","search","","hearing protection ear muffs yard work","Hearing protection &rarr;","13","1827","72","false","BuyLink"
"/blog/fall-yard-cleanup-leaf-blower-canada","general","buzzskito-general-20","true","buzzskito-general-20","false","search","","anti fog safety glasses","Safety glasses &rarr;","14","1829","72","false","BuyLink"
"/blog/field-king-backpack-sprayer-review-canada","sprayer","buzzskito-sprayer-20","true","buzzskito-sprayer-20","true","search","","field king 190515 battery backpack sprayer","Field King 190515 battery backpack sprayer","1","87","4","sticky","StickyBuyBar"
"/blog/field-king-backpack-sprayer-review-canada","sprayer","buzzskito-sprayer-20","true","buzzskito-sprayer-20","true","search","","field king 190515 battery backpack sprayer","Field King 190515 Lithium Battery Backpack Sprayer","2","275","13","true","TopPick"
"/blog/field-king-backpack-sprayer-review-canada","sprayer","buzzskito-sprayer-20","true","buzzskito-sprayer-20","true","search","","field king 190515 battery backpack sprayer","Check price on Amazon.ca →","3","367","18","true","BuyLink"
"/blog/field-king-backpack-sprayer-review-canada","sprayer","buzzskito-sprayer-20","true","buzzskito-sprayer-20","true","search","","field king 190328 backpack sprayer","Check price on Amazon.ca →","4","390","19","true","BuyLink"
"/blog/field-king-backpack-sprayer-review-canada","sprayer","buzzskito-sprayer-20","true","buzzskito-sprayer-20","true","search","","battery backpack sprayer","Check price on Amazon.ca →","5","416","20","true","BuyLink"
"/blog/field-king-backpack-sprayer-review-canada","sprayer","buzzskito-sprayer-20","true","buzzskito-sprayer-20","true","search","","professional backpack sprayer","Check price on Amazon.ca →","6","439","21","true","BuyLink"
"/blog/field-king-backpack-sprayer-review-canada","sprayer","buzzskito-sprayer-20","true","buzzskito-sprayer-20","true","search","","field king 190515 battery backpack sprayer","Battery 190515 →","7","761","37","false","BuyLink"
"/blog/field-king-backpack-sprayer-review-canada","sprayer","buzzskito-sprayer-20","true","buzzskito-sprayer-20","true","search","","field king 190328 backpack sprayer","Manual 190328 →","8","762","37","false","BuyLink"
"/blog/fix-standing-water-yard-mosquitoes-canada","mosquito","buzzskito-mosquito-20","true","buzzskito-mosquito-20","false","search","","4 inch perforated drain pipe filter sock","4&quot; Perforated Drain Pipe with Filter Sock","1","82","3","sticky","StickyBuyBar"
"/blog/fix-standing-water-yard-mosquitoes-canada","mosquito","buzzskito-mosquito-20","true","buzzskito-mosquito-20","false","search","","search","Check parts &rarr;","2","460","18","true","BuyLink"
"/blog/fix-standing-water-yard-mosquitoes-canada","mosquito","buzzskito-mosquito-20","true","buzzskito-mosquito-20","false","search","","4 inch perforated drain pipe filter sock","Perforated pipe + sock &rarr;","3","1065","42","false","BuyLink"
"/blog/fix-standing-water-yard-mosquitoes-canada","mosquito","buzzskito-mosquito-20","true","buzzskito-mosquito-20","false","search","","4 inch solid drain pipe fittings","Solid pipe &amp; fittings &rarr;","4","1068","42","false","BuyLink"
"/blog/fix-standing-water-yard-mosquitoes-canada","mosquito","buzzskito-mosquito-20","true","buzzskito-mosquito-20","false","search","","drain spade trenching shovel","Drain spade &amp; trenching tools &rarr;","5","1178","46","false","BuyLink"
"/blog/fix-standing-water-yard-mosquitoes-canada","mosquito","buzzskito-mosquito-20","true","buzzskito-mosquito-20","false","search","","string line level grading","String line &amp; line level &rarr;","6","1182","46","false","BuyLink"
"/blog/fix-standing-water-yard-mosquitoes-canada","mosquito","buzzskito-mosquito-20","true","buzzskito-mosquito-20","false","search","","non woven geotextile drainage fabric","Non-woven drainage fabric &rarr;","7","1284","50","false","BuyLink"
"/blog/fix-standing-water-yard-mosquitoes-canada","mosquito","buzzskito-mosquito-20","true","buzzskito-mosquito-20","false","search","","dry well drainage kit yard","Dry well kits &rarr;","8","1543","60","false","BuyLink"
"/blog/fix-standing-water-yard-mosquitoes-canada","mosquito","buzzskito-mosquito-20","true","buzzskito-mosquito-20","false","search","","mosquito dunks bti","Mosquito dunks (BTI) &rarr;","9","1914","75","false","BuyLink"
"/blog/fix-standing-water-yard-mosquitoes-canada","mosquito","buzzskito-mosquito-20","true","buzzskito-mosquito-20","false","search","","mosquito bits granules bti","Mosquito bits granules &rarr;","10","1917","75","false","BuyLink"
"/blog/flea-bites-on-humans","general","buzzskito-general-20","true","buzzskito-general-20","true","search","","flea trap plug in","Check price on Amazon.ca →","1","380","481","true","BuyLink"
"/blog/flea-bites-on-humans","general","buzzskito-general-20","true","buzzskito-general-20","true","search","","bed bug interceptor traps","Check bed bug interceptor traps on Amazon &rarr;","2","2564","3246","false","BuyLink"
"/blog/flea-bites-on-humans","general","buzzskito-general-20","true","buzzskito-general-20","true","search","","flea trap plug in","Plug-in light flea trap","3","3707","4692","false","TopPick"
"/blog/flea-bites-on-humans","general","buzzskito-general-20","true","buzzskito-general-20","true","search","","flea trap plug in","Check plug-in flea traps on Amazon &rarr;","4","3850","4873","false","BuyLink"
"/blog/flea-bites-on-humans","general","buzzskito-general-20","true","buzzskito-general-20","true","search","","flea spray for home","Check home flea sprays on Amazon &rarr;","5","3948","4997","false","BuyLink"
"/blog/flea-bites-on-humans","general","buzzskito-general-20","true","buzzskito-general-20","true","search","","bagged vacuum pet hair carpet","Check bagged pet-hair vacuums on Amazon &rarr;","6","4106","5197","false","BuyLink"
"/blog/flea-bites-on-humans","general","buzzskito-general-20","true","buzzskito-general-20","true","search","","carpet cleaner steam machine","Check carpet steam cleaners on Amazon &rarr;","7","4380","5544","false","BuyLink"
"/blog/flea-bites-on-humans","general","buzzskito-general-20","true","buzzskito-general-20","true","search","","bed bug mattress encasement zippered","Check mattress encasements on Amazon &rarr;","8","4613","5839","false","BuyLink"
"/blog/flea-bites-on-humans","general","buzzskito-general-20","true","buzzskito-general-20","true","search","","flea spray igr methoprene home","Check IGR flea sprays on Amazon &rarr;","9","6959","8809","false","BuyLink"
"/blog/flea-bites-on-humans","general","buzzskito-general-20","true","buzzskito-general-20","true","search","","flea trap plug in","Plug-in light flea trap","10","79","100","sticky","StickyBuyBar"
"/blog/flowtron-bug-zapper-canada","general","buzzskito-general-20","true","buzzskito-general-20","true","search","","flowtron bk-40d bug zapper","Flowtron BK-40D Electronic Insect Killer","1","77","4","sticky","StickyBuyBar"
"/blog/flowtron-bug-zapper-canada","general","buzzskito-general-20","true","buzzskito-general-20","true","search","","flowtron bk-40d bug zapper","Flowtron BK-40D Electronic Insect Killer","2","243","13","true","TopPick"
"/blog/flowtron-bug-zapper-canada","general","buzzskito-general-20","true","buzzskito-general-20","true","search","","flowtron bk-40d bug zapper","Check price on Amazon.ca","3","346","19","true","BuyLink"
"/blog/flowtron-bug-zapper-canada","general","buzzskito-general-20","true","buzzskito-general-20","true","search","","flowtron bk-80d","See the BK-80D","4","350","19","true","BuyLink"
"/blog/flowtron-bug-zapper-canada","general","buzzskito-general-20","true","buzzskito-general-20","true","search","","flowtron bk-15d","See the BK-15D","5","353","19","true","BuyLink"
"/blog/flowtron-bug-zapper-canada","general","buzzskito-general-20","true","buzzskito-general-20","true","search","","flowtron bf-190 replacement bulb","BF-190 replacement bulb on Amazon.ca","6","1462","79","false","BuyLink"
"/blog/goodnature-a24-review-canada","rodent","buzzskito-rodent-20","true","buzzskito-rodent-20","true","search","","goodnature a24 automatic rat trap","Goodnature A24 self-resetting rat & mouse trap","1","80","4","sticky","StickyBuyBar"
"/blog/goodnature-a24-review-canada","rodent","buzzskito-rodent-20","true","buzzskito-rodent-20","true","search","","goodnature a24 automatic rat trap","Goodnature A24 Automatic Rat & Mouse Trap","2","241","12","true","TopPick"
"/blog/goodnature-a24-review-canada","rodent","buzzskito-rodent-20","true","buzzskito-rodent-20","true","search","","goodnature a24 automatic rat trap","Goodnature A24 on Amazon.ca →","3","573","28","true","BuyLink"
"/blog/goodnature-a24-review-canada","rodent","buzzskito-rodent-20","true","buzzskito-rodent-20","true","search","","goodnature co2 canister 16g","CO₂ canisters →","4","576","28","true","BuyLink"
"/blog/goodnature-a24-review-canada","rodent","buzzskito-rodent-20","true","buzzskito-rodent-20","true","search","","goodnature rat lure","Long-life lure →","5","578","28","true","BuyLink"
"/blog/goodnature-a24-review-canada","rodent","buzzskito-rodent-20","true","buzzskito-rodent-20","true","search","","goodnature a24 automatic rat trap","Check price on Amazon.ca →","6","1327","64","false","BuyLink"
"/blog/goodnature-a24-review-canada","rodent","buzzskito-rodent-20","true","buzzskito-rodent-20","true","search","","rat snap trap heavy duty","Check price on Amazon.ca →","7","1351","65","false","BuyLink"
"/blog/goodnature-a24-review-canada","rodent","buzzskito-rodent-20","true","buzzskito-rodent-20","true","search","","tomcat rat bait station","Check price on Amazon.ca →","8","1371","66","false","BuyLink"
"/blog/goodnature-a24-review-canada","rodent","buzzskito-rodent-20","true","buzzskito-rodent-20","true","search","","goodnature co2 canister 16g","Check CO₂ canisters →","9","1595","77","false","BuyLink"
"/blog/goodnature-a24-review-canada","rodent","buzzskito-rodent-20","true","buzzskito-rodent-20","true","search","","goodnature digital counter","Check the digital counter →","10","1598","77","false","BuyLink"
"/blog/green-pool-mosquito-breeding-ontario","mosquito","buzzskito-mosquito-20","true","buzzskito-mosquito-20","false","search","","mesh winter safety pool cover inground","Mesh Winter Safety Pool Cover","1","116","6","sticky","StickyBuyBar"
"/blog/green-pool-mosquito-breeding-ontario","mosquito","buzzskito-mosquito-20","true","buzzskito-mosquito-20","false","search","","search","Check on Amazon.ca →","2","67","3","true","BuyLink"
"/blog/green-pool-mosquito-breeding-ontario","mosquito","buzzskito-mosquito-20","true","buzzskito-mosquito-20","false","search","","solar pool cover blanket","solar cover","3","555","27","true","BuyLink"
"/blog/green-pool-mosquito-breeding-ontario","mosquito","buzzskito-mosquito-20","true","buzzskito-mosquito-20","false","search","","mesh winter safety pool cover inground","Check mesh safety covers &rarr;","4","757","36","false","BuyLink"
"/blog/green-pool-mosquito-breeding-ontario","mosquito","buzzskito-mosquito-20","true","buzzskito-mosquito-20","false","search","","pool cover anchors brass deck inground","Check deck anchors &rarr;","5","761","37","false","BuyLink"
"/blog/green-pool-mosquito-breeding-ontario","mosquito","buzzskito-mosquito-20","true","buzzskito-mosquito-20","false","search","","automatic pool cover pump submersible","automatic cover pump","6","844","41","false","BuyLink"
"/blog/green-pool-mosquito-breeding-ontario","mosquito","buzzskito-mosquito-20","true","buzzskito-mosquito-20","false","search","","above ground pool winter cover","winter cover","7","931","45","false","BuyLink"
"/blog/green-pool-mosquito-breeding-ontario","mosquito","buzzskito-mosquito-20","true","buzzskito-mosquito-20","false","search","","above ground pool cover cable and winch kit","cable-and-winch kit","8","936","45","false","BuyLink"
"/blog/green-pool-mosquito-breeding-ontario","mosquito","buzzskito-mosquito-20","true","buzzskito-mosquito-20","false","search","","pool leaf net cover","leaf net","9","972","47","false","BuyLink"
"/blog/green-pool-mosquito-breeding-ontario","mosquito","buzzskito-mosquito-20","true","buzzskito-mosquito-20","false","search","","pool cover water tube bags winter","water tube bags","10","1007","49","false","BuyLink"
"/blog/green-pool-mosquito-breeding-ontario","mosquito","buzzskito-mosquito-20","true","buzzskito-mosquito-20","false","search","","mosquito bits bti granules","Bits","11","1127","54","false","BuyLink"
"/blog/green-pool-mosquito-breeding-ontario","mosquito","buzzskito-mosquito-20","true","buzzskito-mosquito-20","false","search","","mosquito dunks bti","Dunks","12","1144","55","false","BuyLink"
"/blog/green-pool-mosquito-breeding-ontario","mosquito","buzzskito-mosquito-20","true","buzzskito-mosquito-20","false","search","","submersible utility pump 1/2 hp","1/2 HP submersible utility pump","13","1433","69","false","BuyLink"
"/blog/gutter-guards-mosquito-breeding-canada","mosquito","buzzskito-mosquito-20","true","buzzskito-mosquito-20","false","search","","aluminum micro mesh gutter guard 200 ft","Aluminium micro-mesh gutter guard","1","81","3","sticky","StickyBuyBar"
"/blog/gutter-guards-mosquito-breeding-canada","mosquito","buzzskito-mosquito-20","true","buzzskito-mosquito-20","false","search","","search","Check on Amazon.ca &rarr;","2","300","13","true","BuyLink"
"/blog/gutter-guards-mosquito-breeding-canada","mosquito","buzzskito-mosquito-20","true","buzzskito-mosquito-20","false","search","","gutter cleaning scoop","Gutter scoops &rarr;","3","777","32","false","BuyLink"
"/blog/gutter-guards-mosquito-breeding-canada","mosquito","buzzskito-mosquito-20","true","buzzskito-mosquito-20","false","search","","telescopic gutter cleaning wand","Telescopic cleaning wands &rarr;","4","779","32","false","BuyLink"
"/blog/gutter-guards-mosquito-breeding-canada","mosquito","buzzskito-mosquito-20","true","buzzskito-mosquito-20","false","search","","aluminum micro mesh gutter guard 200 ft","Aluminium micro-mesh kits &rarr;","5","1029","43","false","BuyLink"
"/blog/gutter-guards-mosquito-breeding-canada","mosquito","buzzskito-mosquito-20","true","buzzskito-mosquito-20","false","search","","stainless steel micro mesh gutter guard","Stainless micro-mesh &rarr;","6","1032","43","false","BuyLink"
"/blog/gutter-guards-mosquito-breeding-canada","mosquito","buzzskito-mosquito-20","true","buzzskito-mosquito-20","false","search","","gutter guard 5 inch k style","5-inch K-style guards &rarr;","7","1422","59","false","BuyLink"
"/blog/gutter-guards-mosquito-breeding-canada","mosquito","buzzskito-mosquito-20","true","buzzskito-mosquito-20","false","search","","gutter guard clips screws","Guard clips &amp; screws &rarr;","8","1425","59","false","BuyLink"
"/blog/gutter-guards-mosquito-breeding-canada","mosquito","buzzskito-mosquito-20","true","buzzskito-mosquito-20","false","search","","ladder stabilizer standoff","Ladder stabilizers &rarr;","9","1645","69","false","BuyLink"
"/blog/gutter-guards-mosquito-breeding-canada","mosquito","buzzskito-mosquito-20","true","buzzskito-mosquito-20","false","search","","hidden gutter hangers with screws","Hidden gutter hangers &rarr;","10","1813","76","false","BuyLink"
"/blog/gutter-guards-mosquito-breeding-canada","mosquito","buzzskito-mosquito-20","true","buzzskito-mosquito-20","false","search","","gutter sealant","Gutter sealant &rarr;","11","1816","76","false","BuyLink"
"/blog/gutter-guards-mosquito-breeding-canada","mosquito","buzzskito-mosquito-20","true","buzzskito-mosquito-20","false","search","","downspout strainer basket","Downspout strainers &rarr;","12","1959","82","false","BuyLink"
"/blog/gutter-guards-mosquito-breeding-canada","mosquito","buzzskito-mosquito-20","true","buzzskito-mosquito-20","false","search","","downspout extension flexible","Downspout extensions &rarr;","13","1961","82","false","BuyLink"
"/blog/hardtop-vs-soft-top-mosquito-gazebo-canada","mosquito","buzzskito-mosquito-20","true","buzzskito-mosquito-20","false","search","","hardtop gazebo 10x12 aluminum with mosquito netting curtains","Aluminium hardtop gazebo 10x12 with netting + curtain set","1","88","4","sticky","StickyBuyBar"
"/blog/hardtop-vs-soft-top-mosquito-gazebo-canada","mosquito","buzzskito-mosquito-20","true","buzzskito-mosquito-20","false","search","","hardtop gazebo 10x12 aluminum with mosquito netting curtains","Check hardtop gazebos on Amazon.ca &rarr;","2","474","20","true","BuyLink"
"/blog/hardtop-vs-soft-top-mosquito-gazebo-canada","mosquito","buzzskito-mosquito-20","true","buzzskito-mosquito-20","false","search","","soft top gazebo with mosquito netting 10x12","Check soft-top gazebos &rarr;","3","479","20","true","BuyLink"
"/blog/hardtop-vs-soft-top-mosquito-gazebo-canada","mosquito","buzzskito-mosquito-20","true","buzzskito-mosquito-20","false","search","","no see um mesh gazebo curtain panels","Check no-see-um mesh panels &rarr;","4","865","36","false","BuyLink"
"/blog/hardtop-vs-soft-top-mosquito-gazebo-canada","mosquito","buzzskito-mosquito-20","true","buzzskito-mosquito-20","false","search","","abccanopy gazebo netting wall panels","Check netting wall panels &rarr;","5","869","36","false","BuyLink"
"/blog/hardtop-vs-soft-top-mosquito-gazebo-canada","mosquito","buzzskito-mosquito-20","true","buzzskito-mosquito-20","false","search","","gazebo anchor kit ground auger weight bags","Check anchor kits on Amazon.ca &rarr;","6","1446","61","false","BuyLink"
"/blog/hardtop-vs-soft-top-mosquito-gazebo-canada","mosquito","buzzskito-mosquito-20","true","buzzskito-mosquito-20","false","search","","gazebo replacement mosquito netting 10x12","Replacement netting 10x12 &rarr;","7","1585","66","false","BuyLink"
"/blog/hardtop-vs-soft-top-mosquito-gazebo-canada","mosquito","buzzskito-mosquito-20","true","buzzskito-mosquito-20","false","search","","gazebo replacement netting 12x12","Replacement netting 12x12 &rarr;","8","1587","66","false","BuyLink"
"/blog/hardtop-vs-soft-top-mosquito-gazebo-canada","mosquito","buzzskito-mosquito-20","true","buzzskito-mosquito-20","false","search","","gazebo replacement canopy top 10x12","Replacement canopy tops &rarr;","9","1589","67","false","BuyLink"
"/blog/hardtop-vs-soft-top-mosquito-gazebo-canada","mosquito","buzzskito-mosquito-20","true","buzzskito-mosquito-20","false","search","","aoxun hardtop gazebo 10x12 netting curtains","Check the Aoxun 10x12 &rarr;","10","2217","93","false","BuyLink"
"/blog/hardtop-vs-soft-top-mosquito-gazebo-canada","mosquito","buzzskito-mosquito-20","true","buzzskito-mosquito-20","false","search","","mellcom hardtop gazebo 10x13 aluminum","Check the MELLCOM 10x13 &rarr;","11","2220","93","false","BuyLink"
"/blog/harris-bed-bug-killer-review-canada","bedbug","buzzskito-bedbug-20","true","buzzskito-bedbug-20","true","search","","harris bed bug killer","Harris Toughest Bed Bug Killer (verify Canadian-registered SKU)","1","102","4","sticky","StickyBuyBar"
"/blog/harris-bed-bug-killer-review-canada","bedbug","buzzskito-bedbug-20","true","buzzskito-bedbug-20","true","search","","harris bed bug killer","Harris Toughest Bed Bug Killer — a known-name contact spray with two big caveats","2","306","12","true","TopPick"
"/blog/harris-bed-bug-killer-review-canada","bedbug","buzzskito-bedbug-20","true","buzzskito-bedbug-20","true","search","","harris bed bug killer","Check price on Amazon.ca &rarr;","3","402","15","true","BuyLink"
"/blog/harris-bed-bug-killer-review-canada","bedbug","buzzskito-bedbug-20","true","buzzskito-bedbug-20","true","search","","cimexa insecticide dust","Check price on Amazon.ca &rarr;","4","433","16","true","BuyLink"
"/blog/harris-bed-bug-killer-review-canada","bedbug","buzzskito-bedbug-20","true","buzzskito-bedbug-20","true","search","","bed bug steamer","Check price on Amazon.ca &rarr;","5","470","18","true","BuyLink"
"/blog/harris-bed-bug-killer-review-canada","bedbug","buzzskito-bedbug-20","true","buzzskito-bedbug-20","true","search","","harris bed bug killer","Harris bed bug killer on Amazon.ca &rarr;","6","829","31","false","BuyLink"
"/blog/harris-bed-bug-killer-review-canada","bedbug","buzzskito-bedbug-20","true","buzzskito-bedbug-20","true","search","","cimexa insecticide dust","Silica-gel dust alternative &rarr;","7","835","31","false","BuyLink"
"/blog/harris-bed-bug-killer-review-canada","bedbug","buzzskito-bedbug-20","true","buzzskito-bedbug-20","true","search","","cimexa insecticide dust","See the resistance-proof dust alternative &rarr;","8","2148","81","false","BuyLink"
"/blog/heat-vs-chemical-bed-bug-treatment-canada","bedbug","buzzskito-bedbug-20","true","buzzskito-bedbug-20","true","search","","zappbug bed bug heater","ZappBug bed-bug heater","1","96","4","sticky","StickyBuyBar"
"/blog/heat-vs-chemical-bed-bug-treatment-canada","bedbug","buzzskito-bedbug-20","true","buzzskito-bedbug-20","true","search","","zappbug bed bug heater","Check price on Amazon.ca →","2","468","18","true","BuyLink"
"/blog/heat-vs-chemical-bed-bug-treatment-canada","bedbug","buzzskito-bedbug-20","true","buzzskito-bedbug-20","true","search","","doktor doom bed bug spray","Check price on Amazon.ca →","3","472","18","true","BuyLink"
"/blog/heat-vs-chemical-bed-bug-treatment-canada","bedbug","buzzskito-bedbug-20","true","buzzskito-bedbug-20","true","search","","zappbug bed bug heater","ZappBug heater →","4","785","30","false","BuyLink"
"/blog/heat-vs-chemical-bed-bug-treatment-canada","bedbug","buzzskito-bedbug-20","true","buzzskito-bedbug-20","true","search","","doktor doom bed bug spray","Doktor Doom spray →","5","787","30","false","BuyLink"
"/blog/heat-vs-chemical-bed-bug-treatment-canada","bedbug","buzzskito-bedbug-20","true","buzzskito-bedbug-20","true","search","","zappbug bed bug heater","ZappBug Bed-Bug Heater","6","2539","97","false","TopPick"
"/blog/hidden-mosquito-breeding-spots-backyard","mosquito","buzzskito-mosquito-20","true","buzzskito-mosquito-20","true","search","","summit mosquito dunks","check price on Amazon.ca &rarr;","1","410","49","true","BuyLink"
"/blog/hidden-mosquito-breeding-spots-backyard","mosquito","buzzskito-mosquito-20","true","buzzskito-mosquito-20","true","search","","summit mosquito bits","check price on Amazon.ca &rarr;","2","429","51","true","BuyLink"
"/blog/hidden-mosquito-breeding-spots-backyard","mosquito","buzzskito-mosquito-20","true","buzzskito-mosquito-20","true","search","","summit mosquito dunks","Summit BTI Mosquito Dunks","3","463","56","true","TopPick"
"/blog/hidden-mosquito-breeding-spots-backyard","mosquito","buzzskito-mosquito-20","true","buzzskito-mosquito-20","true","search","","summit mosquito dunks","Summit BTI Mosquito Dunks","4","834","100","sticky","StickyBuyBar"
"/blog/horse-fly-and-deer-fly-bite-treatment","flies","buzzskito-flies-20","true","buzzskito-flies-20","true","search","","hydrocortisone anti itch cream","Check price on Amazon.ca →","1","353","19","true","BuyLink"
"/blog/horse-fly-and-deer-fly-bite-treatment","flies","buzzskito-flies-20","true","buzzskito-flies-20","true","search","","oral antihistamine allergy tablets","Check price on Amazon.ca →","2","479","25","true","BuyLink"
"/blog/horse-fly-and-deer-fly-bite-treatment","flies","buzzskito-flies-20","true","buzzskito-flies-20","true","search","","after bite itch relief","Check after-bite relief on Amazon →","3","526","28","true","BuyLink"
"/blog/horse-fly-and-deer-fly-bite-treatment","flies","buzzskito-flies-20","true","buzzskito-flies-20","true","search","","hydrocortisone anti itch cream","Compare hydrocortisone creams →","4","531","28","true","BuyLink"
"/blog/horse-fly-and-deer-fly-bite-treatment","flies","buzzskito-flies-20","true","buzzskito-flies-20","true","dp_asin","B0GBY8KXFY","hydrocortisone anti itch cream","Hydrocortisone 1% Anti-Itch Cream","5","534","28","true","TopPick"
"/blog/horse-fly-and-deer-fly-bite-treatment","flies","buzzskito-flies-20","true","buzzskito-flies-20","true","search","","after bite itch relief","Check after-bite relief on Amazon →","6","872","46","false","BuyLink"
"/blog/horse-fly-and-deer-fly-bite-treatment","flies","buzzskito-flies-20","true","buzzskito-flies-20","true","search","","instant cold pack reusable","Check price on Amazon.ca →","7","1141","60","false","BuyLink"
"/blog/horse-fly-and-deer-fly-bite-treatment","flies","buzzskito-flies-20","true","buzzskito-flies-20","true","search","","insect shield permethrin treated clothing","Check permethrin-treated clothing on Amazon.ca →","8","1637","86","false","BuyLink"
"/blog/horse-fly-and-deer-fly-bite-treatment","flies","buzzskito-flies-20","true","buzzskito-flies-20","true","search","","picaridin insect repellent canada","Compare picaridin repellents on Amazon.ca →","9","1704","89","false","BuyLink"
"/blog/horse-fly-and-deer-fly-bite-treatment","flies","buzzskito-flies-20","true","buzzskito-flies-20","true","search","","screen house tent","Check screen houses on Amazon.ca →","10","1879","99","false","BuyLink"
"/blog/horse-fly-and-deer-fly-bite-treatment","flies","buzzskito-flies-20","true","buzzskito-flies-20","true","dp_asin","B0GBY8KXFY","hydrocortisone anti itch cream","Hydrocortisone 1% Anti-Itch Cream","11","1907","100","sticky","StickyBuyBar"
"/blog/how-long-do-ticks-live","tick","buzzskito-tick-20","true","buzzskito-tick-20","true","search","","tick removal tool tweezers","Fine-tipped tick-removal tool","1","612","13","false","TopPick"
"/blog/how-long-do-ticks-live","tick","buzzskito-tick-20","true","buzzskito-tick-20","true","search","","tick removal tool tweezers","Check price on Amazon.ca &rarr;","2","1724","37","false","BuyLink"
"/blog/how-long-do-ticks-live","tick","buzzskito-tick-20","true","buzzskito-tick-20","true","search","","small screw top specimen vials permanent marker","Check price on Amazon.ca &rarr;","3","1776","39","false","BuyLink"
"/blog/how-long-do-ticks-live","tick","buzzskito-tick-20","true","buzzskito-tick-20","true","search","","tick removal tool tweezers","Check tick-removal tools on Amazon.ca &rarr;","4","3498","76","false","BuyLink"
"/blog/how-long-do-ticks-live","tick","buzzskito-tick-20","true","buzzskito-tick-20","true","search","","tick removal tool tweezers","See tick-removal tools on Amazon.ca &rarr;","5","4521","98","false","BuyLink"
"/blog/how-long-do-ticks-live","tick","buzzskito-tick-20","true","buzzskito-tick-20","true","search","","tick removal tool tweezers","Tick-removal tool kit","6","4601","100","sticky","StickyBuyBar"
"/blog/how-long-does-mosquito-spray-last","mosquito","buzzskito-mosquito-20","true","buzzskito-mosquito-20","true","search","","summit mosquito dunks","Check Mosquito Dunks on Amazon.ca →","1","292","19","true","BuyLink"
"/blog/how-long-does-mosquito-spray-last","mosquito","buzzskito-mosquito-20","true","buzzskito-mosquito-20","true","search","","backyard mosquito fogger","Check backyard foggers on Amazon.ca &rarr;","2","500","33","true","BuyLink"
"/blog/how-long-does-mosquito-spray-last","mosquito","buzzskito-mosquito-20","true","buzzskito-mosquito-20","true","search","","backpack pump sprayer","Check backpack sprayers on Amazon.ca &rarr;","3","601","39","false","BuyLink"
"/blog/how-long-does-mosquito-spray-last","mosquito","buzzskito-mosquito-20","true","buzzskito-mosquito-20","true","search","","gutter guard mesh","Check gutter guards on Amazon.ca &rarr;","4","940","61","false","BuyLink"
"/blog/how-long-does-mosquito-spray-last","mosquito","buzzskito-mosquito-20","true","buzzskito-mosquito-20","true","search","","cordless hedge trimmer","Check hedge trimmers on Amazon.ca &rarr;","5","1194","78","false","BuyLink"
"/blog/how-long-does-mosquito-spray-last","mosquito","buzzskito-mosquito-20","true","buzzskito-mosquito-20","true","search","","thermacell mosquito repeller","Check patio zone repellers on Amazon.ca &rarr;","6","1299","85","false","BuyLink"
"/blog/how-long-does-mosquito-spray-last","mosquito","buzzskito-mosquito-20","true","buzzskito-mosquito-20","true","search","","picaridin insect repellent","Check DEET and picaridin repellents on Amazon.ca &rarr;","7","1426","93","false","BuyLink"
"/blog/how-long-does-mosquito-spray-last","mosquito","buzzskito-mosquito-20","true","buzzskito-mosquito-20","true","search","","summit mosquito dunks","Summit Mosquito Dunks (BTi larvicide)","8","1534","100","sticky","StickyBuyBar"
"/blog/how-much-does-tick-treatment-cost-ontario","tick","buzzskito-tick-20","true","buzzskito-tick-20","true","search","","tick removal tool tweezers","Fine-Tipped Tick Removal Tool Kit","1","227","13","true","TopPick"
"/blog/how-much-does-tick-treatment-cost-ontario","tick","buzzskito-tick-20","true","buzzskito-tick-20","true","search","","tick control tubes","Check price on Amazon.ca →","2","1094","64","false","BuyLink"
"/blog/how-much-does-tick-treatment-cost-ontario","tick","buzzskito-tick-20","true","buzzskito-tick-20","true","search","","icaridin insect repellent canada","Check price on Amazon.ca →","3","1659","98","false","BuyLink"
"/blog/how-much-does-tick-treatment-cost-ontario","tick","buzzskito-tick-20","true","buzzskito-tick-20","true","search","","permethrin treated socks","See permethrin-treated clothing on Amazon.ca →","4","1663","98","false","BuyLink"
"/blog/how-much-does-tick-treatment-cost-ontario","tick","buzzskito-tick-20","true","buzzskito-tick-20","true","search","","tick removal tool tweezers","Fine-tipped tick removal tool kit","5","1701","100","sticky","StickyBuyBar"
"/blog/how-to-check-for-bed-bugs-canada","bedbug","buzzskito-bedbug-20","true","buzzskito-bedbug-20","true","search","","bed bug detection kit","Flashlight + card detection kit on Amazon.ca →","1","734","31","false","BuyLink"
"/blog/how-to-check-for-bed-bugs-canada","bedbug","buzzskito-bedbug-20","true","buzzskito-bedbug-20","true","search","","bed bug detection kit","Bed Bug Detection Kit (flashlight + card + magnifier)","2","740","31","false","TopPick"
"/blog/how-to-check-for-bed-bugs-canada","bedbug","buzzskito-bedbug-20","true","buzzskito-bedbug-20","true","search","","bed bug detection kit","Bed Bug Detection Kit (flashlight + card)","3","2382","100","sticky","StickyBuyBar"
"/blog/how-to-do-a-tick-check","tick","buzzskito-tick-20","true","buzzskito-tick-20","true","search","","tick removal tool tweezers","Check tick-removal tools on Amazon.ca →","1","1336","93","false","BuyLink"
"/blog/how-to-do-a-tick-check","tick","buzzskito-tick-20","true","buzzskito-tick-20","true","search","","tick removal tool tweezers","Fine-Tipped Tick-Removal Tool","2","1396","97","false","TopPick"
"/blog/how-to-do-a-tick-check","tick","buzzskito-tick-20","true","buzzskito-tick-20","true","search","","tick removal tool tweezers","Fine-Tipped Tick-Removal Tool","3","1443","100","sticky","StickyBuyBar"
"/blog/how-to-get-rid-of-ants-canada","ant","buzzskito-ant-20","true","buzzskito-ant-20","true","search","","terro liquid ant baits","Liquid ant bait stations (borax)","1","92","2","sticky","StickyBuyBar"
"/blog/how-to-get-rid-of-ants-canada","ant","buzzskito-ant-20","true","buzzskito-ant-20","true","search","","terro liquid ant baits","Check price on Amazon.ca →","2","878","16","false","BuyLink"
"/blog/how-to-get-rid-of-ants-canada","ant","buzzskito-ant-20","true","buzzskito-ant-20","true","search","","combat ant killing bait stations","Check price on Amazon.ca →","3","905","16","false","BuyLink"
"/blog/how-to-get-rid-of-ants-canada","ant","buzzskito-ant-20","true","buzzskito-ant-20","true","search","","ant gel bait","Check price on Amazon.ca →","4","934","17","false","BuyLink"
"/blog/how-to-get-rid-of-ants-canada","ant","buzzskito-ant-20","true","buzzskito-ant-20","true","search","","diatomaceous earth insect duster","Check price on Amazon.ca →","5","968","18","false","BuyLink"
"/blog/how-to-get-rid-of-ants-canada","ant","buzzskito-ant-20","true","buzzskito-ant-20","true","search","","terro liquid ant baits","Liquid bait stations →","6","1432","26","false","BuyLink"
"/blog/how-to-get-rid-of-ants-canada","ant","buzzskito-ant-20","true","buzzskito-ant-20","true","search","","combat ant killing bait stations","Protein bait stations →","7","1435","26","false","BuyLink"
"/blog/how-to-get-rid-of-ants-canada","ant","buzzskito-ant-20","true","buzzskito-ant-20","true","search","","diatomaceous earth insect duster","DE + duster →","8","1438","26","false","BuyLink"
"/blog/how-to-get-rid-of-ants-canada","ant","buzzskito-ant-20","true","buzzskito-ant-20","true","search","","terro liquid ant baits","Check liquid ant bait stations on Amazon.ca →","9","3073","56","false","BuyLink"
"/blog/how-to-get-rid-of-ants-canada","ant","buzzskito-ant-20","true","buzzskito-ant-20","true","search","","door sweep silicone caulk gap sealant","Check door sweeps and sealant on Amazon.ca →","10","4021","73","false","BuyLink"
"/blog/how-to-get-rid-of-bed-bugs-canada","bedbug","buzzskito-bedbug-20","true","buzzskito-bedbug-20","true","search","","bed bug mattress encasement","Bed-bug mattress encasement + interceptor traps","1","92","3","sticky","StickyBuyBar"
"/blog/how-to-get-rid-of-bed-bugs-canada","bedbug","buzzskito-bedbug-20","true","buzzskito-bedbug-20","true","search","","bed bug detector monitor","Check price on Amazon.ca →","2","433","16","true","BuyLink"
"/blog/how-to-get-rid-of-bed-bugs-canada","bedbug","buzzskito-bedbug-20","true","buzzskito-bedbug-20","true","search","","bed bug interceptor traps","Check price on Amazon.ca →","3","453","17","true","BuyLink"
"/blog/how-to-get-rid-of-bed-bugs-canada","bedbug","buzzskito-bedbug-20","true","buzzskito-bedbug-20","true","search","","bed bug mattress encasement zippered","Check price on Amazon.ca →","4","469","18","true","BuyLink"
"/blog/how-to-get-rid-of-bed-bugs-canada","bedbug","buzzskito-bedbug-20","true","buzzskito-bedbug-20","true","search","","zappbug bed bug heater","Check price on Amazon.ca →","5","488","18","true","BuyLink"
"/blog/how-to-get-rid-of-bed-bugs-canada","bedbug","buzzskito-bedbug-20","true","buzzskito-bedbug-20","true","search","","bed bug steamer dry vapour","Check price on Amazon.ca →","6","505","19","true","BuyLink"
"/blog/how-to-get-rid-of-bed-bugs-canada","bedbug","buzzskito-bedbug-20","true","buzzskito-bedbug-20","true","search","","cimexa silica bed bug dust","Check price on Amazon.ca →","7","522","20","true","BuyLink"
"/blog/how-to-get-rid-of-bed-bugs-canada","bedbug","buzzskito-bedbug-20","true","buzzskito-bedbug-20","true","search","","bed bug interceptor traps","Check price on Amazon.ca →","8","539","20","true","BuyLink"
"/blog/how-to-get-rid-of-bed-bugs-canada","bedbug","buzzskito-bedbug-20","true","buzzskito-bedbug-20","true","search","","bed bug mattress encasement zippered","Encasements →","9","869","33","false","BuyLink"
"/blog/how-to-get-rid-of-bed-bugs-canada","bedbug","buzzskito-bedbug-20","true","buzzskito-bedbug-20","true","search","","bed bug interceptor traps","Interceptor traps →","10","870","33","false","BuyLink"
"/blog/how-to-get-rid-of-bed-bugs-canada","bedbug","buzzskito-bedbug-20","true","buzzskito-bedbug-20","true","search","","bed bug steamer dry vapour","Steamer →","11","872","33","false","BuyLink"
"/blog/how-to-get-rid-of-bed-bugs-canada","bedbug","buzzskito-bedbug-20","true","buzzskito-bedbug-20","true","search","","cimexa silica bed bug dust","Silica dust →","12","873","33","false","BuyLink"
"/blog/how-to-get-rid-of-bed-bugs-in-apartment-canada","bedbug","buzzskito-bedbug-20","true","buzzskito-bedbug-20","true","search","","bed bug interceptor traps","Bed-bug interceptor traps (under every leg)","1","95","3","sticky","StickyBuyBar"
"/blog/how-to-get-rid-of-bed-bugs-in-apartment-canada","bedbug","buzzskito-bedbug-20","true","buzzskito-bedbug-20","true","search","","bed bug interceptor traps","Check price on Amazon.ca →","2","435","16","true","BuyLink"
"/blog/how-to-get-rid-of-bed-bugs-in-apartment-canada","bedbug","buzzskito-bedbug-20","true","buzzskito-bedbug-20","true","search","","bed bug mattress encasement zippered","Check price on Amazon.ca →","3","460","17","true","BuyLink"
"/blog/how-to-get-rid-of-bed-bugs-in-apartment-canada","bedbug","buzzskito-bedbug-20","true","buzzskito-bedbug-20","true","search","","cimexa insecticide dust","Check price on Amazon.ca →","4","486","18","true","BuyLink"
"/blog/how-to-get-rid-of-bed-bugs-in-apartment-canada","bedbug","buzzskito-bedbug-20","true","buzzskito-bedbug-20","true","search","","bed bug spray canada","Check price on Amazon.ca →","5","513","19","true","BuyLink"
"/blog/how-to-get-rid-of-bed-bugs-in-apartment-canada","bedbug","buzzskito-bedbug-20","true","buzzskito-bedbug-20","true","search","","bed bug interceptor traps","Interceptor traps →","6","881","32","false","BuyLink"
"/blog/how-to-get-rid-of-bed-bugs-in-apartment-canada","bedbug","buzzskito-bedbug-20","true","buzzskito-bedbug-20","true","search","","bed bug mattress encasement zippered","Encasements →","7","883","32","false","BuyLink"
"/blog/how-to-get-rid-of-bed-bugs-in-apartment-canada","bedbug","buzzskito-bedbug-20","true","buzzskito-bedbug-20","true","search","","cimexa insecticide dust","CimeXa dust →","8","884","33","false","BuyLink"
"/blog/how-to-get-rid-of-bed-bugs-in-apartment-canada","bedbug","buzzskito-bedbug-20","true","buzzskito-bedbug-20","true","search","","bed bug spray canada","Registered spray →","9","886","33","false","BuyLink"
"/blog/how-to-get-rid-of-bed-bugs-in-couch-canada","bedbug","buzzskito-bedbug-20","true","buzzskito-bedbug-20","true","search","","bed bug steamer dry vapour","Dry-vapour bed bug steamer","1","94","4","sticky","StickyBuyBar"
"/blog/how-to-get-rid-of-bed-bugs-in-couch-canada","bedbug","buzzskito-bedbug-20","true","buzzskito-bedbug-20","true","search","","hepa handheld vacuum crevice tool","Check price on Amazon.ca →","2","438","17","true","BuyLink"
"/blog/how-to-get-rid-of-bed-bugs-in-couch-canada","bedbug","buzzskito-bedbug-20","true","buzzskito-bedbug-20","true","search","","bed bug steamer dry vapour","Check price on Amazon.ca →","3","460","18","true","BuyLink"
"/blog/how-to-get-rid-of-bed-bugs-in-couch-canada","bedbug","buzzskito-bedbug-20","true","buzzskito-bedbug-20","true","search","","ecoraider bed bug spray","Check price on Amazon.ca →","4","482","19","true","BuyLink"
"/blog/how-to-get-rid-of-bed-bugs-in-couch-canada","bedbug","buzzskito-bedbug-20","true","buzzskito-bedbug-20","true","search","","bed bug cushion encasement zippered","Check price on Amazon.ca →","5","503","20","true","BuyLink"
"/blog/how-to-get-rid-of-bed-bugs-in-couch-canada","bedbug","buzzskito-bedbug-20","true","buzzskito-bedbug-20","true","search","","bed bug steamer dry vapour","Dry-vapour steamer →","6","776","31","false","BuyLink"
"/blog/how-to-get-rid-of-bed-bugs-in-couch-canada","bedbug","buzzskito-bedbug-20","true","buzzskito-bedbug-20","true","search","","ecoraider bed bug spray","EcoRaider spray →","7","778","31","false","BuyLink"
"/blog/how-to-get-rid-of-bed-bugs-in-couch-canada","bedbug","buzzskito-bedbug-20","true","buzzskito-bedbug-20","true","search","","bed bug cushion encasement zippered","Cushion encasement →","8","780","31","false","BuyLink"
"/blog/how-to-get-rid-of-bed-bugs-yourself-diy-canada","bedbug","buzzskito-bedbug-20","true","buzzskito-bedbug-20","true","search","","bed bug treatment kit steamer interceptor","DIY bed-bug treatment kit (steamer + dust + encasements + interceptors)","1","100","4","sticky","StickyBuyBar"
"/blog/how-to-get-rid-of-bed-bugs-yourself-diy-canada","bedbug","buzzskito-bedbug-20","true","buzzskito-bedbug-20","true","search","","bed bug steamer dry vapour","Check price on Amazon.ca →","2","447","18","true","BuyLink"
"/blog/how-to-get-rid-of-bed-bugs-yourself-diy-canada","bedbug","buzzskito-bedbug-20","true","buzzskito-bedbug-20","true","search","","silica bed bug desiccant dust","Check price on Amazon.ca →","3","472","19","true","BuyLink"
"/blog/how-to-get-rid-of-bed-bugs-yourself-diy-canada","bedbug","buzzskito-bedbug-20","true","buzzskito-bedbug-20","true","search","","sealed hepa vacuum crevice tool","Check price on Amazon.ca →","4","495","19","true","BuyLink"
"/blog/how-to-get-rid-of-bed-bugs-yourself-diy-canada","bedbug","buzzskito-bedbug-20","true","buzzskito-bedbug-20","true","search","","bed bug proof mattress encasement certified","Check price on Amazon.ca →","5","518","20","true","BuyLink"
"/blog/how-to-get-rid-of-bed-bugs-yourself-diy-canada","bedbug","buzzskito-bedbug-20","true","buzzskito-bedbug-20","true","search","","bed bug interceptor traps","Check price on Amazon.ca →","6","537","21","true","BuyLink"
"/blog/how-to-get-rid-of-bed-bugs-yourself-diy-canada","bedbug","buzzskito-bedbug-20","true","buzzskito-bedbug-20","true","search","","bed bug steamer dry vapour","Steamer →","7","877","34","false","BuyLink"
"/blog/how-to-get-rid-of-bed-bugs-yourself-diy-canada","bedbug","buzzskito-bedbug-20","true","buzzskito-bedbug-20","true","search","","silica bed bug desiccant dust","Desiccant dust →","8","878","34","false","BuyLink"
"/blog/how-to-get-rid-of-bed-bugs-yourself-diy-canada","bedbug","buzzskito-bedbug-20","true","buzzskito-bedbug-20","true","search","","bed bug proof mattress encasement certified","Encasements →","9","880","35","false","BuyLink"
"/blog/how-to-get-rid-of-bed-bugs-yourself-diy-canada","bedbug","buzzskito-bedbug-20","true","buzzskito-bedbug-20","true","search","","bed bug interceptor traps","Interceptors →","10","881","35","false","BuyLink"
"/blog/how-to-get-rid-of-boxelder-bugs-canada","general","buzzskito-general-20","true","buzzskito-general-20","true","search","","exterior silicone caulk sealant gun kit","Exterior-grade sealant + caulking gun","1","97","2","sticky","StickyBuyBar"
"/blog/how-to-get-rid-of-boxelder-bugs-canada","general","buzzskito-general-20","true","buzzskito-general-20","true","search","","exterior silicone caulk sealant gun kit","Check price on Amazon.ca →","2","610","12","false","BuyLink"
"/blog/how-to-get-rid-of-boxelder-bugs-canada","general","buzzskito-general-20","true","buzzskito-general-20","true","search","","fine insect screen mesh roll aluminum","Check price on Amazon.ca →","3","643","12","false","BuyLink"
"/blog/how-to-get-rid-of-boxelder-bugs-canada","general","buzzskito-general-20","true","buzzskito-general-20","true","search","","foam outlet gasket door sweep weatherstrip kit","Check price on Amazon.ca →","4","675","13","false","BuyLink"
"/blog/how-to-get-rid-of-boxelder-bugs-canada","general","buzzskito-general-20","true","buzzskito-general-20","true","search","","wet dry shop vacuum with hose","Check price on Amazon.ca →","5","732","14","false","BuyLink"
"/blog/how-to-get-rid-of-boxelder-bugs-canada","general","buzzskito-general-20","true","buzzskito-general-20","true","search","","exterior silicone caulk sealant gun kit","Exterior sealant + gun →","6","1259","24","false","BuyLink"
"/blog/how-to-get-rid-of-boxelder-bugs-canada","general","buzzskito-general-20","true","buzzskito-general-20","true","search","","fine insect screen mesh roll aluminum","Fine vent screening →","7","1262","24","false","BuyLink"
"/blog/how-to-get-rid-of-boxelder-bugs-canada","general","buzzskito-general-20","true","buzzskito-general-20","true","search","","foam outlet gasket door sweep weatherstrip kit","Interior gaskets + sweeps →","8","1265","24","false","BuyLink"
"/blog/how-to-get-rid-of-boxelder-bugs-canada","general","buzzskito-general-20","true","buzzskito-general-20","true","search","","exterior silicone caulk sealant gun kit","Check exterior sealants on Amazon.ca →","9","3123","60","false","BuyLink"
"/blog/how-to-get-rid-of-boxelder-bugs-canada","general","buzzskito-general-20","true","buzzskito-general-20","true","search","","foam outlet gasket door sweep weatherstrip kit","Check interior gaskets and sweeps on Amazon.ca →","10","3382","65","false","BuyLink"
"/blog/how-to-get-rid-of-boxelder-bugs-canada","general","buzzskito-general-20","true","buzzskito-general-20","true","search","","wet dry shop vacuum with hose","Check wet/dry shop vacuums on Amazon.ca →","11","3982","77","false","BuyLink"
"/blog/how-to-get-rid-of-carpenter-bees-canada","general","buzzskito-general-20","true","buzzskito-general-20","false","search","","carpenter bee trap wooden hanging","Hanging wooden carpenter bee trap","1","124","4","sticky","StickyBuyBar"
"/blog/how-to-get-rid-of-carpenter-bees-canada","general","buzzskito-general-20","true","buzzskito-general-20","false","search","","safers insect killing diatomaceous earth","Registered dust &rarr;","2","697","23","false","BuyLink"
"/blog/how-to-get-rid-of-carpenter-bees-canada","general","buzzskito-general-20","true","buzzskito-general-20","false","search","","carpenter bee trap wooden hanging","Carpenter bee traps &rarr;","3","722","24","false","BuyLink"
"/blog/how-to-get-rid-of-carpenter-bees-canada","general","buzzskito-general-20","true","buzzskito-general-20","false","search","","exterior wood filler epoxy dowel","Filler and dowels &rarr;","4","745","24","false","BuyLink"
"/blog/how-to-get-rid-of-carpenter-bees-canada","general","buzzskito-general-20","true","buzzskito-general-20","false","search","","exterior wood primer oil based","Exterior primer &rarr;","5","775","25","false","BuyLink"
"/blog/how-to-get-rid-of-carpenter-bees-canada","general","buzzskito-general-20","true","buzzskito-general-20","false","search","","carpenter bee trap wooden hanging","Carpenter bee traps &rarr;","6","1192","39","false","BuyLink"
"/blog/how-to-get-rid-of-carpenter-bees-canada","general","buzzskito-general-20","true","buzzskito-general-20","false","search","","safers insect killing diatomaceous earth","Registered dust &rarr;","7","1195","39","false","BuyLink"
"/blog/how-to-get-rid-of-carpenter-bees-canada","general","buzzskito-general-20","true","buzzskito-general-20","false","search","","exterior wood filler epoxy dowel","Filler and dowels &rarr;","8","1197","39","false","BuyLink"
"/blog/how-to-get-rid-of-carpenter-bees-canada","general","buzzskito-general-20","true","buzzskito-general-20","false","search","","pesticide bulb duster applicator","Check bulb dusters on Amazon.ca &rarr;","9","1924","63","false","BuyLink"
"/blog/how-to-get-rid-of-carpenter-bees-canada","general","buzzskito-general-20","true","buzzskito-general-20","false","search","","safers insect killing diatomaceous earth","Check Safer&rsquo;s DE and duster kits on Amazon.ca &rarr;","10","1929","63","false","BuyLink"
"/blog/how-to-get-rid-of-carpenter-bees-canada","general","buzzskito-general-20","true","buzzskito-general-20","false","search","","carpenter bee trap wooden hanging","Check carpenter bee traps on Amazon.ca &rarr;","11","2215","73","false","BuyLink"
"/blog/how-to-get-rid-of-carpenter-bees-canada","general","buzzskito-general-20","true","buzzskito-general-20","false","search","","hardware cloth 1 4 inch galvanized mesh","Check hardware cloth on Amazon.ca &rarr;","12","2446","80","false","BuyLink"
"/blog/how-to-get-rid-of-carpenter-bees-canada","general","buzzskito-general-20","true","buzzskito-general-20","false","search","","paint roller extension pole telescoping","Check extension poles and rollers on Amazon.ca &rarr;","13","2511","82","false","BuyLink"
"/blog/how-to-get-rid-of-carpenter-bees-canada","general","buzzskito-general-20","true","buzzskito-general-20","false","search","","ladder stabilizer standoff","Check ladder standoffs on Amazon.ca &rarr;","14","2771","91","false","BuyLink"
"/blog/how-to-get-rid-of-carpet-beetles-canada","general","buzzskito-general-20","true","buzzskito-general-20","false","search","","sealed hepa vacuum crevice tool","Sealed-HEPA vacuum with a crevice tool","1","137","4","sticky","StickyBuyBar"
"/blog/how-to-get-rid-of-carpet-beetles-canada","general","buzzskito-general-20","true","buzzskito-general-20","false","search","","sealed hepa vacuum crevice tool","Vacuum + crevice tool &rarr;","2","469","13","true","BuyLink"
"/blog/how-to-get-rid-of-carpet-beetles-canada","general","buzzskito-general-20","true","buzzskito-general-20","false","search","","airtight storage tote gasket lid","Sealed storage &rarr;","3","505","14","true","BuyLink"
"/blog/how-to-get-rid-of-carpet-beetles-canada","general","buzzskito-general-20","true","buzzskito-general-20","false","search","","hardware cloth 1 4 inch galvanized mesh","Vent mesh &rarr;","4","542","15","true","BuyLink"
"/blog/how-to-get-rid-of-carpet-beetles-canada","general","buzzskito-general-20","true","buzzskito-general-20","false","search","","carpet beetle pheromone trap","Monitors &rarr;","5","578","16","true","BuyLink"
"/blog/how-to-get-rid-of-carpet-beetles-canada","general","buzzskito-general-20","true","buzzskito-general-20","false","search","","sealed hepa vacuum crevice tool","Vacuum + crevice tool &rarr;","6","1344","36","false","BuyLink"
"/blog/how-to-get-rid-of-carpet-beetles-canada","general","buzzskito-general-20","true","buzzskito-general-20","false","search","","airtight storage tote gasket lid","Sealed storage &rarr;","7","1347","36","false","BuyLink"
"/blog/how-to-get-rid-of-carpet-beetles-canada","general","buzzskito-general-20","true","buzzskito-general-20","false","search","","carpet beetle pheromone trap","Monitors &rarr;","8","1349","37","false","BuyLink"
"/blog/how-to-get-rid-of-carpet-beetles-canada","general","buzzskito-general-20","true","buzzskito-general-20","false","search","","sealed hepa vacuum crevice tool","Check sealed-HEPA vacuums on Amazon.ca &rarr;","9","1998","54","false","BuyLink"
"/blog/how-to-get-rid-of-carpet-beetles-canada","general","buzzskito-general-20","true","buzzskito-general-20","false","search","","handheld fabric steamer upholstery","check handheld fabric steamers on Amazon.ca &rarr;","10","2336","63","false","BuyLink"
"/blog/how-to-get-rid-of-carpet-beetles-canada","general","buzzskito-general-20","true","buzzskito-general-20","false","search","","airtight storage tote gasket lid","Check airtight storage totes on Amazon.ca &rarr;","11","2501","68","false","BuyLink"
"/blog/how-to-get-rid-of-carpet-beetles-canada","general","buzzskito-general-20","true","buzzskito-general-20","false","search","","zippered garment storage bag","check zippered garment bags on Amazon.ca &rarr;","12","2614","71","false","BuyLink"
"/blog/how-to-get-rid-of-carpet-beetles-canada","general","buzzskito-general-20","true","buzzskito-general-20","false","search","","safers insect killing diatomaceous earth","Check Safer&rsquo;s DE and duster kits on Amazon.ca &rarr;","13","3016","82","false","BuyLink"
"/blog/how-to-get-rid-of-carpet-beetles-canada","general","buzzskito-general-20","true","buzzskito-general-20","false","search","","window screen repair kit mesh spline","check window screen repair kits on Amazon.ca &rarr;","14","3251","88","false","BuyLink"
"/blog/how-to-get-rid-of-carpet-beetles-canada","general","buzzskito-general-20","true","buzzskito-general-20","false","search","","hardware cloth 1 4 inch galvanized mesh","Check hardware cloth on Amazon.ca &rarr;","15","3258","88","false","BuyLink"
"/blog/how-to-get-rid-of-centipedes-canada","general","buzzskito-general-20","true","buzzskito-general-20","true","search","","50 pint dehumidifier basement energy star","Energy Star basement dehumidifier (50-pint class)","1","122","2","sticky","StickyBuyBar"
"/blog/how-to-get-rid-of-centipedes-canada","general","buzzskito-general-20","true","buzzskito-general-20","true","search","","digital hygrometer indoor humidity monitor","Check price on Amazon.ca →","2","439","8","true","BuyLink"
"/blog/how-to-get-rid-of-centipedes-canada","general","buzzskito-general-20","true","buzzskito-general-20","true","search","","insect glue board traps multi pack","Check price on Amazon.ca →","3","588","11","true","BuyLink"
"/blog/how-to-get-rid-of-centipedes-canada","general","buzzskito-general-20","true","buzzskito-general-20","true","search","","50 pint dehumidifier basement energy star","Check price on Amazon.ca →","4","863","16","false","BuyLink"
"/blog/how-to-get-rid-of-centipedes-canada","general","buzzskito-general-20","true","buzzskito-general-20","true","search","","door sweep silicone caulk gap sealant","Check price on Amazon.ca →","5","919","17","false","BuyLink"
"/blog/how-to-get-rid-of-centipedes-canada","general","buzzskito-general-20","true","buzzskito-general-20","true","search","","insect glue board traps multi pack","Check price on Amazon.ca →","6","943","18","false","BuyLink"
"/blog/how-to-get-rid-of-centipedes-canada","general","buzzskito-general-20","true","buzzskito-general-20","true","search","","safers insect killing diatomaceous earth","Check price on Amazon.ca →","7","987","19","false","BuyLink"
"/blog/how-to-get-rid-of-centipedes-canada","general","buzzskito-general-20","true","buzzskito-general-20","true","search","","50 pint dehumidifier basement energy star","Basement dehumidifier →","8","1483","28","false","BuyLink"
"/blog/how-to-get-rid-of-centipedes-canada","general","buzzskito-general-20","true","buzzskito-general-20","true","search","","insect glue board traps multi pack","Glue board monitors →","9","1485","28","false","BuyLink"
"/blog/how-to-get-rid-of-centipedes-canada","general","buzzskito-general-20","true","buzzskito-general-20","true","search","","digital hygrometer indoor humidity monitor","Hygrometers →","10","1488","28","false","BuyLink"
"/blog/how-to-get-rid-of-centipedes-canada","general","buzzskito-general-20","true","buzzskito-general-20","true","search","","50 pint dehumidifier basement energy star","Check basement dehumidifiers on Amazon.ca →","11","2958","56","false","BuyLink"
"/blog/how-to-get-rid-of-centipedes-canada","general","buzzskito-general-20","true","buzzskito-general-20","true","search","","insect glue board traps multi pack","Check glue board multi-packs on Amazon.ca →","12","3282","62","false","BuyLink"
"/blog/how-to-get-rid-of-centipedes-canada","general","buzzskito-general-20","true","buzzskito-general-20","true","search","","door sweep silicone caulk gap sealant","Check door sweeps and sealant on Amazon.ca →","13","3767","71","false","BuyLink"
"/blog/how-to-get-rid-of-cluster-flies-canada","flies","buzzskito-flies-20","true","buzzskito-flies-20","true","search","","window fly trap clear sticky","Clear window fly traps (for cluster flies at the glass)","1","90","4","sticky","StickyBuyBar"
"/blog/how-to-get-rid-of-cluster-flies-canada","flies","buzzskito-flies-20","true","buzzskito-flies-20","true","search","","window fly trap clear sticky","Clear window fly traps","2","319","13","true","TopPick"
"/blog/how-to-get-rid-of-cluster-flies-canada","flies","buzzskito-flies-20","true","buzzskito-flies-20","true","search","","window fly trap clear sticky","Check price on Amazon.ca →","3","418","16","true","BuyLink"
"/blog/how-to-get-rid-of-cluster-flies-canada","flies","buzzskito-flies-20","true","buzzskito-flies-20","true","search","","katchy indoor insect trap","Check price on Amazon.ca →","4","449","18","true","BuyLink"
"/blog/how-to-get-rid-of-cluster-flies-canada","flies","buzzskito-flies-20","true","buzzskito-flies-20","true","search","","exterior gap silicone caulk","Check price on Amazon.ca →","5","479","19","true","BuyLink"
"/blog/how-to-get-rid-of-cluster-flies-canada","flies","buzzskito-flies-20","true","buzzskito-flies-20","true","search","","window fly trap clear sticky","Clear window fly traps →","6","848","33","false","BuyLink"
"/blog/how-to-get-rid-of-cluster-flies-canada","flies","buzzskito-flies-20","true","buzzskito-flies-20","true","search","","katchy indoor insect trap","UV light-glue trap →","7","852","34","false","BuyLink"
"/blog/how-to-get-rid-of-cluster-flies-canada","flies","buzzskito-flies-20","true","buzzskito-flies-20","true","search","","exterior gap silicone caulk","Exterior sealant →","8","855","34","false","BuyLink"
"/blog/how-to-get-rid-of-cluster-flies-canada","flies","buzzskito-flies-20","true","buzzskito-flies-20","true","search","","window fly trap clear sticky","Check window fly traps on Amazon.ca →","9","1948","77","false","BuyLink"
"/blog/how-to-get-rid-of-cockroaches-canada","roach","buzzskito-roach-20","true","buzzskito-roach-20","true","search","","roach killing bait stations","Enclosed roach bait stations (domestic-class)","1","89","3","sticky","StickyBuyBar"
"/blog/how-to-get-rid-of-cockroaches-canada","roach","buzzskito-roach-20","true","buzzskito-roach-20","true","search","","roach killing bait stations","Check price on Amazon.ca →","2","544","16","true","BuyLink"
"/blog/how-to-get-rid-of-cockroaches-canada","roach","buzzskito-roach-20","true","buzzskito-roach-20","true","search","","cockroach glue trap monitor","Check price on Amazon.ca →","3","569","17","true","BuyLink"
"/blog/how-to-get-rid-of-cockroaches-canada","roach","buzzskito-roach-20","true","buzzskito-roach-20","true","search","","cockroach gel bait","Check price on Amazon.ca →","4","602","18","false","BuyLink"
"/blog/how-to-get-rid-of-cockroaches-canada","roach","buzzskito-roach-20","true","buzzskito-roach-20","true","search","","boric acid roach powder","Check price on Amazon.ca →","5","633","19","false","BuyLink"
"/blog/how-to-get-rid-of-cockroaches-canada","roach","buzzskito-roach-20","true","buzzskito-roach-20","true","search","","roach killing bait stations","Enclosed bait stations →","6","1045","31","false","BuyLink"
"/blog/how-to-get-rid-of-cockroaches-canada","roach","buzzskito-roach-20","true","buzzskito-roach-20","true","search","","cockroach glue trap monitor","Glue-board monitors →","7","1048","31","false","BuyLink"
"/blog/how-to-get-rid-of-cockroaches-canada","roach","buzzskito-roach-20","true","buzzskito-roach-20","true","search","","boric acid roach powder","Boric acid dust →","8","1050","31","false","BuyLink"
"/blog/how-to-get-rid-of-cockroaches-canada","roach","buzzskito-roach-20","true","buzzskito-roach-20","true","search","","roach killing bait stations","Check enclosed bait stations on Amazon.ca →","9","2018","60","false","BuyLink"
"/blog/how-to-get-rid-of-cockroaches-canada","roach","buzzskito-roach-20","true","buzzskito-roach-20","true","search","","cockroach glue trap monitor","Check glue-board monitors on Amazon.ca →","10","2514","75","false","BuyLink"
"/blog/how-to-get-rid-of-drain-flies-canada","flies","buzzskito-flies-20","true","buzzskito-flies-20","false","search","","flexible drain cleaning brush set long","Flexible drain brush set — the tool that removes the biofilm","1","151","6","sticky","StickyBuyBar"
"/blog/how-to-get-rid-of-drain-flies-canada","flies","buzzskito-flies-20","true","buzzskito-flies-20","false","search","","flexible drain cleaning brush set long","Drain brush set &rarr;","2","446","18","true","BuyLink"
"/blog/how-to-get-rid-of-drain-flies-canada","flies","buzzskito-flies-20","true","buzzskito-flies-20","false","search","","bio-clean drain bacteria enzyme treatment","Bacterial drain product &rarr;","3","507","20","true","BuyLink"
"/blog/how-to-get-rid-of-drain-flies-canada","flies","buzzskito-flies-20","true","buzzskito-flies-20","false","search","","katchy indoor insect trap","Indoor catch trap &rarr;","4","599","24","true","BuyLink"
"/blog/how-to-get-rid-of-drain-flies-canada","flies","buzzskito-flies-20","true","buzzskito-flies-20","false","search","","flexible drain cleaning brush set long","Flexible drain brush &rarr;","5","1089","43","false","BuyLink"
"/blog/how-to-get-rid-of-drain-flies-canada","flies","buzzskito-flies-20","true","buzzskito-flies-20","false","search","","bio-clean drain bacteria enzyme treatment","Bacterial drain product &rarr;","6","1092","43","false","BuyLink"
"/blog/how-to-get-rid-of-drain-flies-canada","flies","buzzskito-flies-20","true","buzzskito-flies-20","false","search","","drain weasel hair clog tool","Check drain clog tools on Amazon.ca &rarr;","7","1546","61","false","BuyLink"
"/blog/how-to-get-rid-of-drain-flies-canada","flies","buzzskito-flies-20","true","buzzskito-flies-20","false","search","","bio-clean drain bacteria enzyme treatment","Check bacterial drain treatments on Amazon.ca &rarr;","8","1960","77","false","BuyLink"
"/blog/how-to-get-rid-of-earwigs-canada","general","buzzskito-general-20","true","buzzskito-general-20","true","search","","door sweep silicone caulk gap sealant","Door sweeps + exterior caulk (exclusion kit)","1","94","2","sticky","StickyBuyBar"
"/blog/how-to-get-rid-of-earwigs-canada","general","buzzskito-general-20","true","buzzskito-general-20","true","search","","door sweep silicone caulk gap sealant","Door sweeps + caulk →","2","1081","22","false","BuyLink"
"/blog/how-to-get-rid-of-earwigs-canada","general","buzzskito-general-20","true","buzzskito-general-20","true","search","","diatomaceous earth insect duster","DE + duster →","3","1084","22","false","BuyLink"
"/blog/how-to-get-rid-of-earwigs-canada","general","buzzskito-general-20","true","buzzskito-general-20","true","search","","insect glue board traps multi pack","Glue boards →","4","1086","22","false","BuyLink"
"/blog/how-to-get-rid-of-earwigs-canada","general","buzzskito-general-20","true","buzzskito-general-20","true","search","","diatomaceous earth insect duster","Check DE + duster kits on Amazon.ca →","5","3195","66","false","BuyLink"
"/blog/how-to-get-rid-of-earwigs-canada","general","buzzskito-general-20","true","buzzskito-general-20","true","search","","door sweep silicone caulk gap sealant","Check door sweeps and exterior sealant on Amazon.ca →","6","4252","88","false","BuyLink"
"/blog/how-to-get-rid-of-fruit-flies","flies","buzzskito-flies-20","true","buzzskito-flies-20","true","search","","terro fruit fly trap","TERRO T2502 Fruit Fly Trap (2-pack)","1","100","4","sticky","StickyBuyBar"
"/blog/how-to-get-rid-of-fruit-flies","flies","buzzskito-flies-20","true","buzzskito-flies-20","true","search","","terro fruit fly trap","TERRO T2502 Fruit Fly Trap (2-pack)","2","276","11","true","TopPick"
"/blog/how-to-get-rid-of-fruit-flies","flies","buzzskito-flies-20","true","buzzskito-flies-20","true","search","","terro fruit fly trap","Check price on Amazon.ca →","3","377","15","true","BuyLink"
"/blog/how-to-get-rid-of-fruit-flies","flies","buzzskito-flies-20","true","buzzskito-flies-20","true","search","","green gobbler fruit fly goodbye drain gel","Check price on Amazon.ca →","4","425","17","true","BuyLink"
"/blog/how-to-get-rid-of-fruit-flies","flies","buzzskito-flies-20","true","buzzskito-flies-20","true","search","","katchy indoor insect trap","Check price on Amazon.ca →","5","447","18","true","BuyLink"
"/blog/how-to-get-rid-of-fruit-flies","flies","buzzskito-flies-20","true","buzzskito-flies-20","true","search","","terro fruit fly trap","Check TERRO Fruit Fly Trap on Amazon.ca →","6","1442","57","false","BuyLink"
"/blog/how-to-get-rid-of-fruit-flies","flies","buzzskito-flies-20","true","buzzskito-flies-20","true","search","","green gobbler fruit fly goodbye drain gel","Check enzyme drain gel on Amazon.ca →","7","1843","73","false","BuyLink"
"/blog/how-to-get-rid-of-fungus-gnats-houseplants","flies","buzzskito-flies-20","true","buzzskito-flies-20","true","search","","summit mosquito bits","Summit Mosquito Bits (BTI larvicide granules)","1","96","3","sticky","StickyBuyBar"
"/blog/how-to-get-rid-of-fungus-gnats-houseplants","flies","buzzskito-flies-20","true","buzzskito-flies-20","true","search","","summit mosquito bits","Check price on Amazon.ca →","2","502","18","true","BuyLink"
"/blog/how-to-get-rid-of-fungus-gnats-houseplants","flies","buzzskito-flies-20","true","buzzskito-flies-20","true","search","","yellow sticky traps fungus gnats houseplants","Check price on Amazon.ca →","3","528","19","true","BuyLink"
"/blog/how-to-get-rid-of-fungus-gnats-houseplants","flies","buzzskito-flies-20","true","buzzskito-flies-20","true","search","","katchy indoor insect trap","Check price on Amazon.ca →","4","551","20","true","BuyLink"
"/blog/how-to-get-rid-of-fungus-gnats-houseplants","flies","buzzskito-flies-20","true","buzzskito-flies-20","true","search","","yellow sticky traps fungus gnats houseplants","Check yellow sticky trap cards on Amazon →","5","1407","50","false","BuyLink"
"/blog/how-to-get-rid-of-fungus-gnats-houseplants","flies","buzzskito-flies-20","true","buzzskito-flies-20","true","search","","summit mosquito bits","Check Mosquito Bits on Amazon →","6","1860","66","false","BuyLink"
"/blog/how-to-get-rid-of-fungus-gnats-houseplants","flies","buzzskito-flies-20","true","buzzskito-flies-20","true","search","","katchy indoor insect trap","Check the Katchy on Amazon →","7","2380","85","false","BuyLink"
"/blog/how-to-get-rid-of-ground-wasps-canada","wasp","buzzskito-wasp-20","true","buzzskito-wasp-20","true","dp_asin","B00LM93R58","wilson one shot foam wasp hornet killer","Wilson OneShot Jet Foam Wasp & Hornet Killer","1","98","3","sticky","StickyBuyBar"
"/blog/how-to-get-rid-of-ground-wasps-canada","wasp","buzzskito-wasp-20","true","buzzskito-wasp-20","true","search","","wilson one shot foam wasp hornet killer","Wilson OneShot Jet Foam Wasp &amp; Hornet Killer","2","140","4","true","AmazonLink"
"/blog/how-to-get-rid-of-ground-wasps-canada","wasp","buzzskito-wasp-20","true","buzzskito-wasp-20","true","search","","wilson one shot foam wasp hornet killer","Check price on Amazon.ca →","3","310","9","true","BuyLink"
"/blog/how-to-get-rid-of-ground-wasps-canada","wasp","buzzskito-wasp-20","true","buzzskito-wasp-20","true","search","","wilson one shot foam wasp hornet killer","Wilson OneShot Jet Foam →","4","920","28","false","BuyLink"
"/blog/how-to-get-rid-of-ground-wasps-canada","wasp","buzzskito-wasp-20","true","buzzskito-wasp-20","true","search","","raid max wasp hornet bug killer","Raid Max Wasp &amp; Hornet Foam →","5","924","28","false","BuyLink"
"/blog/how-to-get-rid-of-ground-wasps-canada","wasp","buzzskito-wasp-20","true","buzzskito-wasp-20","true","search","","rescue why trap wasp hornet yellowjacket","RESCUE! WHY Trap →","6","929","28","false","BuyLink"
"/blog/how-to-get-rid-of-ground-wasps-canada","wasp","buzzskito-wasp-20","true","buzzskito-wasp-20","true","search","","wilson one shot foam wasp hornet killer","Check Wilson OneShot Jet Foam on Amazon.ca →","7","1564","48","false","BuyLink"
"/blog/how-to-get-rid-of-ground-wasps-canada","wasp","buzzskito-wasp-20","true","buzzskito-wasp-20","true","search","","wilson one shot foam wasp hornet killer","Check price on Amazon.ca →","8","1809","55","false","BuyLink"
"/blog/how-to-get-rid-of-ground-wasps-canada","wasp","buzzskito-wasp-20","true","buzzskito-wasp-20","true","search","","raid max wasp hornet bug killer","Check price on Amazon.ca →","9","1844","56","false","BuyLink"
"/blog/how-to-get-rid-of-ground-wasps-canada","wasp","buzzskito-wasp-20","true","buzzskito-wasp-20","true","search","","rescue why trap wasp hornet yellowjacket","Check price on Amazon.ca →","10","1871","57","false","BuyLink"
"/blog/how-to-get-rid-of-mice-canada","rodent","buzzskito-rodent-20","true","buzzskito-rodent-20","true","search","","victor mouse trap 4 pack","Victor M325 Wood Snap Trap","1","1270","58","false","TopPick"
"/blog/how-to-get-rid-of-mice-canada","rodent","buzzskito-rodent-20","true","buzzskito-rodent-20","true","search","","victor mouse trap 4 pack","Victor M325 snap traps →","2","1278","58","false","BuyLink"
"/blog/how-to-get-rid-of-mice-canada","rodent","buzzskito-rodent-20","true","buzzskito-rodent-20","true","search","","victor electronic mouse trap","Victor M250S electronic →","3","1281","58","false","BuyLink"
"/blog/how-to-get-rid-of-mice-canada","rodent","buzzskito-rodent-20","true","buzzskito-rodent-20","true","search","","steel wool mice","Coarse steel wool for gaps →","4","1504","68","false","BuyLink"
"/blog/how-to-get-rid-of-mice-canada","rodent","buzzskito-rodent-20","true","buzzskito-rodent-20","true","search","","door sweep draft stopper","Door sweeps →","5","1509","69","false","BuyLink"
"/blog/how-to-get-rid-of-mice-canada","rodent","buzzskito-rodent-20","true","buzzskito-rodent-20","true","search","","victor mouse trap 4 pack","Victor M325 Wood Snap Trap","6","2199","100","sticky","StickyBuyBar"
"/blog/how-to-get-rid-of-mosquitoes-in-the-house","mosquito","buzzskito-mosquito-20","true","buzzskito-mosquito-20","true","search","","mosquito bed net","Check mosquito bed nets on Amazon.ca &rarr;","1","2028","88","false","BuyLink"
"/blog/how-to-get-rid-of-mosquitoes-in-the-house","mosquito","buzzskito-mosquito-20","true","buzzskito-mosquito-20","true","search","","window screen repair patch kit","check screen repair kits on Amazon.ca &rarr;","2","2090","91","false","BuyLink"
"/blog/how-to-get-rid-of-mosquitoes-in-the-house","mosquito","buzzskito-mosquito-20","true","buzzskito-mosquito-20","true","search","","electric bug racket","check electric bug rackets on Amazon.ca &rarr;","3","2156","93","false","BuyLink"
"/blog/how-to-get-rid-of-mosquitoes-in-the-house","mosquito","buzzskito-mosquito-20","true","buzzskito-mosquito-20","true","search","","indoor mosquito trap plug in","check indoor mosquito traps on Amazon.ca &rarr;","4","2223","96","false","BuyLink"
"/blog/how-to-get-rid-of-mosquitoes-in-yard-ontario","mosquito","buzzskito-mosquito-20","true","buzzskito-mosquito-20","true","search","","summit mosquito dunks","Check Summit Mosquito Dunks prices on Amazon.ca &rarr;","1","732","904","false","BuyLink"
"/blog/how-to-get-rid-of-mosquitoes-in-yard-ontario","mosquito","buzzskito-mosquito-20","true","buzzskito-mosquito-20","true","search","","summit mosquito dunks","Summit BTI Mosquito Dunks","2","755","932","false","TopPick"
"/blog/how-to-get-rid-of-mosquitoes-in-yard-ontario","mosquito","buzzskito-mosquito-20","true","buzzskito-mosquito-20","true","search","","picaridin insect repellent canada","Check picaridin repellent prices on Amazon.ca &rarr;","3","1183","1460","false","BuyLink"
"/blog/how-to-get-rid-of-mosquitoes-in-yard-ontario","mosquito","buzzskito-mosquito-20","true","buzzskito-mosquito-20","true","search","","summit mosquito dunks","Summit BTI Mosquito Dunks","4","81","100","sticky","StickyBuyBar"
"/blog/how-to-get-rid-of-rats-canada","rodent","buzzskito-rodent-20","true","buzzskito-rodent-20","true","search","","tomcat rat snap trap","Tomcat heavy-duty rat snap traps","1","96","3","sticky","StickyBuyBar"
"/blog/how-to-get-rid-of-rats-canada","rodent","buzzskito-rodent-20","true","buzzskito-rodent-20","true","search","","tomcat rat snap trap","Check price on Amazon.ca →","2","447","14","true","BuyLink"
"/blog/how-to-get-rid-of-rats-canada","rodent","buzzskito-rodent-20","true","buzzskito-rodent-20","true","search","","goodnature a24 rat trap","Check price on Amazon.ca →","3","476","15","true","BuyLink"
"/blog/how-to-get-rid-of-rats-canada","rodent","buzzskito-rodent-20","true","buzzskito-rodent-20","true","search","","rat bait station tamper resistant","Check price on Amazon.ca →","4","510","16","true","BuyLink"
"/blog/how-to-get-rid-of-rats-canada","rodent","buzzskito-rodent-20","true","buzzskito-rodent-20","true","search","","rodent exclusion hardware cloth copper mesh","Check price on Amazon.ca →","5","542","17","true","BuyLink"
"/blog/how-to-get-rid-of-rats-canada","rodent","buzzskito-rodent-20","true","buzzskito-rodent-20","true","search","","tomcat rat snap trap","Tomcat rat snap traps →","6","1486","46","false","BuyLink"
"/blog/how-to-get-rid-of-rats-canada","rodent","buzzskito-rodent-20","true","buzzskito-rodent-20","true","search","","goodnature a24 rat trap","Goodnature A24 →","7","1490","46","false","BuyLink"
"/blog/how-to-get-rid-of-rats-canada","rodent","buzzskito-rodent-20","true","buzzskito-rodent-20","true","search","","rodent exclusion hardware cloth copper mesh","Exclusion mesh →","8","1491","46","false","BuyLink"
"/blog/how-to-get-rid-of-rats-canada","rodent","buzzskito-rodent-20","true","buzzskito-rodent-20","true","search","","tomcat rat snap trap","Check Tomcat rat snap traps on Amazon.ca →","9","1862","58","false","BuyLink"
"/blog/how-to-get-rid-of-rats-canada","rodent","buzzskito-rodent-20","true","buzzskito-rodent-20","true","search","","goodnature a24 rat trap","Check Goodnature A24 availability on Amazon.ca →","10","2149","67","false","BuyLink"
"/blog/how-to-get-rid-of-rats-canada","rodent","buzzskito-rodent-20","true","buzzskito-rodent-20","true","search","","rat bait station tamper resistant","Check tamper-resistant stations on Amazon.ca →","11","2325","72","false","BuyLink"
"/blog/how-to-get-rid-of-rats-canada","rodent","buzzskito-rodent-20","true","buzzskito-rodent-20","true","search","","rodent exclusion hardware cloth copper mesh","Check exclusion mesh on Amazon.ca →","12","2826","87","false","BuyLink"
"/blog/how-to-get-rid-of-silverfish-canada","general","buzzskito-general-20","true","buzzskito-general-20","true","search","","50 pint dehumidifier basement energy star","Energy Star 50-pint basement dehumidifier","1","90","3","sticky","StickyBuyBar"
"/blog/how-to-get-rid-of-silverfish-canada","general","buzzskito-general-20","true","buzzskito-general-20","true","search","","50 pint dehumidifier basement energy star","50-pint dehumidifier →","2","898","29","false","BuyLink"
"/blog/how-to-get-rid-of-silverfish-canada","general","buzzskito-general-20","true","buzzskito-general-20","true","search","","silverfish sticky traps insect glue boards","Glue board traps →","3","900","29","false","BuyLink"
"/blog/how-to-get-rid-of-silverfish-canada","general","buzzskito-general-20","true","buzzskito-general-20","true","search","","diatomaceous earth insect duster","DE + duster →","4","903","29","false","BuyLink"
"/blog/how-to-get-rid-of-silverfish-canada","general","buzzskito-general-20","true","buzzskito-general-20","true","search","","50 pint dehumidifier basement energy star","Check 50-pint dehumidifiers on Amazon.ca →","5","1394","45","false","BuyLink"
"/blog/how-to-get-rid-of-silverfish-canada","general","buzzskito-general-20","true","buzzskito-general-20","true","search","","digital hygrometer indoor humidity monitor","check digital hygrometers on Amazon.ca &rarr;","6","1498","48","false","BuyLink"
"/blog/how-to-get-rid-of-silverfish-canada","general","buzzskito-general-20","true","buzzskito-general-20","true","search","","silverfish sticky traps insect glue boards","Check glue board multi-packs on Amazon.ca →","7","1802","58","false","BuyLink"
"/blog/how-to-get-rid-of-silverfish-canada","general","buzzskito-general-20","true","buzzskito-general-20","true","search","","diatomaceous earth insect duster","Check DE + duster kits on Amazon.ca →","8","2070","66","false","BuyLink"
"/blog/how-to-get-rid-of-silverfish-canada","general","buzzskito-general-20","true","buzzskito-general-20","true","search","","crawling insect killer indoor","check domestic crawling-insect products on Amazon.ca &rarr;","9","2411","77","false","BuyLink"
"/blog/how-to-get-rid-of-silverfish-canada","general","buzzskito-general-20","true","buzzskito-general-20","true","search","","airtight storage tote gasket lid","check gasketed storage totes on Amazon.ca &rarr;","10","2739","88","false","BuyLink"
"/blog/how-to-get-rid-of-silverfish-canada","general","buzzskito-general-20","true","buzzskito-general-20","true","search","","door sweep silicone caulk gap sealant","Check door sweeps and sealant on Amazon.ca →","11","2906","93","false","BuyLink"
"/blog/how-to-get-rid-of-spiders-in-house-canada","general","buzzskito-general-20","true","buzzskito-general-20","false","search","","spider insect glue traps indoor","Spider and insect glue trap monitors","1","98","5","sticky","StickyBuyBar"
"/blog/how-to-get-rid-of-spiders-in-house-canada","general","buzzskito-general-20","true","buzzskito-general-20","false","search","","door sweep exterior garage door bottom seal","Check door sweeps &amp; garage seals &rarr;","2","1156","62","false","BuyLink"
"/blog/how-to-get-rid-of-spiders-in-house-canada","general","buzzskito-general-20","true","buzzskito-general-20","false","search","","weep hole covers brick vent","Check weep vent covers &rarr;","3","1161","62","false","BuyLink"
"/blog/how-to-get-rid-of-spiders-in-house-canada","general","buzzskito-general-20","true","buzzskito-general-20","false","search","","exterior silicone caulk sealant window","Check exterior silicone caulk &rarr;","4","1165","62","false","BuyLink"
"/blog/how-to-get-rid-of-stink-bugs-canada","general","buzzskito-general-20","true","buzzskito-general-20","false","search","","exterior silicone caulk sealant gun kit","Exterior silicone caulk + sealant gun (the seal-out kit)","1","163","5","sticky","StickyBuyBar"
"/blog/how-to-get-rid-of-stink-bugs-canada","general","buzzskito-general-20","true","buzzskito-general-20","false","search","","wet dry shop vacuum with hose","Shop vac &rarr;","2","498","16","true","BuyLink"
"/blog/how-to-get-rid-of-stink-bugs-canada","general","buzzskito-general-20","true","buzzskito-general-20","false","search","","exterior silicone caulk sealant gun kit","Caulk kit &rarr;","3","526","17","true","BuyLink"
"/blog/how-to-get-rid-of-stink-bugs-canada","general","buzzskito-general-20","true","buzzskito-general-20","false","search","","fine insect screen mesh roll aluminum","Screen mesh &rarr;","4","556","18","true","BuyLink"
"/blog/how-to-get-rid-of-stink-bugs-canada","general","buzzskito-general-20","true","buzzskito-general-20","false","search","","stainless steel mesh roll pest exclusion vent screen","Steel mesh &rarr;","5","592","19","true","BuyLink"
"/blog/how-to-get-rid-of-stink-bugs-canada","general","buzzskito-general-20","true","buzzskito-general-20","false","search","","foam outlet gasket door sweep weatherstrip kit","Sweeps and seals &rarr;","6","618","20","false","BuyLink"
"/blog/how-to-get-rid-of-stink-bugs-canada","general","buzzskito-general-20","true","buzzskito-general-20","false","search","","exterior silicone caulk sealant gun kit","Exterior caulk &rarr;","7","1153","37","false","BuyLink"
"/blog/how-to-get-rid-of-stink-bugs-canada","general","buzzskito-general-20","true","buzzskito-general-20","false","search","","fine insect screen mesh roll aluminum","Screen mesh &rarr;","8","1155","37","false","BuyLink"
"/blog/how-to-get-rid-of-stink-bugs-canada","general","buzzskito-general-20","true","buzzskito-general-20","false","search","","foam outlet gasket door sweep weatherstrip kit","Sweeps and gaskets &rarr;","9","1157","37","false","BuyLink"
"/blog/how-to-get-rid-of-stink-bugs-canada","general","buzzskito-general-20","true","buzzskito-general-20","false","search","","stainless steel mesh roll pest exclusion vent screen","Steel mesh for vents &rarr;","10","1160","37","false","BuyLink"
"/blog/how-to-get-rid-of-stink-bugs-canada","general","buzzskito-general-20","true","buzzskito-general-20","false","search","","wet dry shop vacuum with hose","Check shop vacuums on Amazon.ca &rarr;","11","1614","51","false","BuyLink"
"/blog/how-to-get-rid-of-stink-bugs-canada","general","buzzskito-general-20","true","buzzskito-general-20","false","search","","exterior silicone caulk sealant gun kit","Check exterior caulk on Amazon.ca &rarr;","12","2253","72","false","BuyLink"
"/blog/how-to-get-rid-of-stink-bugs-canada","general","buzzskito-general-20","true","buzzskito-general-20","false","search","","stainless steel mesh roll pest exclusion vent screen","Check steel mesh and vent screen &rarr;","13","2258","72","false","BuyLink"
"/blog/how-to-get-rid-of-voles-canada","rodent","buzzskito-rodent-20","true","buzzskito-rodent-20","false","search","","hardware cloth 1 4 inch galvanized mesh","Quarter-inch galvanised hardware cloth (trunk guards)","1","141","4","sticky","StickyBuyBar"
"/blog/how-to-get-rid-of-voles-canada","rodent","buzzskito-rodent-20","true","buzzskito-rodent-20","false","search","","grass seed overseed lawn repair","Overseed &rarr;","2","746","20","false","BuyLink"
"/blog/how-to-get-rid-of-voles-canada","rodent","buzzskito-rodent-20","true","buzzskito-rodent-20","false","search","","hardware cloth 1 4 inch galvanized mesh","Hardware cloth &rarr;","3","772","21","false","BuyLink"
"/blog/how-to-get-rid-of-voles-canada","rodent","buzzskito-rodent-20","true","buzzskito-rodent-20","false","search","","victor wooden mouse trap multi pack","Snap traps &rarr;","4","798","21","false","BuyLink"
"/blog/how-to-get-rid-of-voles-canada","rodent","buzzskito-rodent-20","true","buzzskito-rodent-20","false","search","","wire bulb planting basket cage","Bulb cages &rarr;","5","825","22","false","BuyLink"
"/blog/how-to-get-rid-of-voles-canada","rodent","buzzskito-rodent-20","true","buzzskito-rodent-20","false","search","","hardware cloth 1 4 inch galvanized mesh","Hardware cloth &rarr;","6","1357","36","false","BuyLink"
"/blog/how-to-get-rid-of-voles-canada","rodent","buzzskito-rodent-20","true","buzzskito-rodent-20","false","search","","victor wooden mouse trap multi pack","Snap traps &rarr;","7","1359","36","false","BuyLink"
"/blog/how-to-get-rid-of-voles-canada","rodent","buzzskito-rodent-20","true","buzzskito-rodent-20","false","search","","wire bulb planting basket cage","Bulb cages &rarr;","8","1361","36","false","BuyLink"
"/blog/how-to-get-rid-of-voles-canada","rodent","buzzskito-rodent-20","true","buzzskito-rodent-20","false","search","","hardware cloth 1 4 inch galvanized mesh","Check hardware cloth on Amazon.ca &rarr;","9","2352","63","false","BuyLink"
"/blog/how-to-get-rid-of-voles-canada","rodent","buzzskito-rodent-20","true","buzzskito-rodent-20","false","search","","victor wooden mouse trap multi pack","Check mouse snap traps on Amazon.ca &rarr;","10","2647","71","false","BuyLink"
"/blog/how-to-get-rid-of-wasps-canada","wasp","buzzskito-wasp-20","true","buzzskito-wasp-20","true","dp_asin","B00BPTN6YC","rescue why trap","RESCUE! WHY Trap (wasps, hornets & yellowjackets)","1","90","4","sticky","StickyBuyBar"
"/blog/how-to-get-rid-of-wasps-canada","wasp","buzzskito-wasp-20","true","buzzskito-wasp-20","true","dp_asin","B00BPTN6YC","rescue why trap","RESCUE! WHY Trap (Wasps, Hornets & Yellowjackets)","2","284","12","true","TopPick"
"/blog/how-to-get-rid-of-wasps-canada","wasp","buzzskito-wasp-20","true","buzzskito-wasp-20","true","search","","rescue why trap","Check price on Amazon.ca →","3","1532","66","false","BuyLink"
"/blog/how-to-get-rid-of-wasps-canada","wasp","buzzskito-wasp-20","true","buzzskito-wasp-20","true","search","","rescue yellowjacket trap","Check price on Amazon.ca →","4","1550","67","false","BuyLink"
"/blog/how-to-get-rid-of-wasps-canada","wasp","buzzskito-wasp-20","true","buzzskito-wasp-20","true","search","","wasp hornet killer foam spray","Check price on Amazon.ca →","5","1571","68","false","BuyLink"
"/blog/how-to-get-rid-of-wasps-canada","wasp","buzzskito-wasp-20","true","buzzskito-wasp-20","true","search","","wasp nest decoy","Check price on Amazon.ca →","6","1595","69","false","BuyLink"
"/blog/how-to-keep-mice-out-of-your-car","rodent","buzzskito-rodent-20","true","buzzskito-rodent-20","true","search","","rodent deterrent tape capsaicin wire","Capsaicin rodent deterrent tape (wire-wrap style)","1","93","3","sticky","StickyBuyBar"
"/blog/how-to-keep-mice-out-of-your-car","rodent","buzzskito-rodent-20","true","buzzskito-rodent-20","true","search","","rodent deterrent tape capsaicin wire","Check price on Amazon.ca &rarr;","2","604","17","false","BuyLink"
"/blog/how-to-keep-mice-out-of-your-car","rodent","buzzskito-rodent-20","true","buzzskito-rodent-20","true","search","","victor mouse trap 4 pack","Check price on Amazon.ca &rarr;","3","686","19","false","BuyLink"
"/blog/how-to-keep-mice-out-of-your-car","rodent","buzzskito-rodent-20","true","buzzskito-rodent-20","true","search","","rodent deterrent tape capsaicin wire","Check price on Amazon.ca →","4","801","23","false","BuyLink"
"/blog/how-to-keep-mice-out-of-your-car","rodent","buzzskito-rodent-20","true","buzzskito-rodent-20","true","search","","victor mouse trap 4 pack","Check price on Amazon.ca →","5","827","23","false","BuyLink"
"/blog/how-to-keep-mice-out-of-your-car","rodent","buzzskito-rodent-20","true","buzzskito-rodent-20","true","search","","under hood rodent repeller strobe light battery","Check price on Amazon.ca →","6","848","24","false","BuyLink"
"/blog/how-to-keep-mice-out-of-your-car","rodent","buzzskito-rodent-20","true","buzzskito-rodent-20","true","search","","rodent deterrent tape capsaicin wire","Capsaicin rodent tape →","7","1499","42","false","BuyLink"
"/blog/how-to-keep-mice-out-of-your-car","rodent","buzzskito-rodent-20","true","buzzskito-rodent-20","true","search","","under hood rodent repeller strobe light battery","Under-hood strobe unit →","8","1502","42","false","BuyLink"
"/blog/how-to-keep-mice-out-of-your-car","rodent","buzzskito-rodent-20","true","buzzskito-rodent-20","true","search","","victor mouse trap 4 pack","Snap traps (multi-pack) →","9","1505","43","false","BuyLink"
"/blog/how-to-keep-mice-out-of-your-car","rodent","buzzskito-rodent-20","true","buzzskito-rodent-20","true","search","","rodent deterrent tape capsaicin wire","Check capsaicin rodent tape on Amazon.ca →","10","2063","58","false","BuyLink"
"/blog/how-to-keep-mice-out-of-your-car","rodent","buzzskito-rodent-20","true","buzzskito-rodent-20","true","search","","under hood rodent repeller strobe light battery","Check under-hood strobe units on Amazon.ca →","11","2270","64","false","BuyLink"
"/blog/how-to-keep-mice-out-of-your-car","rodent","buzzskito-rodent-20","true","buzzskito-rodent-20","true","search","","cabin air filter","Check price on Amazon.ca &rarr;","12","2661","75","false","BuyLink"
"/blog/how-to-keep-mice-out-of-your-car","rodent","buzzskito-rodent-20","true","buzzskito-rodent-20","true","search","","victor mouse trap 4 pack","Check snap trap multi-packs on Amazon.ca →","13","2665","75","false","BuyLink"
"/blog/how-to-keep-mice-out-of-your-car","rodent","buzzskito-rodent-20","true","buzzskito-rodent-20","true","search","","stainless steel wool mesh rodent proofing","Check price on Amazon.ca &rarr;","14","2980","84","false","BuyLink"
"/blog/how-to-keep-mice-out-of-your-house-winter","rodent","buzzskito-rodent-20","true","buzzskito-rodent-20","true","search","","steel wool mice","Coarse steel wool for gaps →","1","911","43","false","BuyLink"
"/blog/how-to-keep-mice-out-of-your-house-winter","rodent","buzzskito-rodent-20","true","buzzskito-rodent-20","true","search","","exterior foam sealant gaps","Exterior gap sealant foam →","2","916","43","false","BuyLink"
"/blog/how-to-keep-mice-out-of-your-house-winter","rodent","buzzskito-rodent-20","true","buzzskito-rodent-20","true","search","","door sweep garage","Rodent-rated door sweeps →","3","920","43","false","BuyLink"
"/blog/how-to-keep-mice-out-of-your-house-winter","rodent","buzzskito-rodent-20","true","buzzskito-rodent-20","true","search","","brick weep hole covers","Weep hole covers →","4","1061","50","false","BuyLink"
"/blog/how-to-keep-mice-out-of-your-house-winter","rodent","buzzskito-rodent-20","true","buzzskito-rodent-20","true","search","","quarter inch hardware cloth","1/4-inch hardware cloth →","5","1165","55","false","BuyLink"
"/blog/how-to-keep-mice-out-of-your-house-winter","rodent","buzzskito-rodent-20","true","buzzskito-rodent-20","true","search","","steel wool mice","Coarse Steel Wool (packs 6 mm gaps)","6","2134","100","sticky","StickyBuyBar"
"/blog/how-to-keep-spiders-out-of-your-house","general","buzzskito-general-20","true","buzzskito-general-20","true","search","","spider insect glue traps","Spider & insect glue traps (baseboard monitoring)","1","78","3","sticky","StickyBuyBar"
"/blog/how-to-keep-spiders-out-of-your-house","general","buzzskito-general-20","true","buzzskito-general-20","true","search","","exterior door sweep weatherstripping","Check price on Amazon.ca →","2","926","32","false","BuyLink"
"/blog/how-to-keep-spiders-out-of-your-house","general","buzzskito-general-20","true","buzzskito-general-20","true","search","","spider insect glue traps","Check price on Amazon.ca →","3","947","33","false","BuyLink"
"/blog/how-to-keep-spiders-out-of-your-house","general","buzzskito-general-20","true","buzzskito-general-20","true","search","","doktor doom residual insecticide spray","Check price on Amazon.ca →","4","994","35","false","BuyLink"
"/blog/how-to-keep-spiders-out-of-your-house","general","buzzskito-general-20","true","buzzskito-general-20","true","search","","spider insect glue traps","Spider glue traps →","5","1052","37","false","BuyLink"
"/blog/how-to-keep-spiders-out-of-your-house","general","buzzskito-general-20","true","buzzskito-general-20","true","search","","exterior door sweep weatherstripping","Door sweep kit →","6","1055","37","false","BuyLink"
"/blog/how-to-keep-spiders-out-of-your-house","general","buzzskito-general-20","true","buzzskito-general-20","true","search","","doktor doom residual insecticide spray","Doktor Doom spray →","7","1058","37","false","BuyLink"
"/blog/how-to-keep-spiders-out-of-your-house","general","buzzskito-general-20","true","buzzskito-general-20","true","search","","spider catcher long handle humane","Check spider catcher availability →","8","1607","56","false","BuyLink"
"/blog/how-to-keep-spiders-out-of-your-house","general","buzzskito-general-20","true","buzzskito-general-20","true","search","","spider insect glue traps","Check spider glue trap multi-packs →","9","1820","64","false","BuyLink"
"/blog/how-to-keep-spiders-out-of-your-house","general","buzzskito-general-20","true","buzzskito-general-20","true","search","","doktor doom residual insecticide spray","Check Doktor Doom residual spray →","10","2096","73","false","BuyLink"
"/blog/how-to-keep-ticks-out-of-yard-ontario","tick","buzzskito-tick-20","true","buzzskito-tick-20","true","search","","landscape edging lawn border","Check price on Amazon.ca &rarr;","1","363","585","true","BuyLink"
"/blog/how-to-keep-ticks-out-of-yard-ontario","tick","buzzskito-tick-20","true","buzzskito-tick-20","true","search","","tick removal tool tweezers","See tick removal tools on Amazon.ca &rarr;","2","935","1508","false","BuyLink"
"/blog/how-to-keep-ticks-out-of-yard-ontario","tick","buzzskito-tick-20","true","buzzskito-tick-20","true","search","","insect shield permethrin treated clothing","Insect Shield Permethrin-Treated Clothing","3","1100","1774","false","TopPick"
"/blog/how-to-keep-ticks-out-of-yard-ontario","tick","buzzskito-tick-20","true","buzzskito-tick-20","true","search","","insect shield permethrin treated clothing","Shop permethrin-treated clothing on Amazon.ca &rarr;","4","1100","1774","false","BuyLink"
"/blog/how-to-keep-ticks-out-of-yard-ontario","tick","buzzskito-tick-20","true","buzzskito-tick-20","true","search","","insect shield permethrin treated clothing","Permethrin-Treated Clothing (Insect Shield)","5","62","100","sticky","StickyBuyBar"
"/blog/how-to-kill-bed-bug-eggs-canada","bedbug","buzzskito-bedbug-20","true","buzzskito-bedbug-20","true","search","","bed bug steamer dry vapor","Dry-vapour bed-bug steamer","1","90","4","sticky","StickyBuyBar"
"/blog/how-to-kill-bed-bug-eggs-canada","bedbug","buzzskito-bedbug-20","true","buzzskito-bedbug-20","true","search","","bed bug steamer dry vapor","Check price on Amazon.ca →","2","442","17","true","BuyLink"
"/blog/how-to-kill-bed-bug-eggs-canada","bedbug","buzzskito-bedbug-20","true","buzzskito-bedbug-20","true","search","","bed bug heater bag chamber","Check price on Amazon.ca →","3","467","18","true","BuyLink"
"/blog/how-to-kill-bed-bug-eggs-canada","bedbug","buzzskito-bedbug-20","true","buzzskito-bedbug-20","true","search","","bed bug laundry bags","Check price on Amazon.ca →","4","488","19","true","BuyLink"
"/blog/how-to-kill-bed-bug-eggs-canada","bedbug","buzzskito-bedbug-20","true","buzzskito-bedbug-20","true","search","","ecoraider bed bug spray","Check price on Amazon.ca →","5","513","20","true","BuyLink"
"/blog/how-to-kill-bed-bug-eggs-canada","bedbug","buzzskito-bedbug-20","true","buzzskito-bedbug-20","true","search","","bed bug killer spray","Check price on Amazon.ca →","6","536","21","true","BuyLink"
"/blog/how-to-kill-bed-bug-eggs-canada","bedbug","buzzskito-bedbug-20","true","buzzskito-bedbug-20","true","search","","bed bug steamer dry vapor","Dry-vapour steamer →","7","865","34","false","BuyLink"
"/blog/how-to-kill-bed-bug-eggs-canada","bedbug","buzzskito-bedbug-20","true","buzzskito-bedbug-20","true","search","","bed bug heater bag chamber","Heated chamber →","8","867","34","false","BuyLink"
"/blog/how-to-kill-bed-bug-eggs-canada","bedbug","buzzskito-bedbug-20","true","buzzskito-bedbug-20","true","search","","ecoraider bed bug spray","EcoRaider-type residual →","9","869","34","false","BuyLink"
"/blog/how-to-kill-bed-bug-eggs-canada","bedbug","buzzskito-bedbug-20","true","buzzskito-bedbug-20","true","search","","cimexa desiccant dust bed bug","CimeXa dust →","10","871","34","false","BuyLink"
"/blog/how-to-prevent-mosquitoes-in-your-backyard","mosquito","buzzskito-mosquito-20","true","buzzskito-mosquito-20","true","search","","summit mosquito dunks","Summit BTI Mosquito Dunks","1","770","78","false","TopPick"
"/blog/how-to-prevent-mosquitoes-in-your-backyard","mosquito","buzzskito-mosquito-20","true","buzzskito-mosquito-20","true","search","","summit mosquito dunks","Check Mosquito Dunks price on Amazon.ca →","2","770","78","false","BuyLink"
"/blog/how-to-prevent-mosquitoes-in-your-backyard","mosquito","buzzskito-mosquito-20","true","buzzskito-mosquito-20","true","search","","thermacell mosquito repeller","Check Thermacell price on Amazon.ca →","3","896","91","false","BuyLink"
"/blog/how-to-prevent-mosquitoes-in-your-backyard","mosquito","buzzskito-mosquito-20","true","buzzskito-mosquito-20","true","search","","summit mosquito dunks","Summit BTI Mosquito Dunks","4","985","100","sticky","StickyBuyBar"
"/blog/how-to-remove-tick-from-dog-ontario","tick","buzzskito-tick-20","true","buzzskito-tick-20","true","search","","tick removal tool tweezers","Check price on Amazon.ca →","1","454","35","true","BuyLink"
"/blog/how-to-remove-tick-from-dog-ontario","tick","buzzskito-tick-20","true","buzzskito-tick-20","true","search","","tick removal tool tweezers","Fine-Tipped Tick-Removal Tool (Tick Twister / TickKey style)","2","458","36","true","TopPick"
"/blog/how-to-remove-tick-from-dog-ontario","tick","buzzskito-tick-20","true","buzzskito-tick-20","true","search","","dog tick repellent","check price on Amazon.ca →","3","1194","93","false","BuyLink"
"/blog/how-to-remove-tick-from-dog-ontario","tick","buzzskito-tick-20","true","buzzskito-tick-20","true","search","","tick removal tool tweezers","Fine-Tipped Tick-Removal Tool","4","1287","100","sticky","StickyBuyBar"
"/blog/how-to-remove-tick-safely","tick","buzzskito-tick-20","true","buzzskito-tick-20","true","search","","tick removal tool tweezers","Check price on Amazon.ca &rarr;","1","286","26","true","BuyLink"
"/blog/how-to-remove-tick-safely","tick","buzzskito-tick-20","true","buzzskito-tick-20","true","search","","otom tick twister","Check price on a tick twister tool &rarr;","2","347","32","true","BuyLink"
"/blog/how-to-remove-tick-safely","tick","buzzskito-tick-20","true","buzzskito-tick-20","true","search","","tick removal tool tweezers","Fine-Tipped Tick-Removal Tool","3","353","32","true","TopPick"
"/blog/how-to-remove-tick-safely","tick","buzzskito-tick-20","true","buzzskito-tick-20","true","search","","tick removal tool tweezers","Check price on Amazon.ca &rarr;","4","406","37","true","BuyLink"
"/blog/how-to-remove-tick-safely","tick","buzzskito-tick-20","true","buzzskito-tick-20","true","search","","tick removal tool tweezers","Fine-Tipped Tick-Removal Tool","5","1087","100","sticky","StickyBuyBar"
"/blog/how-to-stop-deer-eating-cedars-ontario","wildlife","buzzskito-wildlife-20","true","buzzskito-wildlife-20","false","search","","burlap roll winter plant protection natural jute","Natural burlap roll for winter hedge protection","1","98","4","sticky","StickyBuyBar"
"/blog/how-to-stop-deer-eating-cedars-ontario","wildlife","buzzskito-wildlife-20","true","buzzskito-wildlife-20","false","search","","burlap roll winter plant protection natural jute","Burlap rolls &rarr;","2","761","32","false","BuyLink"
"/blog/how-to-stop-deer-eating-cedars-ontario","wildlife","buzzskito-wildlife-20","true","buzzskito-wildlife-20","false","search","","wooden garden stakes 6 ft tree","Garden stakes &rarr;","3","763","32","false","BuyLink"
"/blog/how-to-stop-deer-eating-cedars-ontario","wildlife","buzzskito-wildlife-20","true","buzzskito-wildlife-20","false","search","","deer netting for trees and shrubs","Deer netting &rarr;","4","765","32","false","BuyLink"
"/blog/how-to-stop-deer-eating-cedars-ontario","wildlife","buzzskito-wildlife-20","true","buzzskito-wildlife-20","false","search","","bobbex deer repellent concentrate","Deer repellent &rarr;","5","767","32","false","BuyLink"
"/blog/how-to-stop-deer-eating-cedars-ontario","wildlife","buzzskito-wildlife-20","true","buzzskito-wildlife-20","false","search","","burlap roll winter plant protection natural jute","Check burlap rolls on Amazon.ca &rarr;","6","1359","57","false","BuyLink"
"/blog/how-to-stop-deer-eating-cedars-ontario","wildlife","buzzskito-wildlife-20","true","buzzskito-wildlife-20","false","search","","wooden garden stakes 6 ft tree","Check garden stakes on Amazon.ca &rarr;","7","1544","65","false","BuyLink"
"/blog/how-to-stop-deer-eating-cedars-ontario","wildlife","buzzskito-wildlife-20","true","buzzskito-wildlife-20","false","search","","deer netting for trees and shrubs","Check deer netting on Amazon.ca &rarr;","8","1829","77","false","BuyLink"
"/blog/i-found-tick-on-my-dog-what-to-do","tick","buzzskito-tick-20","true","buzzskito-tick-20","true","search","","tick removal tool tweezers","Check price on Amazon.ca →","1","578","52","true","BuyLink"
"/blog/i-found-tick-on-my-dog-what-to-do","tick","buzzskito-tick-20","true","buzzskito-tick-20","true","search","","tick removal tool tweezers","Dedicated Tick-Removal Tool (hook or fine-tip set)","2","582","52","true","TopPick"
"/blog/i-found-tick-on-my-dog-what-to-do","tick","buzzskito-tick-20","true","buzzskito-tick-20","true","search","","dog tick repellent","Check price on Amazon.ca →","3","1075","96","false","BuyLink"
"/blog/i-found-tick-on-my-dog-what-to-do","tick","buzzskito-tick-20","true","buzzskito-tick-20","true","search","","tick removal tool tweezers","Dedicated Tick-Removal Tool","4","1118","100","sticky","StickyBuyBar"
"/blog/is-mosquito-spray-safe-kids-pets","mosquito","buzzskito-mosquito-20","true","buzzskito-mosquito-20","true","search","","summit mosquito dunks bti","Check price on Amazon.ca &rarr;","1","321","15","true","BuyLink"
"/blog/is-mosquito-spray-safe-kids-pets","mosquito","buzzskito-mosquito-20","true","buzzskito-mosquito-20","true","search","","outdoor oscillating patio fan","Check price on Amazon.ca &rarr;","2","392","18","true","BuyLink"
"/blog/is-mosquito-spray-safe-kids-pets","mosquito","buzzskito-mosquito-20","true","buzzskito-mosquito-20","true","search","","summit mosquito dunks bti","Check BTI Mosquito Dunks on Amazon.ca →","3","1512","68","false","BuyLink"
"/blog/is-mosquito-spray-safe-kids-pets","mosquito","buzzskito-mosquito-20","true","buzzskito-mosquito-20","true","search","","mosquito bits granular bti","Check granular BTI Mosquito Bits on Amazon.ca →","4","1594","72","false","BuyLink"
"/blog/is-mosquito-spray-safe-kids-pets","mosquito","buzzskito-mosquito-20","true","buzzskito-mosquito-20","true","search","","rain barrel mesh screen cover","Check fine-mesh rain barrel covers on Amazon.ca →","5","1669","76","false","BuyLink"
"/blog/is-mosquito-spray-safe-kids-pets","mosquito","buzzskito-mosquito-20","true","buzzskito-mosquito-20","true","search","","gutter guard leaf screen","Check eavestrough leaf guards on Amazon.ca →","6","1737","79","false","BuyLink"
"/blog/is-mosquito-spray-safe-kids-pets","mosquito","buzzskito-mosquito-20","true","buzzskito-mosquito-20","true","search","","picaridin insect repellent canada","Picaridin (Icaridin) Insect Repellent","7","1880","85","false","TopPick"
"/blog/is-mosquito-spray-safe-kids-pets","mosquito","buzzskito-mosquito-20","true","buzzskito-mosquito-20","true","search","","picaridin insect repellent canada","Check picaridin (icaridin) kid-friendly repellents on Amazon.ca →","8","1880","85","false","BuyLink"
"/blog/is-mosquito-spray-safe-kids-pets","mosquito","buzzskito-mosquito-20","true","buzzskito-mosquito-20","true","search","","stroller mosquito net","Check fine-mesh stroller and playpen nets on Amazon.ca →","9","1986","90","false","BuyLink"
"/blog/is-mosquito-spray-safe-kids-pets","mosquito","buzzskito-mosquito-20","true","buzzskito-mosquito-20","true","search","","outdoor oscillating patio fan","Check outdoor patio fans on Amazon.ca →","10","2071","94","false","BuyLink"
"/blog/is-mosquito-spray-safe-kids-pets","mosquito","buzzskito-mosquito-20","true","buzzskito-mosquito-20","true","search","","summit mosquito dunks bti","BTI Mosquito Dunks (Bacillus thuringiensis israelensis)","11","2208","100","sticky","StickyBuyBar"
"/blog/june-bugs-ontario","general","buzzskito-general-20","true","buzzskito-general-20","true","search","","beneficial nematodes heterorhabditis bacteriophora lawn grub","Beneficial Nematodes (Heterorhabditis bacteriophora)","1","1229","80","false","TopPick"
"/blog/june-bugs-ontario","general","buzzskito-general-20","true","buzzskito-general-20","true","search","","june bug beetle trap","Check June bug trap prices on Amazon.ca →","2","1408","91","false","BuyLink"
"/blog/june-bugs-ontario","general","buzzskito-general-20","true","buzzskito-general-20","true","search","","beneficial nematodes heterorhabditis bacteriophora lawn grub","Beneficial Nematodes for Lawn Grubs","3","1542","100","sticky","StickyBuyBar"
"/blog/katchy-indoor-insect-trap-review-canada","general","buzzskito-general-20","true","buzzskito-general-20","true","search","","katchy indoor insect trap","Katchy Indoor Insect Trap","1","85","4","sticky","StickyBuyBar"
"/blog/katchy-indoor-insect-trap-review-canada","general","buzzskito-general-20","true","buzzskito-general-20","true","search","","katchy indoor insect trap","Katchy Indoor Insect Trap","2","88","4","true","AmazonLink"
"/blog/katchy-indoor-insect-trap-review-canada","general","buzzskito-general-20","true","buzzskito-general-20","true","search","","katchy indoor insect trap","Check price on Amazon.ca →","3","276","12","true","BuyLink"
"/blog/katchy-indoor-insect-trap-review-canada","general","buzzskito-general-20","true","buzzskito-general-20","true","search","","katchy indoor insect trap","Katchy Indoor Insect Trap (UV + fan + glue board)","4","280","12","true","TopPick"
"/blog/katchy-indoor-insect-trap-review-canada","general","buzzskito-general-20","true","buzzskito-general-20","true","search","","outdoor fly trap bait","Check baited fly traps on Amazon.ca &rarr;","5","860","37","false","BuyLink"
"/blog/katchy-indoor-insect-trap-review-canada","general","buzzskito-general-20","true","buzzskito-general-20","true","search","","katchy indoor insect trap","Check price on Amazon.ca →","6","948","41","false","BuyLink"
"/blog/katchy-indoor-insect-trap-review-canada","general","buzzskito-general-20","true","buzzskito-general-20","true","search","","terro fruit fly trap","Check price on Amazon.ca →","7","975","42","false","BuyLink"
"/blog/katchy-indoor-insect-trap-review-canada","general","buzzskito-general-20","true","buzzskito-general-20","true","search","","indoor bug zapper","Check price on Amazon.ca →","8","1002","44","false","BuyLink"
"/blog/katchy-indoor-insect-trap-review-canada","general","buzzskito-general-20","true","buzzskito-general-20","true","search","","katchy glue boards refill","Check Katchy glue board refills →","9","1649","72","false","BuyLink"
"/blog/katchy-indoor-insect-trap-review-canada","general","buzzskito-general-20","true","buzzskito-general-20","true","search","","katchy indoor insect trap duo","Check the Katchy Duo →","10","1654","72","false","BuyLink"
"/blog/katchy-indoor-insect-trap-review-canada","general","buzzskito-general-20","true","buzzskito-general-20","true","search","","mosquito bits bti granules","Check BTI granules on Amazon.ca &rarr;","11","1925","84","false","BuyLink"
"/blog/katchy-indoor-insect-trap-review-canada","general","buzzskito-general-20","true","buzzskito-general-20","true","search","","foaming drain cleaner gel","Check foaming drain gels on Amazon.ca &rarr;","12","2068","90","false","BuyLink"
"/blog/katchy-indoor-insect-trap-review-canada","general","buzzskito-general-20","true","buzzskito-general-20","true","search","","katchy indoor insect trap","Check the Katchy Indoor Insect Trap on Amazon.ca →","13","2231","97","false","BuyLink"
"/blog/knock-down-bed-bug-killer-review-canada","bedbug","buzzskito-bedbug-20","true","buzzskito-bedbug-20","true","search","","knock down bed bug killer spray canada","Knock Down Bed Bug Killer","1","98","4","sticky","StickyBuyBar"
"/blog/knock-down-bed-bug-killer-review-canada","bedbug","buzzskito-bedbug-20","true","buzzskito-bedbug-20","true","search","","knock down bed bug killer spray canada","Knock Down Bed Bug Killer","2","287","12","true","TopPick"
"/blog/knock-down-bed-bug-killer-review-canada","bedbug","buzzskito-bedbug-20","true","buzzskito-bedbug-20","true","search","","knock down bed bug killer spray canada","Check price on Amazon.ca →","3","380","16","true","BuyLink"
"/blog/knock-down-bed-bug-killer-review-canada","bedbug","buzzskito-bedbug-20","true","buzzskito-bedbug-20","true","search","","doktor doom sleep tight bed bug","Check price on Amazon.ca →","4","399","17","true","BuyLink"
"/blog/knock-down-bed-bug-killer-review-canada","bedbug","buzzskito-bedbug-20","true","buzzskito-bedbug-20","true","search","","cimexa insecticide dust bed bugs","Check price on Amazon.ca →","5","426","18","true","BuyLink"
"/blog/knock-down-bed-bug-killer-review-canada","bedbug","buzzskito-bedbug-20","true","buzzskito-bedbug-20","true","search","","bed bug steamer","Check price on Amazon.ca →","6","450","19","true","BuyLink"
"/blog/knock-down-bed-bug-killer-review-canada","bedbug","buzzskito-bedbug-20","true","buzzskito-bedbug-20","true","search","","knock down bed bug killer spray canada","Knock Down Bed Bug Killer →","7","842","36","false","BuyLink"
"/blog/knock-down-bed-bug-killer-review-canada","bedbug","buzzskito-bedbug-20","true","buzzskito-bedbug-20","true","search","","cimexa insecticide dust bed bugs","Desiccant dust →","8","847","36","false","BuyLink"
"/blog/knock-down-bed-bug-killer-review-canada","bedbug","buzzskito-bedbug-20","true","buzzskito-bedbug-20","true","search","","bed bug steamer","Bed bug steamer →","9","849","36","false","BuyLink"
"/blog/konk-bed-bug-killer-review-canada","bedbug","buzzskito-bedbug-20","true","buzzskito-bedbug-20","true","dp_asin","B07CGRLRNV","konk bed bug killer aerosol","Konk Bed Bug Killer aerosol","1","87","3","sticky","StickyBuyBar"
"/blog/konk-bed-bug-killer-review-canada","bedbug","buzzskito-bedbug-20","true","buzzskito-bedbug-20","true","dp_asin","B07CGRLRNV","konk bed bug killer aerosol","Konk Bed Bug Killer — the Canadian-legal contact aerosol","2","270","11","true","TopPick"
"/blog/konk-bed-bug-killer-review-canada","bedbug","buzzskito-bedbug-20","true","buzzskito-bedbug-20","true","search","","konk bed bug killer aerosol","Check price on Amazon.ca &rarr;","3","357","14","true","BuyLink"
"/blog/konk-bed-bug-killer-review-canada","bedbug","buzzskito-bedbug-20","true","buzzskito-bedbug-20","true","search","","bed bug killer spray canada","Check price on Amazon.ca &rarr;","4","386","15","true","BuyLink"
"/blog/konk-bed-bug-killer-review-canada","bedbug","buzzskito-bedbug-20","true","buzzskito-bedbug-20","true","search","","ecoraider bed bug spray","Check price on Amazon.ca &rarr;","5","410","16","true","BuyLink"
"/blog/konk-bed-bug-killer-review-canada","bedbug","buzzskito-bedbug-20","true","buzzskito-bedbug-20","true","search","","cimexa insecticide dust","Check price on Amazon.ca &rarr;","6","439","17","true","BuyLink"
"/blog/konk-bed-bug-killer-review-canada","bedbug","buzzskito-bedbug-20","true","buzzskito-bedbug-20","true","search","","konk bed bug killer aerosol","Konk on Amazon.ca &rarr;","7","827","32","false","BuyLink"
"/blog/konk-bed-bug-killer-review-canada","bedbug","buzzskito-bedbug-20","true","buzzskito-bedbug-20","true","search","","cimexa insecticide dust","Desiccant dust &rarr;","8","830","33","false","BuyLink"
"/blog/konk-bed-bug-killer-review-canada","bedbug","buzzskito-bedbug-20","true","buzzskito-bedbug-20","true","search","","bed bug steamer","Bed bug steamer &rarr;","9","832","33","false","BuyLink"
"/blog/konk-bed-bug-killer-review-canada","bedbug","buzzskito-bedbug-20","true","buzzskito-bedbug-20","true","search","","konk bed bug killer aerosol","Check Konk on Amazon.ca &rarr;","10","1825","72","false","BuyLink"
"/blog/laser-mosquito-killer-photon-matrix-review","mosquito","buzzskito-mosquito-20","true","buzzskito-mosquito-20","true","dp_asin","B07QFNSC8Z","mosquito magnet patriot plus","Mosquito Magnet Propane CO₂ Trap","1","484","4","sticky","StickyBuyBar"
"/blog/laser-mosquito-killer-photon-matrix-review","mosquito","buzzskito-mosquito-20","true","buzzskito-mosquito-20","true","search","","thermacell mosquito repeller","Thermacell patio mosquito repeller","2","484","4","true","TopPick"
"/blog/laser-mosquito-killer-photon-matrix-review","mosquito","buzzskito-mosquito-20","true","buzzskito-mosquito-20","true","search","","mosquito dunks bti","Check price on Amazon.ca →","3","637","5","false","BuyLink"
"/blog/laser-mosquito-killer-photon-matrix-review","mosquito","buzzskito-mosquito-20","true","buzzskito-mosquito-20","true","search","","outdoor oscillating pedestal fan","Check price on Amazon.ca →","4","778","6","false","BuyLink"
"/blog/laser-mosquito-killer-photon-matrix-review","mosquito","buzzskito-mosquito-20","true","buzzskito-mosquito-20","true","search","","mosquito magnet patriot plus","Check price on Amazon.ca →","5","894","7","false","BuyLink"
"/blog/laser-mosquito-killer-photon-matrix-review","mosquito","buzzskito-mosquito-20","true","buzzskito-mosquito-20","true","search","","thermacell patio shield","Check price on Amazon.ca →","6","916","7","false","BuyLink"
"/blog/laser-mosquito-killer-photon-matrix-review","mosquito","buzzskito-mosquito-20","true","buzzskito-mosquito-20","true","search","","mosquito dunks bti","Check price on Amazon.ca →","7","937","7","false","BuyLink"
"/blog/laser-mosquito-killer-photon-matrix-review","mosquito","buzzskito-mosquito-20","true","buzzskito-mosquito-20","true","search","","mosquito magnet patriot plus","Check Mosquito Magnet price →","8","4073","31","false","BuyLink"
"/blog/laser-mosquito-killer-photon-matrix-review","mosquito","buzzskito-mosquito-20","true","buzzskito-mosquito-20","true","search","","thermacell patio shield","Check Thermacell price →","9","4152","32","false","BuyLink"
"/blog/laser-mosquito-killer-photon-matrix-review","mosquito","buzzskito-mosquito-20","true","buzzskito-mosquito-20","true","search","","mosquito dunks bti","Check BTI dunks price →","10","4217","32","false","BuyLink"
"/blog/laser-mosquito-killer-photon-matrix-review","mosquito","buzzskito-mosquito-20","true","buzzskito-mosquito-20","true","search","","outdoor oscillating pedestal fan","Check outdoor patio fans on Amazon.ca &rarr;","11","4695","36","false","BuyLink"
"/blog/laser-mosquito-killer-photon-matrix-review","mosquito","buzzskito-mosquito-20","true","buzzskito-mosquito-20","true","search","","picaridin insect repellent","Check DEET and picaridin repellents on Amazon.ca &rarr;","12","11382","87","false","BuyLink"
"/blog/laser-mosquito-killer-photon-matrix-review","mosquito","buzzskito-mosquito-20","true","buzzskito-mosquito-20","true","search","","magnetic screen door","Check magnetic screen doors on Amazon.ca &rarr;","13","11445","88","false","BuyLink"
"/blog/laser-mosquito-killer-photon-matrix-review","mosquito","buzzskito-mosquito-20","true","buzzskito-mosquito-20","true","search","","mosquito magnet patriot plus","Check Mosquito Magnet price →","14","11971","92","false","BuyLink"
"/blog/laser-mosquito-killer-photon-matrix-review","mosquito","buzzskito-mosquito-20","true","buzzskito-mosquito-20","true","search","","thermacell patio shield","check Thermacell price →","15","11976","92","false","BuyLink"
"/blog/laser-mosquito-killer-photon-matrix-review","mosquito","buzzskito-mosquito-20","true","buzzskito-mosquito-20","true","search","","thermacell mosquito repeller","Check price on Amazon.ca &rarr;","16","12778","98","false","BuyLink"
"/blog/laser-mosquito-killer-photon-matrix-review","mosquito","buzzskito-mosquito-20","true","buzzskito-mosquito-20","true","search","","dynatrap mosquito trap","Check price on Amazon.ca &rarr;","17","12817","98","false","BuyLink"
"/blog/laser-mosquito-killer-photon-matrix-review","mosquito","buzzskito-mosquito-20","true","buzzskito-mosquito-20","true","search","","outdoor bug zapper","Check price on Amazon.ca &rarr;","18","12853","99","false","BuyLink"
"/blog/lone-star-tick-alpha-gal-canada","tick","buzzskito-tick-20","true","buzzskito-tick-20","false","search","","tick removal tool tweezers","Fine-Tip Tick Removal Tool","1","452","23","true","TopPick"
"/blog/lone-star-tick-alpha-gal-canada","tick","buzzskito-tick-20","true","buzzskito-tick-20","false","search","","icaridin insect repellent","See icaridin repellents on Amazon.ca &rarr;","2","1654","85","false","BuyLink"
"/blog/lone-star-tick-alpha-gal-canada","tick","buzzskito-tick-20","true","buzzskito-tick-20","false","search","","tick removal tool tweezers","check tick-removal tools on Amazon.ca &rarr;","3","1909","98","false","BuyLink"
"/blog/lone-star-tick-alpha-gal-canada","tick","buzzskito-tick-20","true","buzzskito-tick-20","false","search","","tick removal tool tweezers","Fine-tip tick removal tool","4","1946","100","sticky","StickyBuyBar"
"/blog/longray-thermal-fogger-review-canada","fogger","buzzskito-fogger-20","true","buzzskito-fogger-20","true","search","","longray ts35a thermal fogger","Longray TS35A Pulse-Jet Thermal Fogger","1","92","4","sticky","StickyBuyBar"
"/blog/longray-thermal-fogger-review-canada","fogger","buzzskito-fogger-20","true","buzzskito-fogger-20","true","search","","longray ts35a thermal fogger","Longray TS35A Pulse-Jet Thermal Fogger","2","286","12","true","TopPick"
"/blog/longray-thermal-fogger-review-canada","fogger","buzzskito-fogger-20","true","buzzskito-fogger-20","true","search","","longray ts35a thermal fogger","Check price on Amazon.ca →","3","371","15","true","BuyLink"
"/blog/longray-thermal-fogger-review-canada","fogger","buzzskito-fogger-20","true","buzzskito-fogger-20","true","search","","black flag electric thermal fogger","Check price on Amazon.ca →","4","402","16","true","BuyLink"
"/blog/longray-thermal-fogger-review-canada","fogger","buzzskito-fogger-20","true","buzzskito-fogger-20","true","search","","ulv cold fogger","Check price on Amazon.ca →","5","434","18","true","BuyLink"
"/blog/longray-thermal-fogger-review-canada","fogger","buzzskito-fogger-20","true","buzzskito-fogger-20","true","search","","longray ts35a thermal fogger","Longray TS35A on Amazon.ca →","6","547","22","true","BuyLink"
"/blog/longray-thermal-fogger-review-canada","fogger","buzzskito-fogger-20","true","buzzskito-fogger-20","true","search","","black flag electric thermal fogger","Electric alternative →","7","551","22","true","BuyLink"
"/blog/lyme-disease-cases-mississauga-oakville-2026","tick","buzzskito-tick-20","true","buzzskito-tick-20","false","search","","tick removal tool tweezers","Check price on Amazon.ca &rarr;","1","335","13","true","BuyLink"
"/blog/lyme-disease-cases-mississauga-oakville-2026","tick","buzzskito-tick-20","true","buzzskito-tick-20","false","search","","icaridin insect repellent","Check price on Amazon.ca &rarr;","2","1665","64","false","BuyLink"
"/blog/lyme-disease-cases-mississauga-oakville-2026","tick","buzzskito-tick-20","true","buzzskito-tick-20","false","search","","permethrin treated clothing","Check permethrin-treated clothing on Amazon.ca &rarr;","3","2552","99","false","BuyLink"
"/blog/lyme-disease-cases-mississauga-oakville-2026","tick","buzzskito-tick-20","true","buzzskito-tick-20","false","search","","tick removal tool tweezers","Fine-tipped tick removal tool","4","2582","100","sticky","StickyBuyBar"
"/blog/lyme-disease-cases-ontario-2026","tick","buzzskito-tick-20","true","buzzskito-tick-20","true","search","","tick removal tool tweezers","Fine-Tipped Tick Removal Tool Kit","1","414","31","true","TopPick"
"/blog/lyme-disease-cases-ontario-2026","tick","buzzskito-tick-20","true","buzzskito-tick-20","true","search","","icaridin insect repellent canada","Check price on Amazon.ca →","2","1221","91","false","BuyLink"
"/blog/lyme-disease-cases-ontario-2026","tick","buzzskito-tick-20","true","buzzskito-tick-20","true","search","","insect shield permethrin treated clothing","Check price on Amazon.ca →","3","1335","99","false","BuyLink"
"/blog/lyme-disease-cases-ontario-2026","tick","buzzskito-tick-20","true","buzzskito-tick-20","true","search","","tick removal tool","See tick-removal tools on Amazon.ca →","4","1339","99","false","BuyLink"
"/blog/lyme-disease-cases-ontario-2026","tick","buzzskito-tick-20","true","buzzskito-tick-20","true","search","","tick removal tool tweezers","Fine-tipped tick removal tool kit","5","1347","100","sticky","StickyBuyBar"
"/blog/lyme-disease-risk-areas-ontario-2026","tick","buzzskito-tick-20","true","buzzskito-tick-20","true","search","","permethrin treated clothing","Check price on Amazon.ca &rarr;","1","408","18","true","BuyLink"
"/blog/lyme-disease-risk-areas-ontario-2026","tick","buzzskito-tick-20","true","buzzskito-tick-20","true","search","","icaridin insect repellent","Check price on Amazon.ca &rarr;","2","478","21","true","BuyLink"
"/blog/lyme-disease-risk-areas-ontario-2026","tick","buzzskito-tick-20","true","buzzskito-tick-20","true","search","","icaridin insect repellent","Check icaridin and DEET repellents on Amazon.ca &rarr;","3","2101","91","false","BuyLink"
"/blog/lyme-disease-risk-areas-ontario-2026","tick","buzzskito-tick-20","true","buzzskito-tick-20","true","search","","tick removal tool fine tip tweezers","Check price on Amazon.ca &rarr;","4","2278","98","false","BuyLink"
"/blog/lyme-disease-risk-areas-ontario-2026","tick","buzzskito-tick-20","true","buzzskito-tick-20","true","search","","icaridin insect repellent","Icaridin insect repellent","5","2321","100","sticky","StickyBuyBar"
"/blog/lyme-disease-symptoms-guide","tick","buzzskito-tick-20","true","buzzskito-tick-20","true","search","","tick removal tool tweezers","Check tick-removal tools on Amazon →","1","1238","57","false","BuyLink"
"/blog/lyme-disease-symptoms-guide","tick","buzzskito-tick-20","true","buzzskito-tick-20","true","search","","tick removal tool tweezers","Fine-Tipped Tick Removal Tool Set","2","1273","59","false","TopPick"
"/blog/lyme-disease-tick-prevention-ontario","tick","buzzskito-tick-20","true","buzzskito-tick-20","true","search","","otom tick twister","Check price on Amazon.ca →","1","1528","67","false","BuyLink"
"/blog/lyme-disease-tick-prevention-ontario","tick","buzzskito-tick-20","true","buzzskito-tick-20","true","search","","otom tick twister","Tick Twister Removal Hook","2","1532","67","false","TopPick"
"/blog/lyme-disease-tick-prevention-ontario","tick","buzzskito-tick-20","true","buzzskito-tick-20","true","search","","thermacell tick control tubes 12 pack","Check tick control tubes on Amazon.ca →","3","1740","77","false","BuyLink"
"/blog/lyme-disease-tick-prevention-ontario","tick","buzzskito-tick-20","true","buzzskito-tick-20","true","search","","icaridin insect repellent canada","Icaridin repellent on Amazon.ca →","4","1981","87","false","BuyLink"
"/blog/lyme-disease-tick-prevention-ontario","tick","buzzskito-tick-20","true","buzzskito-tick-20","true","search","","insectguard permethrin gaiters","Permethrin gaiters on Amazon.ca →","5","2047","90","false","BuyLink"
"/blog/lyme-disease-tick-prevention-ontario","tick","buzzskito-tick-20","true","buzzskito-tick-20","true","search","","otom tick twister","Tick Twister Removal Hook","6","2270","100","sticky","StickyBuyBar"
"/blog/male-vs-female-mosquito","mosquito","buzzskito-mosquito-20","true","buzzskito-mosquito-20","true","search","","picaridin insect repellent","Check DEET and picaridin repellents on Amazon.ca &rarr;","1","1082","79","false","BuyLink"
"/blog/male-vs-female-mosquito","mosquito","buzzskito-mosquito-20","true","buzzskito-mosquito-20","true","search","","mosquito dunks bti","Check BTI mosquito dunks on Amazon.ca &rarr;","2","1160","85","false","BuyLink"
"/blog/male-vs-female-mosquito","mosquito","buzzskito-mosquito-20","true","buzzskito-mosquito-20","true","search","","outdoor oscillating pedestal fan","Check outdoor patio fans on Amazon.ca &rarr;","3","1274","93","false","BuyLink"
"/blog/male-vs-female-mosquito","mosquito","buzzskito-mosquito-20","true","buzzskito-mosquito-20","true","search","","magnetic screen door","Check magnetic screen doors on Amazon.ca &rarr;","4","1331","97","false","BuyLink"
"/blog/mcculloch-mc1275-steamer-review-canada","steamer","buzzskito-steamer-20","true","buzzskito-steamer-20","true","search","","mcculloch mc1275 steam cleaner","McCulloch MC1275 steam cleaner","1","102","4","sticky","StickyBuyBar"
"/blog/mcculloch-mc1275-steamer-review-canada","steamer","buzzskito-steamer-20","true","buzzskito-steamer-20","true","search","","mcculloch mc1275 steam cleaner","McCulloch MC1275 Steam Cleaner","2","281","11","true","TopPick"
"/blog/mcculloch-mc1275-steamer-review-canada","steamer","buzzskito-steamer-20","true","buzzskito-steamer-20","true","search","","mcculloch mc1275 steam cleaner","Check price on Amazon.ca →","3","372","15","true","BuyLink"
"/blog/mcculloch-mc1275-steamer-review-canada","steamer","buzzskito-steamer-20","true","buzzskito-steamer-20","true","search","","dupray neat steam cleaner","Check price on Amazon.ca →","4","395","15","true","BuyLink"
"/blog/mcculloch-mc1275-steamer-review-canada","steamer","buzzskito-steamer-20","true","buzzskito-steamer-20","true","search","","handheld steam cleaner bed bugs","Check price on Amazon.ca →","5","414","16","true","BuyLink"
"/blog/mcculloch-mc1275-steamer-review-canada","steamer","buzzskito-steamer-20","true","buzzskito-steamer-20","true","search","","garment steamer","Check price on Amazon.ca →","6","433","17","true","BuyLink"
"/blog/mcculloch-mc1275-steamer-review-canada","steamer","buzzskito-steamer-20","true","buzzskito-steamer-20","true","search","","mcculloch mc1275 steam cleaner","McCulloch MC1275 →","7","721","28","false","BuyLink"
"/blog/mcculloch-mc1275-steamer-review-canada","steamer","buzzskito-steamer-20","true","buzzskito-steamer-20","true","search","","dupray neat steam cleaner","Dupray Neat →","8","723","28","false","BuyLink"
"/blog/mcculloch-mc1275-steamer-review-canada","steamer","buzzskito-steamer-20","true","buzzskito-steamer-20","true","search","","handheld steam cleaner bed bugs","Budget handheld →","9","725","28","false","BuyLink"
"/blog/misting-fan-canada","sprayer","buzzskito-sprayer-20","true","buzzskito-sprayer-20","true","search","","portable oscillating misting fan outdoor","Portable oscillating outdoor misting fan","1","82","4","sticky","StickyBuyBar"
"/blog/misting-fan-canada","sprayer","buzzskito-sprayer-20","true","buzzskito-sprayer-20","true","search","","portable oscillating misting fan outdoor","Check price on Amazon.ca","2","376","19","true","BuyLink"
"/blog/misting-fan-canada","sprayer","buzzskito-sprayer-20","true","buzzskito-sprayer-20","true","search","","commercial outdoor misting fan patio","Check price on Amazon.ca","3","380","19","true","BuyLink"
"/blog/misting-fan-canada","sprayer","buzzskito-sprayer-20","true","buzzskito-sprayer-20","true","search","","portable oscillating misting fan outdoor","Check price on Amazon.ca","4","941","46","false","BuyLink"
"/blog/misting-fan-canada","sprayer","buzzskito-sprayer-20","true","buzzskito-sprayer-20","true","search","","commercial outdoor misting fan patio","Check price on Amazon.ca","5","945","47","false","BuyLink"
"/blog/misting-fan-canada","sprayer","buzzskito-sprayer-20","true","buzzskito-sprayer-20","true","search","","homenote misting fan kit brass nozzles","Check price on Amazon.ca","6","1067","53","false","BuyLink"
"/blog/misting-fan-canada","sprayer","buzzskito-sprayer-20","true","buzzskito-sprayer-20","true","search","","landgarden fan misting kit","Check price on Amazon.ca","7","1071","53","false","BuyLink"
"/blog/mosquito-bite-treatment-relief","mosquito","buzzskito-mosquito-20","true","buzzskito-mosquito-20","true","search","","after bite itch relief","Check after-bite relief on Amazon &rarr;","1","565","36","true","BuyLink"
"/blog/mosquito-bite-treatment-relief","mosquito","buzzskito-mosquito-20","true","buzzskito-mosquito-20","true","search","","hydrocortisone anti itch cream","Hydrocortisone anti-itch cream &rarr;","2","570","37","true","BuyLink"
"/blog/mosquito-bite-treatment-relief","mosquito","buzzskito-mosquito-20","true","buzzskito-mosquito-20","true","search","","hydrocortisone anti itch cream","1% Hydrocortisone Anti-Itch Cream","3","573","37","true","TopPick"
"/blog/mosquito-bite-treatment-relief","mosquito","buzzskito-mosquito-20","true","buzzskito-mosquito-20","true","search","","bug bite suction tool","bite suction tool","4","1390","89","false","BuyLink"
"/blog/mosquito-bite-treatment-relief","mosquito","buzzskito-mosquito-20","true","buzzskito-mosquito-20","true","search","","hydrocortisone anti itch cream","1% Hydrocortisone Anti-Itch Cream","5","1558","100","sticky","StickyBuyBar"
"/blog/mosquito-bits-canada-vs-dunks","mosquito","buzzskito-mosquito-20","true","buzzskito-mosquito-20","true","search","","summit mosquito bits","Summit Mosquito Bits (BTI granules)","1","62","1","sticky","StickyBuyBar"
"/blog/mosquito-bits-canada-vs-dunks","mosquito","buzzskito-mosquito-20","true","buzzskito-mosquito-20","true","search","","summit mosquito bits","Mosquito Bits","2","68","2","true","AmazonLink"
"/blog/mosquito-bits-canada-vs-dunks","mosquito","buzzskito-mosquito-20","true","buzzskito-mosquito-20","true","search","","summit mosquito bits","Check price on Amazon.ca →","3","248","6","true","BuyLink"
"/blog/mosquito-bits-canada-vs-dunks","mosquito","buzzskito-mosquito-20","true","buzzskito-mosquito-20","true","search","","summit mosquito bits","Check Mosquito Bits price on Amazon.ca →","4","335","8","true","BuyLink"
"/blog/mosquito-bits-canada-vs-dunks","mosquito","buzzskito-mosquito-20","true","buzzskito-mosquito-20","true","search","","summit mosquito dunks","Compare with Mosquito Dunks →","5","341","8","true","BuyLink"
"/blog/mosquito-bits-canada-vs-dunks","mosquito","buzzskito-mosquito-20","true","buzzskito-mosquito-20","true","search","","summit mosquito bits","Check Bits price","6","581","13","true","BuyLink"
"/blog/mosquito-bits-canada-vs-dunks","mosquito","buzzskito-mosquito-20","true","buzzskito-mosquito-20","true","search","","summit mosquito dunks","Check Dunks price","7","584","13","true","BuyLink"
"/blog/mosquito-bits-canada-vs-dunks","mosquito","buzzskito-mosquito-20","true","buzzskito-mosquito-20","true","search","","yellow sticky traps houseplants","Check yellow sticky traps on Amazon.ca &rarr;","8","1589","36","false","BuyLink"
"/blog/mosquito-bits-canada-vs-dunks","mosquito","buzzskito-mosquito-20","true","buzzskito-mosquito-20","true","search","","solar pond aerator pump","Check pond aerators and fountain pumps on Amazon.ca &rarr;","9","3287","75","false","BuyLink"
"/blog/mosquito-bits-canada-vs-dunks","mosquito","buzzskito-mosquito-20","true","buzzskito-mosquito-20","true","search","","mosquito larva killer briquettes","Check long-interval larvicide briquettes on Amazon.ca &rarr;","10","3715","85","false","BuyLink"
"/blog/mosquito-bits-canada-vs-dunks","mosquito","buzzskito-mosquito-20","true","buzzskito-mosquito-20","true","search","","mosquito head net hat","Check head nets and bug jackets on Amazon.ca &rarr;","11","4010","92","false","BuyLink"
"/blog/mosquito-coils-canada","mosquito","buzzskito-mosquito-20","true","buzzskito-mosquito-20","true","search","","pic mosquito coils","PIC Mosquito Repellent Coils","1","79","4","sticky","StickyBuyBar"
"/blog/mosquito-coils-canada","mosquito","buzzskito-mosquito-20","true","buzzskito-mosquito-20","true","search","","pic mosquito coils","Check PIC coil price on Amazon.ca →","2","455","26","true","BuyLink"
"/blog/mosquito-coils-canada","mosquito","buzzskito-mosquito-20","true","buzzskito-mosquito-20","true","search","","off mosquito coils","OFF! Mosquito Coils →","3","461","26","true","BuyLink"
"/blog/mosquito-coils-canada","mosquito","buzzskito-mosquito-20","true","buzzskito-mosquito-20","true","search","","pic mosquito coils","Check price on Amazon.ca →","4","527","30","true","BuyLink"
"/blog/mosquito-coils-canada","mosquito","buzzskito-mosquito-20","true","buzzskito-mosquito-20","true","search","","off mosquito coils","Amazon.ca →","5","540","30","true","BuyLink"
"/blog/mosquito-coils-canada","mosquito","buzzskito-mosquito-20","true","buzzskito-mosquito-20","true","search","","coghlan's citronella mosquito coils","Amazon.ca →","6","550","31","true","BuyLink"
"/blog/mosquito-coils-canada","mosquito","buzzskito-mosquito-20","true","buzzskito-mosquito-20","true","search","","citronella mosquito coils","Amazon.ca →","7","560","31","true","BuyLink"
"/blog/mosquito-coils-canada","mosquito","buzzskito-mosquito-20","true","buzzskito-mosquito-20","true","search","","pic mosquito coils","Check PIC coil price →","8","599","34","true","BuyLink"
"/blog/mosquito-coils-canada","mosquito","buzzskito-mosquito-20","true","buzzskito-mosquito-20","true","search","","mosquito head net","Check mosquito head nets on Amazon.ca →","9","1222","68","false","BuyLink"
"/blog/mosquito-coils-canada","mosquito","buzzskito-mosquito-20","true","buzzskito-mosquito-20","true","search","","mosquito coil holder burner","Check coil holders on Amazon.ca →","10","1364","76","false","BuyLink"
"/blog/mosquito-coils-canada","mosquito","buzzskito-mosquito-20","true","buzzskito-mosquito-20","true","search","","thermacell patio mosquito repeller","Check patio zone repellers on Amazon.ca →","11","1636","92","false","BuyLink"
"/blog/mosquito-control-cost-ontario","mosquito","buzzskito-mosquito-20","true","buzzskito-mosquito-20","true","search","","summit mosquito dunks","Summit Mosquito Dunks (BTI Larvicide)","1","822","86","false","TopPick"
"/blog/mosquito-control-cost-ontario","mosquito","buzzskito-mosquito-20","true","buzzskito-mosquito-20","true","search","","summit mosquito dunks","Check Mosquito Dunks on Amazon.ca →","2","822","86","false","BuyLink"
"/blog/mosquito-control-cost-ontario","mosquito","buzzskito-mosquito-20","true","buzzskito-mosquito-20","true","search","","summit mosquito dunks","Summit Mosquito Dunks (BTI larvicide)","3","958","100","sticky","StickyBuyBar"
"/blog/mosquito-control-near-water-ravines-gta","mosquito","buzzskito-mosquito-20","true","buzzskito-mosquito-20","true","search","","summit mosquito dunks","Check Mosquito Dunks on Amazon.ca →","1","798","73","false","BuyLink"
"/blog/mosquito-control-near-water-ravines-gta","mosquito","buzzskito-mosquito-20","true","buzzskito-mosquito-20","true","search","","summit mosquito bits","Check Mosquito Bits on Amazon.ca →","2","827","76","false","BuyLink"
"/blog/mosquito-control-near-water-ravines-gta","mosquito","buzzskito-mosquito-20","true","buzzskito-mosquito-20","true","search","","summit mosquito dunks","Summit Mosquito Dunks (Bti larvicide)","3","855","78","false","TopPick"
"/blog/mosquito-control-near-water-ravines-gta","mosquito","buzzskito-mosquito-20","true","buzzskito-mosquito-20","true","search","","summit mosquito dunks","Summit Mosquito Dunks (Bti larvicide)","4","1092","100","sticky","StickyBuyBar"
"/blog/mosquito-control-worth-the-cost","mosquito","buzzskito-mosquito-20","true","buzzskito-mosquito-20","true","search","","bug zapper outdoor","Compare outdoor bug zappers on Amazon.ca →","1","929","61","false","BuyLink"
"/blog/mosquito-control-worth-the-cost","mosquito","buzzskito-mosquito-20","true","buzzskito-mosquito-20","true","search","","summit mosquito bits","Check Mosquito Bits on Amazon.ca →","2","1389","92","false","BuyLink"
"/blog/mosquito-control-worth-the-cost","mosquito","buzzskito-mosquito-20","true","buzzskito-mosquito-20","true","search","","summit mosquito bits","Summit Mosquito Bits (BTi larvicide)","3","1437","95","false","TopPick"
"/blog/mosquito-control-worth-the-cost","mosquito","buzzskito-mosquito-20","true","buzzskito-mosquito-20","true","search","","summit mosquito bits","Summit Mosquito Bits (BTi larvicide)","4","1516","100","sticky","StickyBuyBar"
"/blog/mosquito-dunks-canada-guide","mosquito","buzzskito-mosquito-20","true","buzzskito-mosquito-20","true","dp_asin","B005UTKT0W","summit mosquito dunks","Summit Mosquito Dunks (6-pack)","1","132","3","sticky","StickyBuyBar"
"/blog/mosquito-dunks-canada-guide","mosquito","buzzskito-mosquito-20","true","buzzskito-mosquito-20","true","search","","summit mosquito dunks","Mosquito Dunks","2","143","3","true","AmazonLink"
"/blog/mosquito-dunks-canada-guide","mosquito","buzzskito-mosquito-20","true","buzzskito-mosquito-20","true","search","","summit mosquito dunks","Check price on Amazon.ca →","3","298","6","true","BuyLink"
"/blog/mosquito-dunks-canada-guide","mosquito","buzzskito-mosquito-20","true","buzzskito-mosquito-20","true","search","","summit mosquito dunks","Check Mosquito Dunks price on Amazon.ca →","4","351","7","true","BuyLink"
"/blog/mosquito-dunks-canada-guide","mosquito","buzzskito-mosquito-20","true","buzzskito-mosquito-20","true","search","","summit mosquito bits","Check Mosquito Bits (faster-acting) →","5","357","7","true","BuyLink"
"/blog/mosquito-dunks-canada-guide","mosquito","buzzskito-mosquito-20","true","buzzskito-mosquito-20","true","search","","summit mosquito dunks","Check Mosquito Dunks price on Amazon →","6","1167","23","false","BuyLink"
"/blog/mosquito-dunks-canada-guide","mosquito","buzzskito-mosquito-20","true","buzzskito-mosquito-20","true","search","","summit mosquito bits","Check Mosquito Bits (faster-acting) →","7","1173","24","false","BuyLink"
"/blog/mosquito-dunks-canada-guide","mosquito","buzzskito-mosquito-20","true","buzzskito-mosquito-20","true","search","","summit mosquito dunks","Check Dunks price","8","1646","33","false","BuyLink"
"/blog/mosquito-dunks-canada-guide","mosquito","buzzskito-mosquito-20","true","buzzskito-mosquito-20","true","search","","summit mosquito bits","Check Bits price","9","1649","33","false","BuyLink"
"/blog/mosquito-dunks-canada-guide","mosquito","buzzskito-mosquito-20","true","buzzskito-mosquito-20","true","search","","summit mosquito dunks","Check Dunks price","10","2381","48","false","BuyLink"
"/blog/mosquito-dunks-canada-guide","mosquito","buzzskito-mosquito-20","true","buzzskito-mosquito-20","true","search","","summit mosquito bits","Check Bits price","11","2384","48","false","BuyLink"
"/blog/mosquito-dunks-canada-guide","mosquito","buzzskito-mosquito-20","true","buzzskito-mosquito-20","true","search","","hardware cloth 1/4 inch mesh","Check hardware cloth on Amazon.ca &rarr;","12","2986","60","false","BuyLink"
"/blog/mosquito-dunks-canada-guide","mosquito","buzzskito-mosquito-20","true","buzzskito-mosquito-20","true","search","","summit mosquito dunks","Check Mosquito Dunks price","13","3145","63","false","BuyLink"
"/blog/mosquito-dunks-canada-guide","mosquito","buzzskito-mosquito-20","true","buzzskito-mosquito-20","true","search","","rain barrel mesh screen cover","Check rain barrel screens on Amazon.ca &rarr;","14","3566","72","false","BuyLink"
"/blog/mosquito-dunks-canada-guide","mosquito","buzzskito-mosquito-20","true","buzzskito-mosquito-20","true","search","","summit mosquito bits","Check Bits for fungus gnats","15","3965","80","false","BuyLink"
"/blog/mosquito-dunks-canada-guide","mosquito","buzzskito-mosquito-20","true","buzzskito-mosquito-20","true","search","","summit mosquito dunks","Check Dunks price","16","3970","80","false","BuyLink"
"/blog/mosquito-dunks-canada-guide","mosquito","buzzskito-mosquito-20","true","buzzskito-mosquito-20","true","search","","yellow sticky traps houseplants","Check yellow sticky cards on Amazon.ca &rarr;","17","4050","81","false","BuyLink"
"/blog/mosquito-dunks-canada-guide","mosquito","buzzskito-mosquito-20","true","buzzskito-mosquito-20","true","search","","gutter guard leaf mesh","Check gutter guards on Amazon.ca &rarr;","18","4728","95","false","BuyLink"
"/blog/mosquito-facts","mosquito","buzzskito-mosquito-20","true","buzzskito-mosquito-20","true","search","","summit mosquito dunks","Summit Mosquito Dunks (Bti larvicide)","1","943","87","false","TopPick"
"/blog/mosquito-facts","mosquito","buzzskito-mosquito-20","true","buzzskito-mosquito-20","true","search","","picaridin mosquito repellent spray","Check mosquito repellents on Amazon.ca →","2","974","90","false","BuyLink"
"/blog/mosquito-facts","mosquito","buzzskito-mosquito-20","true","buzzskito-mosquito-20","true","search","","picaridin mosquito repellent spray","Picaridin (Icaridin) Mosquito Repellent Spray","3","979","90","false","TopPick"
"/blog/mosquito-facts","mosquito","buzzskito-mosquito-20","true","buzzskito-mosquito-20","true","search","","summit mosquito dunks","Summit Mosquito Dunks (Bti larvicide)","4","1082","100","sticky","StickyBuyBar"
"/blog/mosquito-fogger-canada","mosquito","buzzskito-mosquito-20","true","buzzskito-mosquito-20","true","search","","black flag propane fogger","Black Flag Propane Mosquito Fogger","1","99","3","sticky","StickyBuyBar"
"/blog/mosquito-fogger-canada","mosquito","buzzskito-mosquito-20","true","buzzskito-mosquito-20","true","search","","black flag propane fogger","Black Flag","2","124","4","true","AmazonLink"
"/blog/mosquito-fogger-canada","mosquito","buzzskito-mosquito-20","true","buzzskito-mosquito-20","true","search","","black flag propane fogger","Check price on Amazon.ca →","3","339","12","true","BuyLink"
"/blog/mosquito-fogger-canada","mosquito","buzzskito-mosquito-20","true","buzzskito-mosquito-20","true","search","","propane mosquito fogger","Check fogger prices on Amazon.ca →","4","727","25","false","BuyLink"
"/blog/mosquito-fogger-canada","mosquito","buzzskito-mosquito-20","true","buzzskito-mosquito-20","true","search","","black flag fogging insecticide","Fogging liquid →","5","732","25","false","BuyLink"
"/blog/mosquito-fogger-canada","mosquito","buzzskito-mosquito-20","true","buzzskito-mosquito-20","true","search","","black flag propane fogger","Check price on Amazon.ca →","6","1003","35","false","BuyLink"
"/blog/mosquito-fogger-canada","mosquito","buzzskito-mosquito-20","true","buzzskito-mosquito-20","true","search","","repel propane insect fogger","Check price on Amazon.ca →","7","1015","35","false","BuyLink"
"/blog/mosquito-fogger-canada","mosquito","buzzskito-mosquito-20","true","buzzskito-mosquito-20","true","search","","burgess propane insect fogger","Check price on Amazon.ca →","8","1028","36","false","BuyLink"
"/blog/mosquito-fogger-canada","mosquito","buzzskito-mosquito-20","true","buzzskito-mosquito-20","true","search","","electric ulv cold fogger","Check price on Amazon.ca →","9","1041","36","false","BuyLink"
"/blog/mosquito-fogger-canada","mosquito","buzzskito-mosquito-20","true","buzzskito-mosquito-20","true","search","","black flag fogging insecticide","Check fogging liquid listings →","10","1100","38","false","BuyLink"
"/blog/mosquito-fogger-canada","mosquito","buzzskito-mosquito-20","true","buzzskito-mosquito-20","true","search","","mosquito fogger insecticide liquid","Fogging insecticide liquid →","11","1599","56","false","BuyLink"
"/blog/mosquito-fogger-canada","mosquito","buzzskito-mosquito-20","true","buzzskito-mosquito-20","true","search","","black flag fogger fuel","Black Flag fogger fuel →","12","1602","56","false","BuyLink"
"/blog/mosquito-hawk-explained","mosquito","buzzskito-mosquito-20","true","buzzskito-mosquito-20","true","search","","indoor flying insect killer spray","Check indoor flying-insect spray on Amazon.ca →","1","3006","70","false","BuyLink"
"/blog/mosquito-hawk-explained","mosquito","buzzskito-mosquito-20","true","buzzskito-mosquito-20","true","search","","beneficial nematodes heterorhabditis bacteriophora","Beneficial nematodes on Amazon.ca →","2","3497","82","false","BuyLink"
"/blog/mosquito-hawk-explained","mosquito","buzzskito-mosquito-20","true","buzzskito-mosquito-20","true","search","","beneficial nematodes heterorhabditis bacteriophora lawn","Beneficial nematodes on Amazon &rarr;","3","3833","90","false","BuyLink"
"/blog/mosquito-larvae-identification","mosquito","buzzskito-mosquito-20","true","buzzskito-mosquito-20","true","search","","summit mosquito dunks","Check price on Amazon.ca &rarr;","1","408","8","true","BuyLink"
"/blog/mosquito-larvae-identification","mosquito","buzzskito-mosquito-20","true","buzzskito-mosquito-20","true","search","","rain barrel mesh screen","Check price on Amazon.ca &rarr;","2","472","10","true","BuyLink"
"/blog/mosquito-larvae-identification","mosquito","buzzskito-mosquito-20","true","buzzskito-mosquito-20","true","search","","summit mosquito dunks","Mosquito Dunks on Amazon.ca &rarr;","3","604","12","false","BuyLink"
"/blog/mosquito-larvae-identification","mosquito","buzzskito-mosquito-20","true","buzzskito-mosquito-20","true","search","","summit mosquito bits","Mosquito Bits on Amazon.ca &rarr;","4","608","12","false","BuyLink"
"/blog/mosquito-larvae-identification","mosquito","buzzskito-mosquito-20","true","buzzskito-mosquito-20","true","dp_asin","B005UTKT0W","summit mosquito dunks","Summit BTI Mosquito Dunks","5","618","13","false","TopPick"
"/blog/mosquito-larvae-identification","mosquito","buzzskito-mosquito-20","true","buzzskito-mosquito-20","true","search","","rain barrel mesh screen","check rain-barrel mesh screens on Amazon.ca &rarr;","6","2945","60","false","BuyLink"
"/blog/mosquito-larvae-identification","mosquito","buzzskito-mosquito-20","true","buzzskito-mosquito-20","true","search","","mosquito larvicide growth regulator briquets","check IGR larvicide briquets on Amazon.ca &rarr;","7","3268","67","false","BuyLink"
"/blog/mosquito-larvae-identification","mosquito","buzzskito-mosquito-20","true","buzzskito-mosquito-20","true","search","","mosquito larvicide surface film","check surface-film larvicides on Amazon.ca &rarr;","8","3546","73","false","BuyLink"
"/blog/mosquito-larvae-identification","mosquito","buzzskito-mosquito-20","true","buzzskito-mosquito-20","true","search","","solar pond fountain pump aerator","check solar fountain and pond aerators on Amazon.ca &rarr;","9","3853","79","false","BuyLink"
"/blog/mosquito-larvae-identification","mosquito","buzzskito-mosquito-20","true","buzzskito-mosquito-20","true","search","","handheld lighted magnifier loupe","check lighted hand magnifiers on Amazon.ca &rarr;","10","4184","86","false","BuyLink"
"/blog/mosquito-larvae-identification","mosquito","buzzskito-mosquito-20","true","buzzskito-mosquito-20","true","search","","summit mosquito dunks","Summit Mosquito Dunks (BTI)","11","4880","100","sticky","StickyBuyBar"
"/blog/mosquito-magnet-canada","mosquito","buzzskito-mosquito-20","true","buzzskito-mosquito-20","true","dp_asin","B07QJY2NL1","mosquito magnet patriot plus","Mosquito Magnet Patriot Plus (propane CO₂ trap)","1","71","1","sticky","StickyBuyBar"
"/blog/mosquito-magnet-canada","mosquito","buzzskito-mosquito-20","true","buzzskito-mosquito-20","true","search","","mosquito magnet patriot plus","Mosquito Magnet Patriot Plus","2","82","1","true","AmazonLink"
"/blog/mosquito-magnet-canada","mosquito","buzzskito-mosquito-20","true","buzzskito-mosquito-20","true","search","","mosquito magnet patriot plus","Check price on Amazon.ca →","3","236","4","true","BuyLink"
"/blog/mosquito-magnet-canada","mosquito","buzzskito-mosquito-20","true","buzzskito-mosquito-20","true","search","","mosquito magnet patriot plus","Check price on Amazon.ca","4","318","5","true","BuyLink"
"/blog/mosquito-magnet-canada","mosquito","buzzskito-mosquito-20","true","buzzskito-mosquito-20","true","search","","mosquito magnet patriot plus","Check Mosquito Magnet price on Amazon.ca →","5","994","16","false","BuyLink"
"/blog/mosquito-magnet-canada","mosquito","buzzskito-mosquito-20","true","buzzskito-mosquito-20","true","search","","mosquito magnet executive","Executive model →","6","1000","17","false","BuyLink"
"/blog/mosquito-magnet-canada","mosquito","buzzskito-mosquito-20","true","buzzskito-mosquito-20","true","search","","mosquito magnet patriot plus","Patriot Plus →","7","1002","17","false","BuyLink"
"/blog/mosquito-magnet-canada","mosquito","buzzskito-mosquito-20","true","buzzskito-mosquito-20","true","search","","mosquito magnet lurex3 attractant","Attractant refills →","8","1004","17","false","BuyLink"
"/blog/mosquito-magnet-canada","mosquito","buzzskito-mosquito-20","true","buzzskito-mosquito-20","true","search","","mosquito magnet octenol attractant","Octenol attractant refills →","9","1228","20","false","BuyLink"
"/blog/mosquito-magnet-canada","mosquito","buzzskito-mosquito-20","true","buzzskito-mosquito-20","true","search","","mosquito magnet replacement net","Replacement nets →","10","1231","20","false","BuyLink"
"/blog/mosquito-magnet-canada","mosquito","buzzskito-mosquito-20","true","buzzskito-mosquito-20","true","search","","mosquito dunks bti","Check BTI dunks on Amazon.ca &rarr;","11","1749","29","false","BuyLink"
"/blog/mosquito-magnet-canada","mosquito","buzzskito-mosquito-20","true","buzzskito-mosquito-20","true","search","","picaridin insect repellent","Check DEET and picaridin repellents on Amazon.ca &rarr;","12","3319","55","false","BuyLink"
"/blog/mosquito-magnet-canada","mosquito","buzzskito-mosquito-20","true","buzzskito-mosquito-20","true","search","","outdoor oscillating pedestal fan","Check outdoor patio fans on Amazon.ca &rarr;","13","3616","60","false","BuyLink"
"/blog/mosquito-magnet-canada","mosquito","buzzskito-mosquito-20","true","buzzskito-mosquito-20","true","search","","magnetic screen door","Check magnetic screen doors on Amazon.ca &rarr;","14","4125","68","false","BuyLink"
"/blog/mosquito-magnet-vs-dynatrap-canada","mosquito","buzzskito-mosquito-20","true","buzzskito-mosquito-20","true","search","","mosquito magnet patriot plus","Mosquito Magnet (propane CO₂ trap)","1","84","3","sticky","StickyBuyBar"
"/blog/mosquito-magnet-vs-dynatrap-canada","mosquito","buzzskito-mosquito-20","true","buzzskito-mosquito-20","true","search","","mosquito magnet patriot plus","Check price on Amazon.ca →","2","437","18","true","BuyLink"
"/blog/mosquito-magnet-vs-dynatrap-canada","mosquito","buzzskito-mosquito-20","true","buzzskito-mosquito-20","true","search","","dynatrap dt2000xl","Check price on Amazon.ca →","3","441","18","true","BuyLink"
"/blog/mosquito-magnet-vs-dynatrap-canada","mosquito","buzzskito-mosquito-20","true","buzzskito-mosquito-20","true","search","","mosquito magnet patriot plus","Mosquito Magnet on Amazon.ca →","4","846","35","false","BuyLink"
"/blog/mosquito-magnet-vs-dynatrap-canada","mosquito","buzzskito-mosquito-20","true","buzzskito-mosquito-20","true","search","","dynatrap dt2000xl","DynaTrap DT2000XL →","5","850","35","false","BuyLink"
"/blog/mosquito-magnet-vs-dynatrap-canada","mosquito","buzzskito-mosquito-20","true","buzzskito-mosquito-20","true","search","","mosquito magnet octenol attractant","Check Mosquito Magnet attractant refills on Amazon.ca &rarr;","6","1112","45","false","BuyLink"
"/blog/mosquito-magnet-vs-dynatrap-canada","mosquito","buzzskito-mosquito-20","true","buzzskito-mosquito-20","true","search","","dynatrap replacement uv bulb","Check DynaTrap replacement bulbs on Amazon.ca &rarr;","7","1378","56","false","BuyLink"
"/blog/mosquito-magnet-vs-dynatrap-canada","mosquito","buzzskito-mosquito-20","true","buzzskito-mosquito-20","true","search","","tick yard spray","Check tick yard treatments on Amazon.ca &rarr;","8","2044","84","false","BuyLink"
"/blog/mosquito-magnet-vs-dynatrap-canada","mosquito","buzzskito-mosquito-20","true","buzzskito-mosquito-20","true","search","","thermacell mosquito repeller","Check Thermacell repellers on Amazon.ca &rarr;","9","2382","97","false","BuyLink"
"/blog/mosquito-magnet-vs-professional-spray","mosquito","buzzskito-mosquito-20","true","buzzskito-mosquito-20","true","search","","mosquito magnet patriot plus","Mosquito Magnet Patriot Plus (propane CO₂ trap)","1","58","7","sticky","StickyBuyBar"
"/blog/mosquito-magnet-vs-professional-spray","mosquito","buzzskito-mosquito-20","true","buzzskito-mosquito-20","true","search","","mosquito magnet patriot plus","Mosquito Magnet Patriot Plus →","2","293","34","true","BuyLink"
"/blog/mosquito-magnet-vs-professional-spray","mosquito","buzzskito-mosquito-20","true","buzzskito-mosquito-20","true","search","","dynatrap dt2030 1 acre","DynaTrap DT2030 →","3","297","34","true","BuyLink"
"/blog/mosquito-magnet-vs-professional-spray","mosquito","buzzskito-mosquito-20","true","buzzskito-mosquito-20","true","search","","thermacell e90 rechargeable","Thermacell E90 →","4","299","35","true","BuyLink"
"/blog/mosquito-mistakes-ontario-homeowners-make","mosquito","buzzskito-mosquito-20","true","buzzskito-mosquito-20","true","search","","thermacell e90 rechargeable","Thermacell E90 Rechargeable Mosquito Repeller","1","339","538","true","TopPick"
"/blog/mosquito-mistakes-ontario-homeowners-make","mosquito","buzzskito-mosquito-20","true","buzzskito-mosquito-20","true","search","","summit mosquito dunks","Check Summit BTI mosquito dunks on Amazon.ca →","2","397","630","true","BuyLink"
"/blog/mosquito-mistakes-ontario-homeowners-make","mosquito","buzzskito-mosquito-20","true","buzzskito-mosquito-20","true","search","","thermacell e90 rechargeable","Thermacell E90 Mosquito Repeller","3","63","100","sticky","StickyBuyBar"
"/blog/mosquito-net","mosquito","buzzskito-mosquito-20","true","buzzskito-mosquito-20","true","search","","mosquito head net hat","Mosquito Head Net (worn over a brim hat)","1","75","4","sticky","StickyBuyBar"
"/blog/mosquito-net","mosquito","buzzskito-mosquito-20","true","buzzskito-mosquito-20","true","search","","mosquito head net hat","Mosquito Head Net (worn over a brim hat)","2","242","13","true","TopPick"
"/blog/mosquito-net","mosquito","buzzskito-mosquito-20","true","buzzskito-mosquito-20","true","search","","mosquito net bed canopy","Check price on Amazon.ca &rarr;","3","326","18","true","BuyLink"
"/blog/mosquito-net","mosquito","buzzskito-mosquito-20","true","buzzskito-mosquito-20","true","search","","pop up mosquito net bed self standing","Check price on Amazon.ca &rarr;","4","339","19","true","BuyLink"
"/blog/mosquito-net","mosquito","buzzskito-mosquito-20","true","buzzskito-mosquito-20","true","search","","crib mosquito net dome","Check price on Amazon.ca &rarr;","5","349","19","true","BuyLink"
"/blog/mosquito-net","mosquito","buzzskito-mosquito-20","true","buzzskito-mosquito-20","true","search","","mosquito head net hat","Check price on Amazon.ca &rarr;","6","364","20","true","BuyLink"
"/blog/mosquito-net","mosquito","buzzskito-mosquito-20","true","buzzskito-mosquito-20","true","search","","hammock mosquito net full length","Check price on Amazon.ca &rarr;","7","374","21","true","BuyLink"
"/blog/mosquito-net","mosquito","buzzskito-mosquito-20","true","buzzskito-mosquito-20","true","search","","stroller mosquito net universal","Check price on Amazon.ca &rarr;","8","384","21","true","BuyLink"
"/blog/mosquito-net","mosquito","buzzskito-mosquito-20","true","buzzskito-mosquito-20","true","search","","pop up screen house gazebo mesh","Check price on Amazon.ca &rarr;","9","397","22","true","BuyLink"
"/blog/mosquito-net","mosquito","buzzskito-mosquito-20","true","buzzskito-mosquito-20","true","search","","mosquito net bed canopy","Bed canopy &rarr;","10","441","24","true","BuyLink"
"/blog/mosquito-net","mosquito","buzzskito-mosquito-20","true","buzzskito-mosquito-20","true","search","","mosquito head net hat","Head net &rarr;","11","443","24","true","BuyLink"
"/blog/mosquito-net","mosquito","buzzskito-mosquito-20","true","buzzskito-mosquito-20","true","search","","hammock mosquito net","Hammock net &rarr;","12","445","25","true","BuyLink"
"/blog/mosquito-netting-vs-barrier-spray","mosquito","buzzskito-mosquito-20","true","buzzskito-mosquito-20","true","search","","outdoor canopy mosquito net","Check outdoor canopy nets on Amazon.ca &rarr;","1","417","42","true","BuyLink"
"/blog/mosquito-netting-vs-barrier-spray","mosquito","buzzskito-mosquito-20","true","buzzskito-mosquito-20","true","search","","patio mosquito netting curtains","Browse patio netting curtains on Amazon.ca &rarr;","2","457","46","true","BuyLink"
"/blog/mosquito-netting-vs-barrier-spray","mosquito","buzzskito-mosquito-20","true","buzzskito-mosquito-20","true","search","","pop up screen house gazebo","Freestanding pop-up screen house (screened gazebo)","3","510","51","true","TopPick"
"/blog/mosquito-netting-vs-barrier-spray","mosquito","buzzskito-mosquito-20","true","buzzskito-mosquito-20","true","search","","pop up screen house gazebo","Freestanding pop-up screen house","4","1004","100","sticky","StickyBuyBar"
"/blog/mosquito-repellent-bracelets-canada","mosquito","buzzskito-mosquito-20","true","buzzskito-mosquito-20","true","search","","parakito mosquito bracelet","PARA'KITO refillable repellent band","1","72","4","sticky","StickyBuyBar"
"/blog/mosquito-repellent-bracelets-canada","mosquito","buzzskito-mosquito-20","true","buzzskito-mosquito-20","true","search","","parakito mosquito bracelet","Check refillable band price on Amazon.ca →","2","448","27","true","BuyLink"
"/blog/mosquito-repellent-bracelets-canada","mosquito","buzzskito-mosquito-20","true","buzzskito-mosquito-20","true","search","","citronella mosquito bracelet","Citronella band multipacks →","3","454","28","true","BuyLink"
"/blog/mosquito-repellent-bracelets-canada","mosquito","buzzskito-mosquito-20","true","buzzskito-mosquito-20","true","search","","parakito mosquito band","Check price on Amazon.ca →","4","535","32","true","BuyLink"
"/blog/mosquito-repellent-bracelets-canada","mosquito","buzzskito-mosquito-20","true","buzzskito-mosquito-20","true","search","","citronella mosquito bracelet 10 pack","Check price on Amazon.ca →","5","546","33","true","BuyLink"
"/blog/mosquito-repellent-bracelets-canada","mosquito","buzzskito-mosquito-20","true","buzzskito-mosquito-20","true","search","","mosquito guard repellent bracelet","Check price on Amazon.ca →","6","557","34","true","BuyLink"
"/blog/mosquito-repellent-bracelets-canada","mosquito","buzzskito-mosquito-20","true","buzzskito-mosquito-20","true","search","","invisaband citronella bracelet","Check price on Amazon.ca →","7","568","34","true","BuyLink"
"/blog/mosquito-repellent-bracelets-canada","mosquito","buzzskito-mosquito-20","true","buzzskito-mosquito-20","true","search","","parakito refill pellets","Check refill pellet price →","8","595","36","true","BuyLink"
"/blog/mosquito-repellent-bracelets-canada","mosquito","buzzskito-mosquito-20","true","buzzskito-mosquito-20","true","search","","thermacell mosquito repeller","Check patio repellers on Amazon.ca &rarr;","9","1225","74","false","BuyLink"
"/blog/mosquito-repellent-bracelets-canada","mosquito","buzzskito-mosquito-20","true","buzzskito-mosquito-20","true","search","","icaridin insect repellent","Check icaridin (picaridin) repellents on Amazon.ca &rarr;","10","1420","86","false","BuyLink"
"/blog/mosquito-repellent-bracelets-canada","mosquito","buzzskito-mosquito-20","true","buzzskito-mosquito-20","true","search","","permethrin clothing spray","Check permethrin clothing and gear treatments on Amazon.ca &rarr;","11","1611","98","false","BuyLink"
"/blog/mosquito-repellent-for-dogs","mosquito","buzzskito-mosquito-20","true","buzzskito-mosquito-20","true","search","","k9 advantix ii dogs","K9 Advantix II (dog-labelled mosquito + tick spot-on)","1","86","5","sticky","StickyBuyBar"
"/blog/mosquito-repellent-for-dogs","mosquito","buzzskito-mosquito-20","true","buzzskito-mosquito-20","true","search","","k9 advantix ii dogs","Check price on Amazon.ca →","2","381","24","true","BuyLink"
"/blog/mosquito-repellent-for-dogs","mosquito","buzzskito-mosquito-20","true","buzzskito-mosquito-20","true","search","","vectra 3d dog","Check price on Amazon.ca →","3","395","25","true","BuyLink"
"/blog/mosquito-repellent-for-dogs","mosquito","buzzskito-mosquito-20","true","buzzskito-mosquito-20","true","search","","wondercide flea tick mosquito spray","Check price on Amazon.ca →","4","406","26","true","BuyLink"
"/blog/mosquito-repellent-for-dogs","mosquito","buzzskito-mosquito-20","true","buzzskito-mosquito-20","true","search","","vets best flea tick dog spray","Check price on Amazon.ca →","5","418","26","true","BuyLink"
"/blog/mosquito-repellent-for-dogs","mosquito","buzzskito-mosquito-20","true","buzzskito-mosquito-20","true","search","","cedarcide dog spray","Check price on Amazon.ca →","6","431","27","true","BuyLink"
"/blog/mosquito-repellent-for-dogs","mosquito","buzzskito-mosquito-20","true","buzzskito-mosquito-20","true","search","","k9 advantix ii dogs","K9 Advantix II price →","7","544","34","true","BuyLink"
"/blog/mosquito-repellent-for-dogs","mosquito","buzzskito-mosquito-20","true","buzzskito-mosquito-20","true","search","","wondercide flea tick mosquito dog","Wondercide spray →","8","547","35","true","BuyLink"
"/blog/mosquito-repellent-for-dogs","mosquito","buzzskito-mosquito-20","true","buzzskito-mosquito-20","true","search","","k9 advantix ii dogs","Check price on Amazon.ca →","9","1193","75","false","BuyLink"
"/blog/mosquito-repellent-for-dogs","mosquito","buzzskito-mosquito-20","true","buzzskito-mosquito-20","true","search","","wondercide flea tick mosquito spray","Check price on Amazon.ca →","10","1206","76","false","BuyLink"
"/blog/mosquito-repellent-for-dogs","mosquito","buzzskito-mosquito-20","true","buzzskito-mosquito-20","true","search","","vets best flea tick dog spray","Check price on Amazon.ca →","11","1221","77","false","BuyLink"
"/blog/mosquito-repellent-for-dogs","mosquito","buzzskito-mosquito-20","true","buzzskito-mosquito-20","true","search","","wondercide flea tick mosquito dog","Compare natural spray prices →","12","1264","80","false","BuyLink"
"/blog/mosquito-repellent-guide-ontario-2026","mosquito","buzzskito-mosquito-20","true","buzzskito-mosquito-20","true","dp_asin","B0BYFF3S3V","natrapel picaridin insect repellent","Natrapel 20% Picaridin Insect Repellent","1","58","2","sticky","StickyBuyBar"
"/blog/mosquito-repellent-guide-ontario-2026","mosquito","buzzskito-mosquito-20","true","buzzskito-mosquito-20","true","search","","natrapel picaridin insect repellent","Picaridin repellent on Amazon.ca →","2","276","12","true","BuyLink"
"/blog/mosquito-repellent-guide-ontario-2026","mosquito","buzzskito-mosquito-20","true","buzzskito-mosquito-20","true","search","","thermacell patio shield mosquito repeller","Thermacell patio repeller →","3","280","12","true","BuyLink"
"/blog/mosquito-repellent-guide-ontario-2026","mosquito","buzzskito-mosquito-20","true","buzzskito-mosquito-20","true","search","","natrapel picaridin insect repellent","Check price on Amazon.ca →","4","511","22","true","BuyLink"
"/blog/mosquito-repellent-guide-ontario-2026","mosquito","buzzskito-mosquito-20","true","buzzskito-mosquito-20","true","search","","off deep woods insect repellent","Check price on Amazon.ca →","5","534","23","true","BuyLink"
"/blog/mosquito-repellent-guide-ontario-2026","mosquito","buzzskito-mosquito-20","true","buzzskito-mosquito-20","true","search","","thermacell patio shield mosquito repeller","Check price on Amazon.ca →","6","556","24","true","BuyLink"
"/blog/mosquito-repellent-guide-ontario-2026","mosquito","buzzskito-mosquito-20","true","buzzskito-mosquito-20","true","search","","repel lemon eucalyptus insect repellent","Check price on Amazon.ca →","7","586","25","true","BuyLink"
"/blog/mosquito-repellent-guide-ontario-2026","mosquito","buzzskito-mosquito-20","true","buzzskito-mosquito-20","true","search","","cutter backyard mosquito fogger","Check price on Amazon.ca →","8","624","27","false","BuyLink"
"/blog/mosquito-repellent-guide-ontario-2026","mosquito","buzzskito-mosquito-20","true","buzzskito-mosquito-20","true","search","","mosquito repellent bracelet","Check price on Amazon.ca →","9","656","28","false","BuyLink"
"/blog/mosquito-repellent-guide-ontario-2026","mosquito","buzzskito-mosquito-20","true","buzzskito-mosquito-20","true","search","","insect repellent treated clothing","Check insect-repellent clothing on Amazon.ca &rarr;","10","996","43","false","BuyLink"
"/blog/mosquito-repellent-guide-ontario-2026","mosquito","buzzskito-mosquito-20","true","buzzskito-mosquito-20","true","search","","stroller mosquito net","Check stroller &amp; crib mosquito nets on Amazon.ca &rarr;","11","1801","77","false","BuyLink"
"/blog/mosquito-repellent-guide-ontario-2026","mosquito","buzzskito-mosquito-20","true","buzzskito-mosquito-20","true","search","","summit mosquito dunks bti","Check Bti mosquito dunks on Amazon.ca &rarr;","12","2231","95","false","BuyLink"
"/blog/mosquito-repellent-plants-ontario","mosquito","buzzskito-mosquito-20","true","buzzskito-mosquito-20","true","search","","marigold seeds","check marigold seeds on Amazon.ca &rarr;","1","461","31","true","BuyLink"
"/blog/mosquito-repellent-plants-ontario","mosquito","buzzskito-mosquito-20","true","buzzskito-mosquito-20","true","search","","large outdoor planter pots","check patio planters on Amazon.ca &rarr;","2","631","43","false","BuyLink"
"/blog/mosquito-repellent-plants-ontario","mosquito","buzzskito-mosquito-20","true","buzzskito-mosquito-20","true","search","","citronella plant","Check price on Amazon.ca &rarr;","3","946","64","false","BuyLink"
"/blog/mosquito-repellent-plants-ontario","mosquito","buzzskito-mosquito-20","true","buzzskito-mosquito-20","true","search","","thermacell mosquito repeller","Check price on Amazon.ca &rarr;","4","1139","77","false","BuyLink"
"/blog/mosquito-repellent-plants-ontario","mosquito","buzzskito-mosquito-20","true","buzzskito-mosquito-20","true","search","","thermacell mosquito repeller","Thermacell Mosquito Repeller","5","1143","77","false","TopPick"
"/blog/mosquito-repellent-plants-ontario","mosquito","buzzskito-mosquito-20","true","buzzskito-mosquito-20","true","search","","mosquito dunks bti","check mosquito dunks on Amazon.ca &rarr;","6","1416","96","false","BuyLink"
"/blog/mosquito-repellent-plants-ontario","mosquito","buzzskito-mosquito-20","true","buzzskito-mosquito-20","true","search","","thermacell mosquito repeller","Thermacell Mosquito Repeller","7","1482","100","sticky","StickyBuyBar"
"/blog/mosquito-repellent-stickers-patches-canada","mosquito","buzzskito-mosquito-20","true","buzzskito-mosquito-20","true","search","","buzzpatch natpat mosquito stickers","BuzzPatch / NATPAT DEET-free kids' repellent stickers","1","74","5","sticky","StickyBuyBar"
"/blog/mosquito-repellent-stickers-patches-canada","mosquito","buzzskito-mosquito-20","true","buzzskito-mosquito-20","true","search","","buzzpatch mosquito repellent stickers kids","Check kids&rsquo; sticker price on Amazon.ca →","2","435","29","true","BuyLink"
"/blog/mosquito-repellent-stickers-patches-canada","mosquito","buzzskito-mosquito-20","true","buzzskito-mosquito-20","true","search","","citronella mosquito repellent patches","Citronella patch multipacks →","3","441","30","true","BuyLink"
"/blog/mosquito-repellent-stickers-patches-canada","mosquito","buzzskito-mosquito-20","true","buzzskito-mosquito-20","true","search","","buzzpatch natpat mosquito stickers","Check price on Amazon.ca →","4","520","35","true","BuyLink"
"/blog/mosquito-repellent-stickers-patches-canada","mosquito","buzzskito-mosquito-20","true","buzzskito-mosquito-20","true","search","","cliganic mosquito repellent patches","Check price on Amazon.ca →","5","531","36","true","BuyLink"
"/blog/mosquito-repellent-stickers-patches-canada","mosquito","buzzskito-mosquito-20","true","buzzskito-mosquito-20","true","search","","citronella mosquito patches bulk","Check price on Amazon.ca →","6","543","36","true","BuyLink"
"/blog/mosquito-repellent-stickers-patches-canada","mosquito","buzzskito-mosquito-20","true","buzzskito-mosquito-20","true","search","","parakito mosquito refill clip","Check price on Amazon.ca →","7","563","38","true","BuyLink"
"/blog/mosquito-repellent-stickers-patches-canada","mosquito","buzzskito-mosquito-20","true","buzzskito-mosquito-20","true","search","","parakito refillable mosquito band","Check refillable band price →","8","592","40","true","BuyLink"
"/blog/mosquito-screened-porch-kit-canada","mosquito","buzzskito-mosquito-20","true","buzzskito-mosquito-20","false","search","","outdoor porch screen curtain kit with track hardware","Outdoor porch screen curtain kit with track hardware","1","86","3","sticky","StickyBuyBar"
"/blog/mosquito-screened-porch-kit-canada","mosquito","buzzskito-mosquito-20","true","buzzskito-mosquito-20","false","search","","search","Check on Amazon.ca &rarr;","2","433","17","true","BuyLink"
"/blog/mosquito-screened-porch-kit-canada","mosquito","buzzskito-mosquito-20","true","buzzskito-mosquito-20","false","search","","zip track outdoor screen panel side channel","Check zip-track panels &rarr;","3","1161","46","false","BuyLink"
"/blog/mosquito-screened-porch-kit-canada","mosquito","buzzskito-mosquito-20","true","buzzskito-mosquito-20","false","search","","outdoor curtain hem weights and grommet kit","Check hem weights &amp; grommets &rarr;","4","1164","46","false","BuyLink"
"/blog/mosquito-screened-porch-kit-canada","mosquito","buzzskito-mosquito-20","true","buzzskito-mosquito-20","false","search","","no see um mesh by the roll","Check no-see-um mesh &rarr;","5","1387","55","false","BuyLink"
"/blog/mosquito-screened-porch-kit-canada","mosquito","buzzskito-mosquito-20","true","buzzskito-mosquito-20","false","search","","fiberglass insect screen roll charcoal","Check fibreglass screen rolls &rarr;","6","1390","55","false","BuyLink"
"/blog/mosquito-screened-porch-kit-canada","mosquito","buzzskito-mosquito-20","true","buzzskito-mosquito-20","false","search","","vinyl coated polyester mesh porch screen panel","Check vinyl-coated mesh &rarr;","7","1394","56","false","BuyLink"
"/blog/mosquito-screened-porch-kit-canada","mosquito","buzzskito-mosquito-20","true","buzzskito-mosquito-20","false","search","","magnetic screen door panel for porch","Check magnetic door panels &rarr;","8","1783","71","false","BuyLink"
"/blog/mosquito-screened-porch-kit-canada","mosquito","buzzskito-mosquito-20","true","buzzskito-mosquito-20","false","search","","zippered screen door panel for patio","Check zippered door panels &rarr;","9","1787","71","false","BuyLink"
"/blog/mosquito-screens-patio-canada","mosquito","buzzskito-mosquito-20","true","buzzskito-mosquito-20","true","search","","pop up screen house gazebo","Pop-Up Screen House (screened gazebo)","1","74","4","sticky","StickyBuyBar"
"/blog/mosquito-screens-patio-canada","mosquito","buzzskito-mosquito-20","true","buzzskito-mosquito-20","true","search","","pop up screen house gazebo","Check price on Amazon.ca &rarr;","2","371","22","true","BuyLink"
"/blog/mosquito-screens-patio-canada","mosquito","buzzskito-mosquito-20","true","buzzskito-mosquito-20","true","search","","screened gazebo hardtop","Check price on Amazon.ca &rarr;","3","381","22","true","BuyLink"
"/blog/mosquito-screens-patio-canada","mosquito","buzzskito-mosquito-20","true","buzzskito-mosquito-20","true","search","","magnetic screen door","Check price on Amazon.ca &rarr;","4","391","23","true","BuyLink"
"/blog/mosquito-screens-patio-canada","mosquito","buzzskito-mosquito-20","true","buzzskito-mosquito-20","true","search","","mosquito netting curtain patio","Check price on Amazon.ca &rarr;","5","402","23","true","BuyLink"
"/blog/mosquito-screens-patio-canada","mosquito","buzzskito-mosquito-20","true","buzzskito-mosquito-20","true","search","","magnetic window screen mesh","Check price on Amazon.ca &rarr;","6","414","24","true","BuyLink"
"/blog/mosquito-screens-patio-canada","mosquito","buzzskito-mosquito-20","true","buzzskito-mosquito-20","true","search","","pop up screen house gazebo","Check screen-house prices on Amazon.ca &rarr;","7","546","32","true","BuyLink"
"/blog/mosquito-screens-patio-canada","mosquito","buzzskito-mosquito-20","true","buzzskito-mosquito-20","true","search","","magnetic screen door","Magnetic screen doors &rarr;","8","551","32","true","BuyLink"
"/blog/mosquito-screens-patio-canada","mosquito","buzzskito-mosquito-20","true","buzzskito-mosquito-20","true","search","","gazebo replacement mosquito netting","Check gazebo replacement netting on Amazon.ca &rarr;","9","979","57","false","BuyLink"
"/blog/mosquito-season-gta-when-does-it-start","mosquito","buzzskito-mosquito-20","true","buzzskito-mosquito-20","true","search","","mosquito dunks bti rain barrel","Check price on Amazon.ca &rarr;","1","384","24","true","BuyLink"
"/blog/mosquito-season-gta-when-does-it-start","mosquito","buzzskito-mosquito-20","true","buzzskito-mosquito-20","true","search","","thermacell mosquito repeller","Check price on Amazon.ca &rarr;","2","442","28","true","BuyLink"
"/blog/mosquito-season-gta-when-does-it-start","mosquito","buzzskito-mosquito-20","true","buzzskito-mosquito-20","true","search","","thermacell mosquito repeller","Thermacell Mosquito Repeller","3","926","58","false","TopPick"
"/blog/mosquito-season-gta-when-does-it-start","mosquito","buzzskito-mosquito-20","true","buzzskito-mosquito-20","true","search","","thermacell mosquito repeller","Check Thermacell mosquito repeller prices on Amazon.ca →","4","926","58","false","BuyLink"
"/blog/mosquito-season-gta-when-does-it-start","mosquito","buzzskito-mosquito-20","true","buzzskito-mosquito-20","true","search","","outdoor oscillating pedestal fan","Check outdoor patio fans on Amazon.ca &rarr;","5","1046","66","false","BuyLink"
"/blog/mosquito-season-gta-when-does-it-start","mosquito","buzzskito-mosquito-20","true","buzzskito-mosquito-20","true","search","","screen house gazebo canopy","Check screen houses on Amazon.ca &rarr;","6","1234","77","false","BuyLink"
"/blog/mosquito-season-gta-when-does-it-start","mosquito","buzzskito-mosquito-20","true","buzzskito-mosquito-20","true","search","","mosquito bits bti granules","Check BTI mosquito bits on Amazon.ca &rarr;","7","1432","90","false","BuyLink"
"/blog/mosquito-season-gta-when-does-it-start","mosquito","buzzskito-mosquito-20","true","buzzskito-mosquito-20","true","search","","picaridin insect repellent","Check DEET and picaridin repellents on Amazon.ca &rarr;","8","1525","96","false","BuyLink"
"/blog/mosquito-season-gta-when-does-it-start","mosquito","buzzskito-mosquito-20","true","buzzskito-mosquito-20","true","search","","thermacell mosquito repeller","Thermacell Mosquito Repeller","9","1594","100","sticky","StickyBuyBar"
"/blog/mosquito-tick-control-hamilton-burlington","tick","buzzskito-tick-20","true","buzzskito-tick-20","true","search","","tick removal tool tweezers","Fine-Tipped Tick Removal Tool","1","242","25","true","TopPick"
"/blog/mosquito-tick-control-hamilton-burlington","tick","buzzskito-tick-20","true","buzzskito-tick-20","true","search","","icaridin insect repellent","Check price on Amazon.ca →","2","570","58","true","BuyLink"
"/blog/mosquito-tick-control-hamilton-burlington","tick","buzzskito-tick-20","true","buzzskito-tick-20","true","search","","insect shield permethrin treated clothing","Check price on Amazon.ca →","3","972","99","false","BuyLink"
"/blog/mosquito-tick-control-hamilton-burlington","tick","buzzskito-tick-20","true","buzzskito-tick-20","true","search","","tick repellent","See tick repellents on Amazon.ca →","4","976","99","false","BuyLink"
"/blog/mosquito-tick-control-hamilton-burlington","tick","buzzskito-tick-20","true","buzzskito-tick-20","true","search","","tick removal tool tweezers","Fine-Tipped Tick Removal Tool","5","981","100","sticky","StickyBuyBar"
"/blog/mosquito-trap-running-cost-canada","mosquito","buzzskito-mosquito-20","true","buzzskito-mosquito-20","false","search","","biogents bg mosquitaire co2 mosquito trap","Biogents BG-Mosquitaire CO2 lure trap","1","85","4","sticky","StickyBuyBar"
"/blog/mosquito-trap-running-cost-canada","mosquito","buzzskito-mosquito-20","true","buzzskito-mosquito-20","false","search","","biogents bg mosquitaire co2 mosquito trap","Check the BG-Mosquitaire on Amazon.ca &rarr;","2","533","22","true","BuyLink"
"/blog/mosquito-trap-running-cost-canada","mosquito","buzzskito-mosquito-20","true","buzzskito-mosquito-20","false","search","","mosquito magnet octenol attractant refill multipack","Season attractant multipack &rarr;","3","538","23","true","BuyLink"
"/blog/mosquito-trap-running-cost-canada","mosquito","buzzskito-mosquito-20","true","buzzskito-mosquito-20","false","search","","mosquito magnet patriot plus propane mosquito trap","Check the Patriot Plus &rarr;","4","940","39","false","BuyLink"
"/blog/mosquito-trap-running-cost-canada","mosquito","buzzskito-mosquito-20","true","buzzskito-mosquito-20","false","search","","20 lb propane tank","Second 20 lb cylinder &rarr;","5","944","39","false","BuyLink"
"/blog/mosquito-trap-running-cost-canada","mosquito","buzzskito-mosquito-20","true","buzzskito-mosquito-20","false","search","","propane tank level gauge","Tank level gauge &rarr;","6","947","40","false","BuyLink"
"/blog/mosquito-trap-running-cost-canada","mosquito","buzzskito-mosquito-20","true","buzzskito-mosquito-20","false","search","","biogents bg sweetscent lure refill","BG lure refills &rarr;","7","1158","48","false","BuyLink"
"/blog/mosquito-trap-running-cost-canada","mosquito","buzzskito-mosquito-20","true","buzzskito-mosquito-20","false","search","","outdoor extension cord weatherproof cord cover","Outdoor cord + cover &rarr;","8","1161","49","false","BuyLink"
"/blog/mosquito-trap-running-cost-canada","mosquito","buzzskito-mosquito-20","true","buzzskito-mosquito-20","false","search","","outdoor weatherproof timer plug","Weatherproof outdoor timer &rarr;","9","1164","49","false","BuyLink"
"/blog/mosquito-trap-running-cost-canada","mosquito","buzzskito-mosquito-20","true","buzzskito-mosquito-20","false","search","","search","Check price on Amazon.ca &rarr;","10","1365","57","false","BuyLink"
"/blog/mosquito-vs-diy-vs-professional-control","mosquito","buzzskito-mosquito-20","true","buzzskito-mosquito-20","true","search","","summit mosquito dunks","Check Summit Mosquito Dunks on Amazon.ca →","1","557","73","true","BuyLink"
"/blog/mosquito-vs-diy-vs-professional-control","mosquito","buzzskito-mosquito-20","true","buzzskito-mosquito-20","true","search","","thermacell e90 rechargeable","Check the Thermacell E90 on Amazon.ca →","2","608","80","false","BuyLink"
"/blog/motion-activated-sprinkler-canada","wildlife","buzzskito-wildlife-20","true","buzzskito-wildlife-20","true","dp_asin","B009F1R0GC","orbit yard enforcer motion activated sprinkler","Orbit Yard Enforcer motion-activated sprinkler","1","78","4","sticky","StickyBuyBar"
"/blog/motion-activated-sprinkler-canada","wildlife","buzzskito-wildlife-20","true","buzzskito-wildlife-20","true","search","","orbit yard enforcer motion activated sprinkler","Orbit Yard Enforcer","2","88","4","true","AmazonLink"
"/blog/motion-activated-sprinkler-canada","wildlife","buzzskito-wildlife-20","true","buzzskito-wildlife-20","true","search","","orbit yard enforcer motion activated sprinkler","Check price on Amazon.ca →","3","258","12","true","BuyLink"
"/blog/motion-activated-sprinkler-canada","wildlife","buzzskito-wildlife-20","true","buzzskito-wildlife-20","true","search","","orbit yard enforcer motion activated sprinkler","Orbit Yard Enforcer →","4","760","35","false","BuyLink"
"/blog/motion-activated-sprinkler-canada","wildlife","buzzskito-wildlife-20","true","buzzskito-wildlife-20","true","search","","orbit yard enforcer pro motion activated sprinkler","Yard Enforcer Pro →","5","763","36","false","BuyLink"
"/blog/motion-activated-sprinkler-canada","wildlife","buzzskito-wildlife-20","true","buzzskito-wildlife-20","true","search","","motion activated sprinkler animal repellent","Budget PIR sprinklers →","6","766","36","false","BuyLink"
"/blog/motion-activated-sprinkler-canada","wildlife","buzzskito-wildlife-20","true","buzzskito-wildlife-20","true","search","","orbit yard enforcer motion activated sprinkler","Check price on Amazon.ca →","7","810","38","false","BuyLink"
"/blog/motion-activated-sprinkler-canada","wildlife","buzzskito-wildlife-20","true","buzzskito-wildlife-20","true","search","","orbit yard enforcer pro motion activated sprinkler","Check price on Amazon.ca →","8","838","39","false","BuyLink"
"/blog/motion-activated-sprinkler-canada","wildlife","buzzskito-wildlife-20","true","buzzskito-wildlife-20","true","search","","motion activated sprinkler animal repellent","Check price on Amazon.ca →","9","871","41","false","BuyLink"
"/blog/mouse-bait-station-canada","rodent","buzzskito-rodent-20","true","buzzskito-rodent-20","true","search","","tomcat mouse killer disposable bait station","Tomcat Mouse Killer disposable bait station (bromethalin)","1","77","4","sticky","StickyBuyBar"
"/blog/mouse-bait-station-canada","rodent","buzzskito-rodent-20","true","buzzskito-rodent-20","true","search","","tomcat mouse killer disposable bait station","Check Tomcat disposable bait stations on Amazon.ca →","2","273","14","true","BuyLink"
"/blog/mouse-bait-station-canada","rodent","buzzskito-rodent-20","true","buzzskito-rodent-20","true","search","","tomcat mouse killer disposable bait station","Tomcat Mouse Killer Disposable Bait Station (bromethalin)","3","280","14","true","TopPick"
"/blog/mouse-bait-station-canada","rodent","buzzskito-rodent-20","true","buzzskito-rodent-20","true","search","","tomcat mouse killer disposable bait station","Tomcat disposable stations (multi-pack) →","4","782","39","false","BuyLink"
"/blog/mouse-bait-station-canada","rodent","buzzskito-rodent-20","true","buzzskito-rodent-20","true","search","","victor mouse trap 4 pack","Snap traps (multi-pack) &rarr;","5","1163","58","false","BuyLink"
"/blog/mouse-bait-station-canada","rodent","buzzskito-rodent-20","true","buzzskito-rodent-20","true","search","","electronic mouse trap","Electronic trap (no-touch) &rarr;","6","1166","58","false","BuyLink"
"/blog/mouse-bait-station-canada","rodent","buzzskito-rodent-20","true","buzzskito-rodent-20","true","search","","stainless steel wool rodent exclusion","Steel wool gap fill &rarr;","7","1797","90","false","BuyLink"
"/blog/mouse-proof-garage-door-seal-canada","rodent","buzzskito-rodent-20","true","buzzskito-rodent-20","false","search","","garage door threshold seal kit","Garage door threshold seal kit","1","88","3","sticky","StickyBuyBar"
"/blog/mouse-proof-garage-door-seal-canada","rodent","buzzskito-rodent-20","true","buzzskito-rodent-20","false","search","","garage door threshold seal kit","Check price on Amazon.ca &rarr;","2","505","19","true","BuyLink"
"/blog/mouse-proof-garage-door-seal-canada","rodent","buzzskito-rodent-20","true","buzzskito-rodent-20","false","search","","garage door bottom seal t end rubber","Check price on Amazon.ca &rarr;","3","530","20","true","BuyLink"
"/blog/mouse-proof-garage-door-seal-canada","rodent","buzzskito-rodent-20","true","buzzskito-rodent-20","false","search","","garage door corner seal inserts","Check price on Amazon.ca &rarr;","4","554","21","true","BuyLink"
"/blog/mouse-proof-garage-door-seal-canada","rodent","buzzskito-rodent-20","true","buzzskito-rodent-20","false","search","","garage door side jamb brush weather stripping","Check price on Amazon.ca &rarr;","5","578","22","true","BuyLink"
"/blog/mouse-proof-garage-door-seal-canada","rodent","buzzskito-rodent-20","true","buzzskito-rodent-20","false","search","","hardware cloth 1/4 inch galvanized","Check price on Amazon.ca &rarr;","6","600","23","true","BuyLink"
"/blog/mouse-proof-garage-door-seal-canada","rodent","buzzskito-rodent-20","true","buzzskito-rodent-20","false","search","","garage door threshold seal kit","Threshold seal kit &rarr;","7","1017","38","false","BuyLink"
"/blog/mouse-proof-garage-door-seal-canada","rodent","buzzskito-rodent-20","true","buzzskito-rodent-20","false","search","","garage door bottom seal t end rubber","Bottom seal (astragal) &rarr;","8","1020","38","false","BuyLink"
"/blog/mouse-proof-garage-door-seal-canada","rodent","buzzskito-rodent-20","true","buzzskito-rodent-20","false","search","","garage door corner seal inserts","Corner inserts &rarr;","9","1023","39","false","BuyLink"
"/blog/mouse-proof-garage-door-seal-canada","rodent","buzzskito-rodent-20","true","buzzskito-rodent-20","false","search","","copper mesh rodent control","Copper mesh &rarr;","10","1025","39","false","BuyLink"
"/blog/mouse-proof-garage-door-seal-canada","rodent","buzzskito-rodent-20","true","buzzskito-rodent-20","false","search","","garage door bottom seal retainer aluminum track","aluminum retainer track","11","1529","58","false","BuyLink"
"/blog/mouse-proof-garage-door-seal-canada","rodent","buzzskito-rodent-20","true","buzzskito-rodent-20","false","search","","copper mesh rodent control","copper mesh","12","1618","61","false","BuyLink"
"/blog/mouse-proof-garage-door-seal-canada","rodent","buzzskito-rodent-20","true","buzzskito-rodent-20","false","search","","hardware cloth 1/4 inch galvanized","quarter-inch galvanized hardware cloth","13","1725","65","false","BuyLink"
"/blog/mouse-proof-garage-door-seal-canada","rodent","buzzskito-rodent-20","true","buzzskito-rodent-20","false","search","","garage door side jamb brush weather stripping","Brush weatherstrip","14","1842","69","false","BuyLink"
"/blog/mouse-proof-garage-door-seal-canada","rodent","buzzskito-rodent-20","true","buzzskito-rodent-20","false","search","","door sweep exterior door weatherstrip","door sweep","15","1892","71","false","BuyLink"
"/blog/mouse-proof-garage-door-seal-canada","rodent","buzzskito-rodent-20","true","buzzskito-rodent-20","false","search","","concrete crack filler self leveling","concrete crack filler","16","2057","78","false","BuyLink"
"/blog/mouse-proof-garage-door-seal-canada","rodent","buzzskito-rodent-20","true","buzzskito-rodent-20","false","search","","polyurethane construction adhesive concrete","polyurethane construction adhesive","17","2067","78","false","BuyLink"
"/blog/mouse-proof-garage-door-seal-canada","rodent","buzzskito-rodent-20","true","buzzskito-rodent-20","false","search","","concrete anchor screws masonry","concrete anchor screws","18","2081","78","false","BuyLink"
"/blog/mouse-repellent-canada","rodent","buzzskito-rodent-20","true","buzzskito-rodent-20","false","search","","stainless steel wool rodent exclusion","Stainless steel wool + copper mesh rodent fill","1","188","6","sticky","StickyBuyBar"
"/blog/mouse-repellent-canada","rodent","buzzskito-rodent-20","true","buzzskito-rodent-20","false","search","","stainless steel wool rodent exclusion","Exclusion fill &rarr;","2","554","17","true","BuyLink"
"/blog/mouse-repellent-canada","rodent","buzzskito-rodent-20","true","buzzskito-rodent-20","false","search","","rodent proof garage door seal","Door seals &rarr;","3","593","18","true","BuyLink"
"/blog/mouse-repellent-canada","rodent","buzzskito-rodent-20","true","buzzskito-rodent-20","false","search","","rodent deterrent tape capsaicin wire","Deterrent tape &rarr;","4","632","20","false","BuyLink"
"/blog/mouse-repellent-canada","rodent","buzzskito-rodent-20","true","buzzskito-rodent-20","false","search","","hardware cloth 1/4 inch galvanized","Hardware cloth &rarr;","5","659","21","false","BuyLink"
"/blog/mouse-repellent-canada","rodent","buzzskito-rodent-20","true","buzzskito-rodent-20","false","search","","hardware cloth 1/4 inch galvanized","Vent screening &rarr;","6","690","21","false","BuyLink"
"/blog/mouse-repellent-canada","rodent","buzzskito-rodent-20","true","buzzskito-rodent-20","false","search","","stainless steel wool rodent exclusion","Steel wool fill &rarr;","7","1393","43","false","BuyLink"
"/blog/mouse-repellent-canada","rodent","buzzskito-rodent-20","true","buzzskito-rodent-20","false","search","","victor mouse trap 4 pack","Snap traps &rarr;","8","1396","43","false","BuyLink"
"/blog/mouse-repellent-canada","rodent","buzzskito-rodent-20","true","buzzskito-rodent-20","false","search","","rodent proof garage door seal","Garage door seal &rarr;","9","1398","44","false","BuyLink"
"/blog/natural-eco-friendly-mosquito-control-ontario","mosquito","buzzskito-mosquito-20","true","buzzskito-mosquito-20","true","search","","summit mosquito dunks","Summit BTi Mosquito Dunks","1","27","2","sticky","StickyBuyBar"
"/blog/natural-eco-friendly-mosquito-control-ontario","mosquito","buzzskito-mosquito-20","true","buzzskito-mosquito-20","true","search","","summit mosquito dunks","Summit BTi Mosquito Dunks","2","246","20","true","TopPick"
"/blog/natural-eco-friendly-mosquito-control-ontario","mosquito","buzzskito-mosquito-20","true","buzzskito-mosquito-20","true","search","","summit mosquito dunks","Check Summit BTi mosquito dunks on Amazon.ca →","3","519","42","true","BuyLink"
"/blog/natural-eco-friendly-mosquito-control-ontario","mosquito","buzzskito-mosquito-20","true","buzzskito-mosquito-20","true","search","","wondercide yard spray","Check Wondercide yard spray on Amazon.ca →","4","722","58","false","BuyLink"
"/blog/natural-mosquito-repellent-ontario","mosquito","buzzskito-mosquito-20","true","buzzskito-mosquito-20","true","dp_asin","B0CWQ3G2RB","off botanicals lemon eucalyptus","Off! Botanicals (oil of lemon eucalyptus)","1","57","3","sticky","StickyBuyBar"
"/blog/natural-mosquito-repellent-ontario","mosquito","buzzskito-mosquito-20","true","buzzskito-mosquito-20","true","search","","off botanicals lemon eucalyptus","Check price on Amazon.ca →","2","947","46","false","BuyLink"
"/blog/natural-mosquito-repellent-ontario","mosquito","buzzskito-mosquito-20","true","buzzskito-mosquito-20","true","search","","picaridin insect repellent 20 percent","Check price on Amazon.ca →","3","956","47","false","BuyLink"
"/blog/natural-mosquito-repellent-ontario","mosquito","buzzskito-mosquito-20","true","buzzskito-mosquito-20","true","search","","watkins mosquito insect repellent","Check price on Amazon.ca →","4","966","47","false","BuyLink"
"/blog/natural-mosquito-repellent-ontario","mosquito","buzzskito-mosquito-20","true","buzzskito-mosquito-20","true","search","","citronella insect repellent spray","Check price on Amazon.ca →","5","975","48","false","BuyLink"
"/blog/natural-mosquito-repellent-ontario","mosquito","buzzskito-mosquito-20","true","buzzskito-mosquito-20","true","search","","mosquito dunks bti","Check Mosquito Dunks (BTI) on Amazon.ca →","6","1177","57","false","BuyLink"
"/blog/natural-mosquito-repellent-ontario","mosquito","buzzskito-mosquito-20","true","buzzskito-mosquito-20","true","search","","murphys naturals lemon eucalyptus oil insect repellent","Check price on Amazon.ca →","7","1553","76","false","BuyLink"
"/blog/no-see-um-bites","general","buzzskito-general-20","true","buzzskito-general-20","true","search","","hydrocortisone anti itch cream 1%","Check price on Amazon.ca &rarr;","1","557","1114","true","BuyLink"
"/blog/no-see-um-bites","general","buzzskito-general-20","true","buzzskito-general-20","true","search","","after bite itch relief stick","Check price on Amazon.ca &rarr;","2","625","1250","false","BuyLink"
"/blog/no-see-um-bites","general","buzzskito-general-20","true","buzzskito-general-20","true","search","","hydrocortisone anti itch cream 1%","Hydrocortisone 1% Anti-Itch Cream","3","2463","4926","false","TopPick"
"/blog/no-see-um-bites","general","buzzskito-general-20","true","buzzskito-general-20","true","search","","reusable gel ice pack","check reusable ice packs on Amazon.ca &rarr;","4","2827","5654","false","BuyLink"
"/blog/no-see-um-bites","general","buzzskito-general-20","true","buzzskito-general-20","true","search","","high velocity floor fan","check high-velocity fans on Amazon.ca &rarr;","5","3193","6386","false","BuyLink"
"/blog/no-see-um-bites","general","buzzskito-general-20","true","buzzskito-general-20","true","search","","no see um mesh screen","Check no-see-um mesh screen on Amazon &rarr;","6","3198","6396","false","BuyLink"
"/blog/no-see-um-bites","general","buzzskito-general-20","true","buzzskito-general-20","true","search","","window screen repair kit","Check window screen repair kits on Amazon &rarr;","7","3567","7134","false","BuyLink"
"/blog/no-see-um-bites","general","buzzskito-general-20","true","buzzskito-general-20","true","search","","under door draft sweep seal","check door sweeps on Amazon.ca &rarr;","8","3622","7244","false","BuyLink"
"/blog/no-see-um-bites","general","buzzskito-general-20","true","buzzskito-general-20","true","search","","yellow bug light bulb outdoor","check amber bug light bulbs on Amazon.ca &rarr;","9","3679","7358","false","BuyLink"
"/blog/no-see-um-bites","general","buzzskito-general-20","true","buzzskito-general-20","true","search","","sea to summit ultra mesh head net","Check fine-mesh head net on Amazon &rarr;","10","4023","8046","false","BuyLink"
"/blog/no-see-um-bites","general","buzzskito-general-20","true","buzzskito-general-20","true","search","","picaridin insect repellent","Picaridin repellent &rarr;","11","4029","8058","false","BuyLink"
"/blog/no-see-um-bites","general","buzzskito-general-20","true","buzzskito-general-20","true","search","","insect shield permethrin treated clothing","Check permethrin-treated clothing on Amazon &rarr;","12","5378","10756","false","BuyLink"
"/blog/no-see-um-bites","general","buzzskito-general-20","true","buzzskito-general-20","true","search","","hydrocortisone anti itch cream 1%","Hydrocortisone 1% Anti-Itch Cream","13","50","100","sticky","StickyBuyBar"
"/blog/no-see-ums-biting-midges-ontario","general","buzzskito-general-20","true","buzzskito-general-20","true","search","","no see um mesh screen replacement","No-see-um mesh screening (20x20, ~0.6 mm openings)","1","630","45","false","TopPick"
"/blog/no-see-ums-biting-midges-ontario","general","buzzskito-general-20","true","buzzskito-general-20","true","search","","picaridin insect repellent canada","Check picaridin repellent on Amazon.ca →","2","991","71","false","BuyLink"
"/blog/no-see-ums-biting-midges-ontario","general","buzzskito-general-20","true","buzzskito-general-20","true","search","","thermacell mosquito repeller","Check a Thermacell repeller →","3","996","72","false","BuyLink"
"/blog/no-see-ums-biting-midges-ontario","general","buzzskito-general-20","true","buzzskito-general-20","true","search","","picaridin insect repellent canada","Picaridin (Icaridin) Insect Repellent","4","999","72","false","TopPick"
"/blog/no-see-ums-biting-midges-ontario","general","buzzskito-general-20","true","buzzskito-general-20","true","search","","no see um mesh screen replacement","No-see-um mesh screening (20x20)","5","1393","100","sticky","StickyBuyBar"
"/blog/off-deep-woods-deet-bug-spray-canada","mosquito","buzzskito-mosquito-20","true","buzzskito-mosquito-20","true","search","","off deep woods","OFF Deep Woods (25% DEET insect repellent)","1","76","5","sticky","StickyBuyBar"
"/blog/off-deep-woods-deet-bug-spray-canada","mosquito","buzzskito-mosquito-20","true","buzzskito-mosquito-20","true","search","","off deep woods","Check OFF Deep Woods price on Amazon.ca →","2","438","32","true","BuyLink"
"/blog/off-deep-woods-deet-bug-spray-canada","mosquito","buzzskito-mosquito-20","true","buzzskito-mosquito-20","true","search","","off familycare insect repellent","OFF FamilyCare →","3","445","32","true","BuyLink"
"/blog/off-deep-woods-deet-bug-spray-canada","mosquito","buzzskito-mosquito-20","true","buzzskito-mosquito-20","true","search","","off deep woods","Check price on Amazon.ca →","4","667","48","false","BuyLink"
"/blog/off-deep-woods-deet-bug-spray-canada","mosquito","buzzskito-mosquito-20","true","buzzskito-mosquito-20","true","search","","off deep woods dry","Amazon.ca →","5","680","49","false","BuyLink"
"/blog/off-deep-woods-deet-bug-spray-canada","mosquito","buzzskito-mosquito-20","true","buzzskito-mosquito-20","true","search","","off deep woods sportsmen","Amazon.ca →","6","691","50","false","BuyLink"
"/blog/off-deep-woods-deet-bug-spray-canada","mosquito","buzzskito-mosquito-20","true","buzzskito-mosquito-20","true","search","","off familycare insect repellent","Amazon.ca →","7","699","51","false","BuyLink"
"/blog/off-deep-woods-deet-bug-spray-canada","mosquito","buzzskito-mosquito-20","true","buzzskito-mosquito-20","true","search","","off familycare smooth dry","Amazon.ca →","8","709","51","false","BuyLink"
"/blog/ontario-tick-surge-2026","tick","buzzskito-tick-20","true","buzzskito-tick-20","false","search","","tick removal tool tweezers","Fine-Tipped Tick Removal Tool (tweezers + tick key)","1","351","29","true","TopPick"
"/blog/ontario-tick-surge-2026","tick","buzzskito-tick-20","true","buzzskito-tick-20","false","search","","icaridin insect repellent","Check price on Amazon.ca &rarr;","2","960","81","false","BuyLink"
"/blog/ontario-tick-surge-2026","tick","buzzskito-tick-20","true","buzzskito-tick-20","false","search","","tick repellent","See tick repellent on Amazon.ca &rarr;","3","1149","97","false","BuyLink"
"/blog/ontario-tick-surge-2026","tick","buzzskito-tick-20","true","buzzskito-tick-20","false","search","","tick removal tool tweezers","Fine-tipped tick removal tool","4","1190","100","sticky","StickyBuyBar"
"/blog/ortho-home-defense-bed-bug-review-canada","bedbug","buzzskito-bedbug-20","true","buzzskito-bedbug-20","true","search","","ortho home defense bed bug killer","Ortho Home Defense Bed Bug Killer","1","103","5","sticky","StickyBuyBar"
"/blog/ortho-home-defense-bed-bug-review-canada","bedbug","buzzskito-bedbug-20","true","buzzskito-bedbug-20","true","search","","ortho home defense bed bug killer","Ortho Home Defense Bed Bug Killer (Canadian PCP-registered version)","2","274","13","true","TopPick"
"/blog/ortho-home-defense-bed-bug-review-canada","bedbug","buzzskito-bedbug-20","true","buzzskito-bedbug-20","true","search","","ortho home defense bed bug killer","Check price on Amazon.ca &rarr;","3","374","17","true","BuyLink"
"/blog/ortho-home-defense-bed-bug-review-canada","bedbug","buzzskito-bedbug-20","true","buzzskito-bedbug-20","true","search","","konk bed bug killer canada","Check price on Amazon.ca &rarr;","4","394","18","true","BuyLink"
"/blog/ortho-home-defense-bed-bug-review-canada","bedbug","buzzskito-bedbug-20","true","buzzskito-bedbug-20","true","search","","knock down bed bug killer canada","Check price on Amazon.ca &rarr;","5","414","19","true","BuyLink"
"/blog/ortho-home-defense-bed-bug-review-canada","bedbug","buzzskito-bedbug-20","true","buzzskito-bedbug-20","true","search","","ecoraider bed bug killer canada","Check price on Amazon.ca &rarr;","6","437","20","true","BuyLink"
"/blog/ortho-home-defense-bed-bug-review-canada","bedbug","buzzskito-bedbug-20","true","buzzskito-bedbug-20","true","search","","ortho home defense bed bug killer","Ortho on Amazon.ca &rarr;","7","749","34","false","BuyLink"
"/blog/ortho-home-defense-bed-bug-review-canada","bedbug","buzzskito-bedbug-20","true","buzzskito-bedbug-20","true","search","","konk bed bug killer canada","Konk (Canadian) &rarr;","8","752","35","false","BuyLink"
"/blog/ortho-home-defense-bed-bug-review-canada","bedbug","buzzskito-bedbug-20","true","buzzskito-bedbug-20","true","search","","knock down bed bug killer canada","Knock Down (Canadian) &rarr;","9","754","35","false","BuyLink"
"/blog/ortho-home-defense-canada-review","general","buzzskito-general-20","true","buzzskito-general-20","true","search","","ortho bug b gon eco","Ortho Bug B Gon ECO (Canadian perimeter insect control)","1","86","4","sticky","StickyBuyBar"
"/blog/ortho-home-defense-canada-review","general","buzzskito-general-20","true","buzzskito-general-20","true","search","","ortho bug b gon eco","Ortho Bug B Gon ECO","2","264","14","true","TopPick"
"/blog/ortho-home-defense-canada-review","general","buzzskito-general-20","true","buzzskito-general-20","true","search","","ortho home defense max insect killer","Check price on Amazon.ca →","3","354","18","true","BuyLink"
"/blog/ortho-home-defense-canada-review","general","buzzskito-general-20","true","buzzskito-general-20","true","search","","ortho home defense insect killer lawn","Check price on Amazon.ca →","4","372","19","true","BuyLink"
"/blog/ortho-home-defense-canada-review","general","buzzskito-general-20","true","buzzskito-general-20","true","search","","ortho bug b gon insect killer","Check price on Amazon.ca →","5","389","20","true","BuyLink"
"/blog/ortho-home-defense-canada-review","general","buzzskito-general-20","true","buzzskito-general-20","true","search","","ortho bug b gon eco","Check price on Amazon.ca →","6","405","21","true","BuyLink"
"/blog/ortho-home-defense-canada-review","general","buzzskito-general-20","true","buzzskito-general-20","true","search","","ortho home defense mosquito killer","Check price on Amazon.ca →","7","423","22","true","BuyLink"
"/blog/ortho-home-defense-canada-review","general","buzzskito-general-20","true","buzzskito-general-20","true","search","","ortho bug b gon eco","Check Ortho Bug B Gon ECO on Amazon.ca →","8","533","28","true","BuyLink"
"/blog/ortho-home-defense-canada-review","general","buzzskito-general-20","true","buzzskito-general-20","true","search","","mosquito dunks bti","BTI mosquito dunks →","9","540","28","true","BuyLink"
"/blog/ortho-home-defense-canada-review","general","buzzskito-general-20","true","buzzskito-general-20","true","search","","ant bait stations outdoor","Check outdoor ant bait stations on Amazon.ca &rarr;","10","966","50","false","BuyLink"
"/blog/ortho-home-defense-canada-review","general","buzzskito-general-20","true","buzzskito-general-20","true","search","","mosquito bits granules","Check BTI mosquito granules on Amazon.ca &rarr;","11","1334","69","false","BuyLink"
"/blog/ortho-home-defense-canada-review","general","buzzskito-general-20","true","buzzskito-general-20","true","search","","1 gallon pump sprayer","Check pump sprayers on Amazon.ca &rarr;","12","1522","79","false","BuyLink"
"/blog/ortho-home-defense-canada-review","general","buzzskito-general-20","true","buzzskito-general-20","true","search","","permethrin clothing spray","Check permethrin clothing and gear spray on Amazon.ca &rarr;","13","1885","97","false","BuyLink"
"/blog/outdoor-fan-mosquito-control-canada","mosquito","buzzskito-mosquito-20","true","buzzskito-mosquito-20","false","search","","wet rated outdoor ceiling fan 60 inch","Wet-rated outdoor ceiling fan, 60 in","1","88","3","sticky","StickyBuyBar"
"/blog/outdoor-fan-mosquito-control-canada","mosquito","buzzskito-mosquito-20","true","buzzskito-mosquito-20","false","search","","search","Check price on Amazon.ca →","2","474","17","true","BuyLink"
"/blog/outdoor-fan-mosquito-control-canada","mosquito","buzzskito-mosquito-20","true","buzzskito-mosquito-20","false","search","","wet rated outdoor ceiling fan 60 inch","Check wet-rated ceiling fans &rarr;","3","545","19","true","BuyLink"
"/blog/outdoor-fan-mosquito-control-canada","mosquito","buzzskito-mosquito-20","true","buzzskito-mosquito-20","false","search","","high velocity drum fan 20 inch","Check 20 in high-velocity fans &rarr;","4","549","19","true","BuyLink"
"/blog/outdoor-fan-mosquito-control-canada","mosquito","buzzskito-mosquito-20","true","buzzskito-mosquito-20","false","search","","wet rated outdoor ceiling fan 60 inch","60 in wet-rated ceiling fans &rarr;","5","1057","37","false","BuyLink"
"/blog/outdoor-fan-mosquito-control-canada","mosquito","buzzskito-mosquito-20","true","buzzskito-mosquito-20","false","search","","damp rated outdoor ceiling fan 52 inch","52 in damp-rated ceiling fans &rarr;","6","1061","37","false","BuyLink"
"/blog/outdoor-fan-mosquito-control-canada","mosquito","buzzskito-mosquito-20","true","buzzskito-mosquito-20","false","search","","outdoor pedestal fan high velocity","Outdoor pedestal fans &rarr;","7","1065","37","false","BuyLink"
"/blog/outdoor-fan-mosquito-control-canada","mosquito","buzzskito-mosquito-20","true","buzzskito-mosquito-20","false","search","","outdoor wall mount oscillating fan","Wall-mount outdoor fans &rarr;","8","1647","58","false","BuyLink"
"/blog/outdoor-fan-mosquito-control-canada","mosquito","buzzskito-mosquito-20","true","buzzskito-mosquito-20","false","search","","outdoor fan mounting bracket wall","Mounting brackets &rarr;","9","1650","58","false","BuyLink"
"/blog/outdoor-fan-mosquito-control-canada","mosquito","buzzskito-mosquito-20","true","buzzskito-mosquito-20","false","search","","ceiling fan downrod extension","Downrod extensions &rarr;","10","1652","58","false","BuyLink"
"/blog/outdoor-fan-mosquito-control-canada","mosquito","buzzskito-mosquito-20","true","buzzskito-mosquito-20","false","search","","outdoor extension cord 12 gauge weatherproof","Outdoor-rated cords &rarr;","11","1858","65","false","BuyLink"
"/blog/outdoor-fan-mosquito-control-canada","mosquito","buzzskito-mosquito-20","true","buzzskito-mosquito-20","false","search","","weatherproof in use outlet cover outdoor","In-use outlet covers &rarr;","12","1860","65","false","BuyLink"
"/blog/packtite-closet-review-canada","bedbug","buzzskito-bedbug-20","true","buzzskito-bedbug-20","true","search","","packtite closet bed bug heater","PackTite Closet bed-bug heat chamber","1","92","4","sticky","StickyBuyBar"
"/blog/packtite-closet-review-canada","bedbug","buzzskito-bedbug-20","true","buzzskito-bedbug-20","true","search","","packtite closet bed bug heater","PackTite Closet Heat Chamber","2","303","13","true","TopPick"
"/blog/packtite-closet-review-canada","bedbug","buzzskito-bedbug-20","true","buzzskito-bedbug-20","true","search","","packtite closet bed bug heater","Check price on Amazon.ca →","3","390","17","true","BuyLink"
"/blog/packtite-closet-review-canada","bedbug","buzzskito-bedbug-20","true","buzzskito-bedbug-20","true","search","","packtite portable bed bug heater","Check price on Amazon.ca →","4","405","18","true","BuyLink"
"/blog/packtite-closet-review-canada","bedbug","buzzskito-bedbug-20","true","buzzskito-bedbug-20","true","search","","zappbug oven bed bug heater","Check price on Amazon.ca →","5","428","19","true","BuyLink"
"/blog/packtite-closet-review-canada","bedbug","buzzskito-bedbug-20","true","buzzskito-bedbug-20","true","search","","thermalstrike ranger bed bug heater","Check price on Amazon.ca →","6","443","19","true","BuyLink"
"/blog/packtite-closet-review-canada","bedbug","buzzskito-bedbug-20","true","buzzskito-bedbug-20","true","search","","packtite closet bed bug heater","PackTite Closet →","7","773","34","false","BuyLink"
"/blog/packtite-closet-review-canada","bedbug","buzzskito-bedbug-20","true","buzzskito-bedbug-20","true","search","","zappbug oven bed bug heater","ZappBug Oven →","8","775","34","false","BuyLink"
"/blog/packtite-closet-review-canada","bedbug","buzzskito-bedbug-20","true","buzzskito-bedbug-20","true","search","","thermalstrike ranger bed bug heater","ThermalStrike Ranger →","9","777","34","false","BuyLink"
"/blog/packtite-portable-review-canada","bedbug","buzzskito-bedbug-20","true","buzzskito-bedbug-20","true","search","","packtite portable bed bug heater","PackTite Portable bed-bug heater","1","98","4","sticky","StickyBuyBar"
"/blog/packtite-portable-review-canada","bedbug","buzzskito-bedbug-20","true","buzzskito-bedbug-20","true","search","","packtite portable bed bug heater","PackTite Portable (folding bed-bug heat chamber)","2","276","12","true","TopPick"
"/blog/packtite-portable-review-canada","bedbug","buzzskito-bedbug-20","true","buzzskito-bedbug-20","true","search","","packtite portable bed bug heater","Check price on Amazon.ca →","3","354","16","true","BuyLink"
"/blog/packtite-portable-review-canada","bedbug","buzzskito-bedbug-20","true","buzzskito-bedbug-20","true","search","","zappbug bed bug heater","Check price on Amazon.ca →","4","379","17","true","BuyLink"
"/blog/packtite-portable-review-canada","bedbug","buzzskito-bedbug-20","true","buzzskito-bedbug-20","true","search","","thermalstrike ranger bed bug heater","Check price on Amazon.ca →","5","400","18","true","BuyLink"
"/blog/packtite-portable-review-canada","bedbug","buzzskito-bedbug-20","true","buzzskito-bedbug-20","true","search","","bed bug heater closet room","Check price on Amazon.ca →","6","424","19","true","BuyLink"
"/blog/packtite-portable-review-canada","bedbug","buzzskito-bedbug-20","true","buzzskito-bedbug-20","true","search","","packtite portable bed bug heater","PackTite Portable →","7","724","32","false","BuyLink"
"/blog/packtite-portable-review-canada","bedbug","buzzskito-bedbug-20","true","buzzskito-bedbug-20","true","search","","zappbug bed bug heater","ZappBug heater →","8","726","32","false","BuyLink"
"/blog/packtite-portable-review-canada","bedbug","buzzskito-bedbug-20","true","buzzskito-bedbug-20","true","search","","thermalstrike ranger bed bug heater","ThermalStrike Ranger →","9","728","32","false","BuyLink"
"/blog/packtite-vs-zappbug-canada","bedbug","buzzskito-bedbug-20","true","buzzskito-bedbug-20","true","search","","zappbug room bed bug heater","ZappBug Room bed-bug heater","1","93","4","sticky","StickyBuyBar"
"/blog/packtite-vs-zappbug-canada","bedbug","buzzskito-bedbug-20","true","buzzskito-bedbug-20","true","search","","zappbug room bed bug heater","Check price on Amazon.ca →","2","501","20","true","BuyLink"
"/blog/packtite-vs-zappbug-canada","bedbug","buzzskito-bedbug-20","true","buzzskito-bedbug-20","true","search","","packtite closet bed bug heater","Check price on Amazon.ca →","3","505","20","true","BuyLink"
"/blog/packtite-vs-zappbug-canada","bedbug","buzzskito-bedbug-20","true","buzzskito-bedbug-20","true","search","","zappbug room bed bug heater","ZappBug Room →","4","801","32","false","BuyLink"
"/blog/packtite-vs-zappbug-canada","bedbug","buzzskito-bedbug-20","true","buzzskito-bedbug-20","true","search","","packtite closet bed bug heater","PackTite Closet →","5","803","32","false","BuyLink"
"/blog/packtite-vs-zappbug-canada","bedbug","buzzskito-bedbug-20","true","buzzskito-bedbug-20","true","search","","zappbug room bed bug heater","ZappBug Room Bed-Bug Heater Chamber","6","2395","97","false","TopPick"
"/blog/pantry-moth-traps-canada","general","buzzskito-general-20","true","buzzskito-general-20","false","search","","terro pantry moth traps","TERRO Pantry Moth Traps (pheromone monitor)","1","146","5","sticky","StickyBuyBar"
"/blog/pantry-moth-traps-canada","general","buzzskito-general-20","true","buzzskito-general-20","false","search","","terro pantry moth traps","Pheromone traps &rarr;","2","450","15","true","BuyLink"
"/blog/pantry-moth-traps-canada","general","buzzskito-general-20","true","buzzskito-general-20","false","search","","airtight glass food storage containers set","Airtight containers &rarr;","3","512","17","true","BuyLink"
"/blog/pantry-moth-traps-canada","general","buzzskito-general-20","true","buzzskito-general-20","false","search","","handheld vacuum crevice tool attachment","Crevice tool &rarr;","4","537","18","true","BuyLink"
"/blog/pantry-moth-traps-canada","general","buzzskito-general-20","true","buzzskito-general-20","false","search","","airtight pet food storage container with gasket lid","Sealed bins &rarr;","5","568","19","true","BuyLink"
"/blog/pantry-moth-traps-canada","general","buzzskito-general-20","true","buzzskito-general-20","false","search","","terro pantry moth traps","Pantry moth traps &rarr;","6","1320","43","false","BuyLink"
"/blog/pantry-moth-traps-canada","general","buzzskito-general-20","true","buzzskito-general-20","false","search","","airtight glass food storage containers set","Airtight containers &rarr;","7","1323","44","false","BuyLink"
"/blog/pantry-moth-traps-canada","general","buzzskito-general-20","true","buzzskito-general-20","false","search","","airtight pet food storage container with gasket lid","Sealed feed bins &rarr;","8","1325","44","false","BuyLink"
"/blog/pantry-moth-traps-canada","general","buzzskito-general-20","true","buzzskito-general-20","false","search","","terro pantry moth traps","Check pantry moth traps on Amazon.ca &rarr;","9","1586","52","false","BuyLink"
"/blog/pantry-moth-traps-canada","general","buzzskito-general-20","true","buzzskito-general-20","false","search","","airtight glass food storage containers set","Check airtight container sets on Amazon.ca &rarr;","10","2173","71","false","BuyLink"
"/blog/patio-heater-vs-fire-table-canada","general","buzzskito-general-20","true","buzzskito-general-20","false","search","","propane patio heater 46000 btu tower","Propane Tower Patio Heater (~46,000 BTU)","1","79","3","sticky","StickyBuyBar"
"/blog/patio-heater-vs-fire-table-canada","general","buzzskito-general-20","true","buzzskito-general-20","false","search","","search","Check price on Amazon.ca &rarr;","2","471","16","true","BuyLink"
"/blog/patio-heater-vs-fire-table-canada","general","buzzskito-general-20","true","buzzskito-general-20","false","search","","propane patio heater 46000 btu tower","Check tower heaters on Amazon.ca &rarr;","3","532","18","true","BuyLink"
"/blog/patio-heater-vs-fire-table-canada","general","buzzskito-general-20","true","buzzskito-general-20","false","search","","propane fire pit table 50000 btu 44 inch","Check 44-in fire tables &rarr;","4","537","19","true","BuyLink"
"/blog/patio-heater-vs-fire-table-canada","general","buzzskito-general-20","true","buzzskito-general-20","false","search","","propane tank gauge level indicator","Tank gauge &rarr;","5","1331","46","false","BuyLink"
"/blog/patio-heater-vs-fire-table-canada","general","buzzskito-general-20","true","buzzskito-general-20","false","search","","propane tank cover hideaway table","Tank hideaway table &rarr;","6","1333","46","false","BuyLink"
"/blog/patio-heater-vs-fire-table-canada","general","buzzskito-general-20","true","buzzskito-general-20","false","search","","propane hose extension regulator kit 12 ft","Hose &amp; regulator kit &rarr;","7","1336","46","false","BuyLink"
"/blog/patio-heater-vs-fire-table-canada","general","buzzskito-general-20","true","buzzskito-general-20","false","search","","fire glass for propane fire pit","Fire glass &rarr;","8","2003","69","false","BuyLink"
"/blog/patio-heater-vs-fire-table-canada","general","buzzskito-general-20","true","buzzskito-general-20","false","search","","lava rock for fire pit","Lava rock &rarr;","9","2005","69","false","BuyLink"
"/blog/patio-heater-vs-fire-table-canada","general","buzzskito-general-20","true","buzzskito-general-20","false","search","","fire pit table cover waterproof","Fire table cover &rarr;","10","2007","69","false","BuyLink"
"/blog/patio-heater-vs-fire-table-canada","general","buzzskito-general-20","true","buzzskito-general-20","false","search","","patio heater cover heavy duty","Patio heater cover &rarr;","11","2010","69","false","BuyLink"
"/blog/patio-misting-system-canada","sprayer","buzzskito-sprayer-20","true","buzzskito-sprayer-20","true","search","","homenote misting kit brass nozzles","HOMENOTE Misting Kit with 5 Brass Nozzles","1","82","4","sticky","StickyBuyBar"
"/blog/patio-misting-system-canada","sprayer","buzzskito-sprayer-20","true","buzzskito-sprayer-20","true","search","","homenote misting kit brass nozzles","HOMENOTE 16.4 ft kit on Amazon.ca →","2","324","15","true","BuyLink"
"/blog/patio-misting-system-canada","sprayer","buzzskito-sprayer-20","true","buzzskito-sprayer-20","true","search","","furnrubden patio misting kit 60ft","Furnrubden 60 ft kit →","3","329","15","true","BuyLink"
"/blog/patio-misting-system-canada","sprayer","buzzskito-sprayer-20","true","buzzskito-sprayer-20","true","search","","homenote misting kit brass nozzles","Check price on Amazon.ca →","4","1009","45","false","BuyLink"
"/blog/patio-misting-system-canada","sprayer","buzzskito-sprayer-20","true","buzzskito-sprayer-20","true","search","","landgarden misting kit","Check price on Amazon.ca →","5","1100","49","false","BuyLink"
"/blog/patio-misting-system-canada","sprayer","buzzskito-sprayer-20","true","buzzskito-sprayer-20","true","search","","furnrubden patio misting kit 60ft","Check price on Amazon.ca →","6","1198","54","false","BuyLink"
"/blog/patio-misting-system-canada","sprayer","buzzskito-sprayer-20","true","buzzskito-sprayer-20","true","search","","mosquito sniper system","Check price on Amazon.ca →","7","1358","61","false","BuyLink"
"/blog/pergola-mosquito-curtains-canada","mosquito","buzzskito-mosquito-20","true","buzzskito-mosquito-20","false","search","","ceiling mount curtain track kit with glides","Ceiling-mount curtain track kit for pergolas","1","81","3","sticky","StickyBuyBar"
"/blog/pergola-mosquito-curtains-canada","mosquito","buzzskito-mosquito-20","true","buzzskito-mosquito-20","false","search","","search","Check price on Amazon.ca &rarr;","2","395","14","true","BuyLink"
"/blog/pergola-mosquito-curtains-canada","mosquito","buzzskito-mosquito-20","true","buzzskito-mosquito-20","false","search","","ceiling mount curtain track kit with glides","Check curtain track on Amazon.ca &rarr;","3","455","16","true","BuyLink"
"/blog/pergola-mosquito-curtains-canada","mosquito","buzzskito-mosquito-20","true","buzzskito-mosquito-20","false","search","","outdoor mosquito mesh curtain panels pergola","Check mesh panels &rarr;","4","460","16","true","BuyLink"
"/blog/pergola-mosquito-curtains-canada","mosquito","buzzskito-mosquito-20","true","buzzskito-mosquito-20","false","search","","ceiling mount curtain track kit with glides","Check ceiling track kits on Amazon.ca &rarr;","5","1043","37","false","BuyLink"
"/blog/pergola-mosquito-curtains-canada","mosquito","buzzskito-mosquito-20","true","buzzskito-mosquito-20","false","search","","heavy duty outdoor curtain rod for pergola","Check outdoor rods &rarr;","6","1168","42","false","BuyLink"
"/blog/pergola-mosquito-curtains-canada","mosquito","buzzskito-mosquito-20","true","buzzskito-mosquito-20","false","search","","curtain clip rings rustproof outdoor","Check rustproof clip rings &rarr;","7","1171","42","false","BuyLink"
"/blog/pergola-mosquito-curtains-canada","mosquito","buzzskito-mosquito-20","true","buzzskito-mosquito-20","false","search","","stainless steel wire rope cable kit turnbuckle","Check stainless cable kits &rarr;","8","1247","45","false","BuyLink"
"/blog/pergola-mosquito-curtains-canada","mosquito","buzzskito-mosquito-20","true","buzzskito-mosquito-20","false","search","","pergola canopy shade cloth replacement cover","Check pergola canopies &amp; shade cloth &rarr;","9","1590","57","false","BuyLink"
"/blog/pergola-mosquito-curtains-canada","mosquito","buzzskito-mosquito-20","true","buzzskito-mosquito-20","false","search","","magnetic closure strips for mosquito netting","Check magnetic strips &rarr;","10","1782","64","false","BuyLink"
"/blog/pergola-mosquito-curtains-canada","mosquito","buzzskito-mosquito-20","true","buzzskito-mosquito-20","false","search","","drapery weight chain curtain hem weights","Check hem weight chain &rarr;","11","1785","64","false","BuyLink"
"/blog/pergola-mosquito-curtains-canada","mosquito","buzzskito-mosquito-20","true","buzzskito-mosquito-20","false","search","","outdoor curtain tie backs holdbacks","Check outdoor tie-backs &rarr;","12","1789","64","false","BuyLink"
"/blog/pergola-mosquito-curtains-canada","mosquito","buzzskito-mosquito-20","true","buzzskito-mosquito-20","false","search","","mesh screen repair patch self adhesive","Check mesh repair patches on Amazon.ca &rarr;","13","2187","78","false","BuyLink"
"/blog/pergola-mosquito-curtains-canada","mosquito","buzzskito-mosquito-20","true","buzzskito-mosquito-20","false","search","","large storage bin with lid","Check sealed storage bins on Amazon.ca &rarr;","14","2384","85","false","BuyLink"
"/blog/pergola-mosquito-curtains-canada","mosquito","buzzskito-mosquito-20","true","buzzskito-mosquito-20","false","search","","pop up screen house canopy","Check pop-up screen houses on Amazon.ca &rarr;","15","2636","94","false","BuyLink"
"/blog/permethrin-canada-yard-clothing-spray","mosquito","buzzskito-mosquito-20","true","buzzskito-mosquito-20","true","search","","insect shield permethrin treated clothing","Permethrin-treated clothing (Insect Shield)","1","145","3","sticky","StickyBuyBar"
"/blog/permethrin-canada-yard-clothing-spray","mosquito","buzzskito-mosquito-20","true","buzzskito-mosquito-20","true","search","","icaridin insect repellent","Check price on Amazon.ca &rarr;","2","513","9","true","BuyLink"
"/blog/permethrin-canada-yard-clothing-spray","mosquito","buzzskito-mosquito-20","true","buzzskito-mosquito-20","true","search","","insect shield permethrin treated clothing","Check price on Amazon.ca &rarr;","3","588","11","true","BuyLink"
"/blog/permethrin-canada-yard-clothing-spray","mosquito","buzzskito-mosquito-20","true","buzzskito-mosquito-20","true","search","","insect shield permethrin treated clothing","Shop permethrin-treated clothing on Amazon.ca →","4","1293","23","false","BuyLink"
"/blog/permethrin-canada-yard-clothing-spray","mosquito","buzzskito-mosquito-20","true","buzzskito-mosquito-20","true","search","","insect shield permethrin treated clothing","Shop permethrin-treated clothing on Amazon.ca →","5","1410","25","false","BuyLink"
"/blog/permethrin-canada-yard-clothing-spray","mosquito","buzzskito-mosquito-20","true","buzzskito-mosquito-20","true","search","","insect shield permethrin treated clothing","Shop permethrin-treated clothing on Amazon.ca →","6","2909","53","false","BuyLink"
"/blog/permethrin-canada-yard-clothing-spray","mosquito","buzzskito-mosquito-20","true","buzzskito-mosquito-20","true","search","","insect shield permethrin treated clothing","Shop permethrin-treated clothing on Amazon.ca →","7","2968","54","false","BuyLink"
"/blog/permethrin-canada-yard-clothing-spray","mosquito","buzzskito-mosquito-20","true","buzzskito-mosquito-20","true","search","","icaridin insect repellent","Icaridin skin repellent →","8","3945","71","false","BuyLink"
"/blog/permethrin-canada-yard-clothing-spray","mosquito","buzzskito-mosquito-20","true","buzzskito-mosquito-20","true","search","","thermacell mosquito repeller","Thermacell patio repeller →","9","3948","71","false","BuyLink"
"/blog/permethrin-canada-yard-clothing-spray","mosquito","buzzskito-mosquito-20","true","buzzskito-mosquito-20","true","search","","mosquito dunks bti larvicide","Bti dunks &amp; bits →","10","3951","71","false","BuyLink"
"/blog/permethrin-canada-yard-clothing-spray","mosquito","buzzskito-mosquito-20","true","buzzskito-mosquito-20","true","search","","screen tent screen house","Check screen tents on Amazon.ca →","11","4131","75","false","BuyLink"
"/blog/permethrin-canada-yard-clothing-spray","mosquito","buzzskito-mosquito-20","true","buzzskito-mosquito-20","true","search","","tick remover tool","Check tick removal tools on Amazon.ca →","12","4579","83","false","BuyLink"
"/blog/picaridin-vs-deet","mosquito","buzzskito-mosquito-20","true","buzzskito-mosquito-20","true","search","","natrapel picaridin insect repellent","Picaridin 20% insect repellent (Natrapel / OFF! Defense / Sawyer)","1","57","5","sticky","StickyBuyBar"
"/blog/picaridin-vs-deet","mosquito","buzzskito-mosquito-20","true","buzzskito-mosquito-20","true","search","","natrapel picaridin insect repellent","Picaridin 20% (Natrapel, OFF! Defense, or Sawyer)","2","170","15","true","TopPick"
"/blog/picaridin-vs-deet","mosquito","buzzskito-mosquito-20","true","buzzskito-mosquito-20","true","search","","natrapel picaridin insect repellent","Picaridin 20% on Amazon.ca","3","462","40","true","BuyLink"
"/blog/picaridin-vs-deet","mosquito","buzzskito-mosquito-20","true","buzzskito-mosquito-20","true","search","","off deep woods deet insect repellent","DEET 30% on Amazon.ca","4","465","41","true","BuyLink"
"/blog/picaridin-vs-deet","mosquito","buzzskito-mosquito-20","true","buzzskito-mosquito-20","true","search","","natrapel picaridin insect repellent","Check picaridin repellents on Amazon.ca →","5","481","42","true","BuyLink"
"/blog/picaridin-vs-deet","mosquito","buzzskito-mosquito-20","true","buzzskito-mosquito-20","true","search","","off deep woods deet insect repellent","Check DEET repellents →","6","486","42","true","BuyLink"
"/blog/picaridin-vs-deet","mosquito","buzzskito-mosquito-20","true","buzzskito-mosquito-20","true","search","","natrapel picaridin 20 percent","Check price on Amazon.ca →","7","557","49","true","BuyLink"
"/blog/picaridin-vs-deet","mosquito","buzzskito-mosquito-20","true","buzzskito-mosquito-20","true","search","","off defense picaridin insect repellent","Check price on Amazon.ca →","8","579","51","true","BuyLink"
"/blog/picaridin-vs-deet","mosquito","buzzskito-mosquito-20","true","buzzskito-mosquito-20","true","search","","sawyer picaridin insect repellent","Check price on Amazon.ca →","9","598","52","true","BuyLink"
"/blog/pond-aerator-mosquito-larvae-canada","mosquito","buzzskito-mosquito-20","true","buzzskito-mosquito-20","false","search","","pond aeration kit compressor diffuser weighted tubing","Pond Aeration Kit — Compressor, Weighted Line &amp; Diffuser","1","78","3","sticky","StickyBuyBar"
"/blog/pond-aerator-mosquito-larvae-canada","mosquito","buzzskito-mosquito-20","true","buzzskito-mosquito-20","false","search","","search","Check options &rarr;","2","445","17","true","BuyLink"
"/blog/pond-aerator-mosquito-larvae-canada","mosquito","buzzskito-mosquito-20","true","buzzskito-mosquito-20","false","search","","floating pond fountain pump aerator","Floating fountain pumps &rarr;","3","1115","42","false","BuyLink"
"/blog/pond-aerator-mosquito-larvae-canada","mosquito","buzzskito-mosquito-20","true","buzzskito-mosquito-20","false","search","","pond aeration kit compressor diffuser weighted tubing","Diffused aeration kits &rarr;","4","1118","42","false","BuyLink"
"/blog/pond-aerator-mosquito-larvae-canada","mosquito","buzzskito-mosquito-20","true","buzzskito-mosquito-20","false","search","","weighted pond aeration tubing self sinking","Weighted self-sinking airline &rarr;","5","1485","56","false","BuyLink"
"/blog/pond-aerator-mosquito-larvae-canada","mosquito","buzzskito-mosquito-20","true","buzzskito-mosquito-20","false","search","","pond air diffuser plate membrane","Diffuser plates &amp; discs &rarr;","6","1488","56","false","BuyLink"
"/blog/pond-aerator-mosquito-larvae-canada","mosquito","buzzskito-mosquito-20","true","buzzskito-mosquito-20","false","search","","floating pond de icer thermostat","Pond de-icers &rarr;","7","1756","66","false","BuyLink"
"/blog/pond-aerator-mosquito-larvae-canada","mosquito","buzzskito-mosquito-20","true","buzzskito-mosquito-20","false","search","","pond aerator diaphragm rebuild kit","Diaphragm rebuild kits &rarr;","8","1926","72","false","BuyLink"
"/blog/pond-aerator-mosquito-larvae-canada","mosquito","buzzskito-mosquito-20","true","buzzskito-mosquito-20","false","search","","pond aerator cabinet ventilated enclosure","Ventilated aerator cabinets &rarr;","9","1929","72","false","BuyLink"
"/blog/pond-aerator-mosquito-larvae-canada","mosquito","buzzskito-mosquito-20","true","buzzskito-mosquito-20","false","search","","mosquito dunks bti","Mosquito dunks (BTI) &rarr;","10","2294","86","false","BuyLink"
"/blog/pond-aerator-mosquito-larvae-canada","mosquito","buzzskito-mosquito-20","true","buzzskito-mosquito-20","false","search","","mosquito bits granules bti","Mosquito bits granules &rarr;","11","2297","86","false","BuyLink"
"/blog/professional-vs-diy-mosquito-control-gta-comparison","mosquito","buzzskito-mosquito-20","true","buzzskito-mosquito-20","true","search","","summit mosquito dunks","Summit Mosquito Dunks (BTi)","1","508","17","true","TopPick"
"/blog/professional-vs-diy-mosquito-control-gta-comparison","mosquito","buzzskito-mosquito-20","true","buzzskito-mosquito-20","true","search","","thermacell e90 rechargeable","Check the Thermacell E90 on Amazon.ca →","2","607","20","false","BuyLink"
"/blog/professional-vs-diy-mosquito-control-gta-comparison","mosquito","buzzskito-mosquito-20","true","buzzskito-mosquito-20","true","search","","dynatrap dt1100 canada","Check the Dynatrap DT1100 on Amazon.ca →","3","975","32","false","BuyLink"
"/blog/professional-vs-diy-mosquito-control-gta-comparison","mosquito","buzzskito-mosquito-20","true","buzzskito-mosquito-20","true","search","","flowtron bk-40d bug zapper","See the Flowtron BK-40D on Amazon.ca →","4","1067","35","false","BuyLink"
"/blog/propane-mosquito-trap-canada","mosquito","buzzskito-mosquito-20","true","buzzskito-mosquito-20","true","search","","mosquito magnet patriot plus","Mosquito Magnet Patriot Plus (propane CO₂ trap)","1","71","3","sticky","StickyBuyBar"
"/blog/propane-mosquito-trap-canada","mosquito","buzzskito-mosquito-20","true","buzzskito-mosquito-20","true","search","","mosquito magnet patriot plus","Mosquito Magnet Patriot Plus (MM4200B)","2","211","10","true","TopPick"
"/blog/propane-mosquito-trap-canada","mosquito","buzzskito-mosquito-20","true","buzzskito-mosquito-20","true","search","","search","Check price on Amazon.ca","3","229","11","true","BuyLink"
"/blog/propane-mosquito-trap-canada","mosquito","buzzskito-mosquito-20","true","buzzskito-mosquito-20","true","search","","mosquito magnet executive","Check price on Amazon.ca","4","268","12","true","BuyLink"
"/blog/propane-mosquito-trap-canada","mosquito","buzzskito-mosquito-20","true","buzzskito-mosquito-20","true","search","","mosquito magnet patriot plus","Patriot Plus →","5","272","13","true","BuyLink"
"/blog/propane-mosquito-trap-canada","mosquito","buzzskito-mosquito-20","true","buzzskito-mosquito-20","true","search","","mosquito magnet independence","Independence →","6","274","13","true","BuyLink"
"/blog/propane-mosquito-trap-canada","mosquito","buzzskito-mosquito-20","true","buzzskito-mosquito-20","true","search","","mosquito magnet octenol attractant","Octenol attractant refills →","7","849","39","false","BuyLink"
"/blog/propane-mosquito-trap-canada","mosquito","buzzskito-mosquito-20","true","buzzskito-mosquito-20","true","search","","mosquito magnet replacement net","Replacement nets →","8","852","40","false","BuyLink"
"/blog/propane-vs-electric-fogger-canada","fogger","buzzskito-fogger-20","true","buzzskito-fogger-20","true","search","","burgess propane insect fogger","Burgess propane thermal fogger","1","79","4","sticky","StickyBuyBar"
"/blog/propane-vs-electric-fogger-canada","fogger","buzzskito-fogger-20","true","buzzskito-fogger-20","true","search","","burgess propane insect fogger","Check price on Amazon.ca →","2","409","20","true","BuyLink"
"/blog/propane-vs-electric-fogger-canada","fogger","buzzskito-fogger-20","true","buzzskito-fogger-20","true","search","","black flag electric insect fogger","Check price on Amazon.ca →","3","413","20","true","BuyLink"
"/blog/propane-vs-electric-fogger-canada","fogger","buzzskito-fogger-20","true","buzzskito-fogger-20","true","search","","burgess propane insect fogger","Burgess propane fogger →","4","729","36","false","BuyLink"
"/blog/propane-vs-electric-fogger-canada","fogger","buzzskito-fogger-20","true","buzzskito-fogger-20","true","search","","black flag electric insect fogger","Black Flag electric fogger →","5","732","36","false","BuyLink"
"/blog/propane-vs-electric-fogger-canada","fogger","buzzskito-fogger-20","true","buzzskito-fogger-20","true","search","","backpack sprayer 4 gallon","Backpack sprayer →","6","736","37","false","BuyLink"
"/blog/propane-vs-electric-fogger-canada","fogger","buzzskito-fogger-20","true","buzzskito-fogger-20","true","search","","burgess propane insect fogger","Burgess Propane Thermal Fogger","7","1960","97","false","TopPick"
"/blog/raccoon-and-skunk-proofing-under-a-deck-canada","wildlife","buzzskito-wildlife-20","true","buzzskito-wildlife-20","false","search","","galvanized hardware cloth 1/2 inch 36 inch roll","Half-inch galvanised hardware cloth","1","94","4","sticky","StickyBuyBar"
"/blog/raccoon-and-skunk-proofing-under-a-deck-canada","wildlife","buzzskito-wildlife-20","true","buzzskito-wildlife-20","false","search","","galvanized hardware cloth 1/2 inch 36 inch roll","Check price on Amazon.ca →","2","584","24","true","BuyLink"
"/blog/raccoon-and-skunk-proofing-under-a-deck-canada","wildlife","buzzskito-wildlife-20","true","buzzskito-wildlife-20","false","search","","galvanized hardware cloth 1/2 inch 36 inch roll","Check galvanised hardware cloth on Amazon.ca →","3","1569","64","false","BuyLink"
"/blog/raccoon-and-skunk-proofing-under-a-deck-canada","wildlife","buzzskito-wildlife-20","true","buzzskito-wildlife-20","false","search","","landscape staples 12 inch heavy duty garden stakes","Check heavy landscape staples on Amazon.ca →","4","1728","71","false","BuyLink"
"/blog/raccoon-and-skunk-proofing-under-a-deck-canada","wildlife","buzzskito-wildlife-20","true","buzzskito-wildlife-20","false","search","","hardware cloth 19 gauge 100 ft roll galvanized","Check 100 ft hardware cloth rolls on Amazon.ca →","5","1978","81","false","BuyLink"
"/blog/raccoon-deterrent","wildlife","buzzskito-wildlife-20","true","buzzskito-wildlife-20","true","dp_asin","B009F1R0GC","motion activated sprinkler animal repellent","Motion-activated sprinkler (Orbit Yard Enforcer)","1","92","3","sticky","StickyBuyBar"
"/blog/raccoon-deterrent","wildlife","buzzskito-wildlife-20","true","buzzskito-wildlife-20","true","search","","motion activated sprinkler animal repellent","Check price on Amazon.ca →","2","305","11","true","BuyLink"
"/blog/raccoon-deterrent","wildlife","buzzskito-wildlife-20","true","buzzskito-wildlife-20","true","search","","motion activated sprinkler animal repellent","Check price on Amazon.ca →","3","889","32","false","BuyLink"
"/blog/raccoon-deterrent","wildlife","buzzskito-wildlife-20","true","buzzskito-wildlife-20","true","search","","garbage can lid lock strap raccoon","Check price on Amazon.ca →","4","916","33","false","BuyLink"
"/blog/raccoon-deterrent","wildlife","buzzskito-wildlife-20","true","buzzskito-wildlife-20","true","search","","galvanized hardware cloth 1/2 inch","Check price on Amazon.ca →","5","942","34","false","BuyLink"
"/blog/raccoon-deterrent","wildlife","buzzskito-wildlife-20","true","buzzskito-wildlife-20","true","search","","solar predator eye deterrent light","Check price on Amazon.ca →","6","965","35","false","BuyLink"
"/blog/raccoon-deterrent","wildlife","buzzskito-wildlife-20","true","buzzskito-wildlife-20","true","search","","motion activated sprinkler animal repellent","Check motion-activated sprinklers on Amazon.ca →","7","1255","46","false","BuyLink"
"/blog/raccoon-deterrent","wildlife","buzzskito-wildlife-20","true","buzzskito-wildlife-20","true","search","","garbage can lid lock strap raccoon","Check bin straps and lid locks on Amazon.ca →","8","1499","55","false","BuyLink"
"/blog/raccoon-deterrent","wildlife","buzzskito-wildlife-20","true","buzzskito-wildlife-20","true","search","","galvanized hardware cloth 1/2 inch","Check galvanized hardware cloth on Amazon.ca →","9","1866","68","false","BuyLink"
"/blog/raccoon-proof-chimney-cap-canada","wildlife","buzzskito-wildlife-20","true","buzzskito-wildlife-20","false","search","","stainless steel chimney cap animal guard","Stainless steel chimney cap with animal screen","1","122","5","sticky","StickyBuyBar"
"/blog/raccoon-proof-chimney-cap-canada","wildlife","buzzskito-wildlife-20","true","buzzskito-wildlife-20","false","search","","stainless steel single flue chimney cap animal guard","Check price on Amazon.ca →","2","500","22","true","BuyLink"
"/blog/raccoon-proof-chimney-cap-canada","wildlife","buzzskito-wildlife-20","true","buzzskito-wildlife-20","false","search","","multi flue chimney cap stainless steel","Check price on Amazon.ca →","3","527","23","true","BuyLink"
"/blog/raccoon-proof-chimney-cap-canada","wildlife","buzzskito-wildlife-20","true","buzzskito-wildlife-20","false","search","","stainless steel chimney chase cover","Check price on Amazon.ca →","4","556","24","true","BuyLink"
"/blog/raccoon-proof-chimney-cap-canada","wildlife","buzzskito-wildlife-20","true","buzzskito-wildlife-20","false","search","","top sealing chimney damper stainless","Check price on Amazon.ca →","5","579","25","true","BuyLink"
"/blog/raccoon-proof-chimney-cap-canada","wildlife","buzzskito-wildlife-20","true","buzzskito-wildlife-20","false","search","","stainless steel roof vent guard animal","Check price on Amazon.ca →","6","605","26","false","BuyLink"
"/blog/raccoon-proof-chimney-cap-canada","wildlife","buzzskito-wildlife-20","true","buzzskito-wildlife-20","false","search","","stainless steel single flue chimney cap animal guard","Single-flue stainless cap →","7","1115","49","false","BuyLink"
"/blog/raccoon-proof-chimney-cap-canada","wildlife","buzzskito-wildlife-20","true","buzzskito-wildlife-20","false","search","","multi flue chimney cap stainless steel","Multi-flue crown cap →","8","1118","49","false","BuyLink"
"/blog/raccoon-proof-chimney-cap-canada","wildlife","buzzskito-wildlife-20","true","buzzskito-wildlife-20","false","search","","stainless steel chimney chase cover","Chase-top cover →","9","1121","49","false","BuyLink"
"/blog/raccoon-proof-chimney-cap-canada","wildlife","buzzskito-wildlife-20","true","buzzskito-wildlife-20","false","search","","top sealing chimney damper stainless","Top-sealing damper →","10","1123","49","false","BuyLink"
"/blog/rain-barrel-mosquito-proof-canada","mosquito","buzzskito-mosquito-20","true","buzzskito-mosquito-20","false","search","","downspout rain barrel diverter kit","Screened barrel + downspout diverter","1","83","3","sticky","StickyBuyBar"
"/blog/rain-barrel-mosquito-proof-canada","mosquito","buzzskito-mosquito-20","true","buzzskito-mosquito-20","false","search","","search","Check on Amazon.ca &rarr;","2","300","12","true","BuyLink"
"/blog/rain-barrel-mosquito-proof-canada","mosquito","buzzskito-mosquito-20","true","buzzskito-mosquito-20","false","search","","fiberglass window screen mesh roll","Fibreglass screen roll &rarr;","3","804","31","false","BuyLink"
"/blog/rain-barrel-mosquito-proof-canada","mosquito","buzzskito-mosquito-20","true","buzzskito-mosquito-20","false","search","","stainless steel mesh screen 20 mesh roll","Stainless 20-mesh &rarr;","4","807","32","false","BuyLink"
"/blog/rain-barrel-mosquito-proof-canada","mosquito","buzzskito-mosquito-20","true","buzzskito-mosquito-20","false","search","","stainless steel hose clamp assortment","Stainless hose clamps &rarr;","5","882","35","false","BuyLink"
"/blog/rain-barrel-mosquito-proof-canada","mosquito","buzzskito-mosquito-20","true","buzzskito-mosquito-20","false","search","","rain barrel overflow hose kit","Overflow hose kit &rarr;","6","1106","43","false","BuyLink"
"/blog/rain-barrel-mosquito-proof-canada","mosquito","buzzskito-mosquito-20","true","buzzskito-mosquito-20","false","search","","rain barrel linking kit","Barrel linking kit &rarr;","7","1109","43","false","BuyLink"
"/blog/rain-barrel-mosquito-proof-canada","mosquito","buzzskito-mosquito-20","true","buzzskito-mosquito-20","false","search","","downspout rain barrel diverter kit","Downspout diverter kits &rarr;","8","1275","50","false","BuyLink"
"/blog/rain-barrel-mosquito-proof-canada","mosquito","buzzskito-mosquito-20","true","buzzskito-mosquito-20","false","search","","summit mosquito dunks","Bti dunks &rarr;","9","1532","60","false","BuyLink"
"/blog/rain-barrel-mosquito-proof-canada","mosquito","buzzskito-mosquito-20","true","buzzskito-mosquito-20","false","search","","mosquito bits granules","Bti granules &rarr;","10","1534","60","false","BuyLink"
"/blog/rain-barrel-mosquito-proof-canada","mosquito","buzzskito-mosquito-20","true","buzzskito-mosquito-20","false","search","","rain barrel stand","Rain barrel stands &rarr;","11","1791","70","false","BuyLink"
"/blog/rain-barrel-mosquito-proof-canada","mosquito","buzzskito-mosquito-20","true","buzzskito-mosquito-20","false","search","","rain barrel brass spigot bulkhead kit","Brass spigot kits &rarr;","12","1794","70","false","BuyLink"
"/blog/rat-poison-canada-what-is-legal","rodent","buzzskito-rodent-20","true","buzzskito-rodent-20","true","search","","tomcat rat killer disposable station","Tomcat Rat Killer disposable station","1","135","7","true","AmazonLink"
"/blog/rat-poison-canada-what-is-legal","rodent","buzzskito-rodent-20","true","buzzskito-rodent-20","true","search","","heavy duty rat snap trap","Check price on Amazon.ca &rarr;","2","413","21","true","BuyLink"
"/blog/rat-poison-canada-what-is-legal","rodent","buzzskito-rodent-20","true","buzzskito-rodent-20","true","search","","tomcat rat killer disposable station","Check price on Amazon.ca &rarr;","3","478","24","true","BuyLink"
"/blog/rat-poison-canada-what-is-legal","rodent","buzzskito-rodent-20","true","buzzskito-rodent-20","true","search","","tomcat rat killer disposable station","Tomcat Rat Killer disposable station →","4","607","30","false","BuyLink"
"/blog/rat-poison-canada-what-is-legal","rodent","buzzskito-rodent-20","true","buzzskito-rodent-20","true","dp_asin","B012ODWW7Y","tomcat rat killer disposable station","Tomcat Rat Killer Disposable Bait Station (bromethalin)","5","612","31","false","TopPick"
"/blog/rat-poison-canada-what-is-legal","rodent","buzzskito-rodent-20","true","buzzskito-rodent-20","true","search","","tomcat rat killer disposable station","Check Tomcat Rat Killer station on Amazon.ca →","6","1139","57","false","BuyLink"
"/blog/rat-poison-canada-what-is-legal","rodent","buzzskito-rodent-20","true","buzzskito-rodent-20","true","search","","tomcat mouse killer disposable station","Tomcat Mouse Killer station →","7","1146","58","false","BuyLink"
"/blog/rat-poison-canada-what-is-legal","rodent","buzzskito-rodent-20","true","buzzskito-rodent-20","true","search","","self resetting rat trap co2","Check self-resetting CO&#8322; traps on Amazon.ca &rarr;","8","1733","87","false","BuyLink"
"/blog/rat-poison-canada-what-is-legal","rodent","buzzskito-rodent-20","true","buzzskito-rodent-20","true","search","","heavy duty rat snap trap","Rat snap traps &rarr;","9","1861","93","false","BuyLink"
"/blog/rat-poison-canada-what-is-legal","rodent","buzzskito-rodent-20","true","buzzskito-rodent-20","true","search","","electronic mouse trap","Electronic mouse trap &rarr;","10","1864","94","false","BuyLink"
"/blog/rat-poison-canada-what-is-legal","rodent","buzzskito-rodent-20","true","buzzskito-rodent-20","true","search","","heavy duty rat snap trap","Heavy-duty rat snap trap","11","1993","100","sticky","StickyBuyBar"
"/blog/red-ticks-and-clover-mites","tick","buzzskito-tick-20","true","buzzskito-tick-20","true","search","","fine tip tick removal tool tweezers","Check price on Amazon.ca →","1","359","11","true","BuyLink"
"/blog/red-ticks-and-clover-mites","tick","buzzskito-tick-20","true","buzzskito-tick-20","true","search","","small screw top specimen vials","Check price on Amazon.ca →","2","478","15","true","BuyLink"
"/blog/red-ticks-and-clover-mites","tick","buzzskito-tick-20","true","buzzskito-tick-20","true","search","","tick removal tool tweezers","Check tick-removal tools on Amazon &rarr;","3","1484","47","false","BuyLink"
"/blog/red-ticks-and-clover-mites","tick","buzzskito-tick-20","true","buzzskito-tick-20","true","search","","tick removal tool tweezers","Fine-Tipped Tick Remover Tool","4","1489","47","false","TopPick"
"/blog/red-ticks-and-clover-mites","tick","buzzskito-tick-20","true","buzzskito-tick-20","true","search","","icaridin picaridin insect repellent canada","Check price on Amazon.ca →","5","2535","81","false","BuyLink"
"/blog/red-ticks-and-clover-mites","tick","buzzskito-general-20","true","buzzskito-tick-20","true","search","","exterior silicone caulk sealant window","check exterior caulk and sealant on Amazon.ca &rarr;","6","3024","96","false","BuyLink"
"/blog/red-ticks-and-clover-mites","tick","buzzskito-general-20","true","buzzskito-tick-20","true","search","","cordless handheld vacuum","check handheld vacuums on Amazon.ca &rarr;","7","3109","99","false","BuyLink"
"/blog/red-ticks-and-clover-mites","tick","buzzskito-tick-20","true","buzzskito-tick-20","true","search","","tick removal tool tweezers","Fine-Tipped Tick Remover Tool","8","3145","100","sticky","StickyBuyBar"
"/blog/rescue-why-trap-review-canada","general","buzzskito-general-20","true","buzzskito-general-20","true","search","","rescue why trap wasp hornet yellowjacket","RESCUE! WHY Trap (wasps, hornets & yellowjackets)","1","83","3","sticky","StickyBuyBar"
"/blog/rescue-why-trap-review-canada","general","buzzskito-general-20","true","buzzskito-general-20","true","search","","rescue why trap wasp hornet yellowjacket","RESCUE! WHY Trap (Wasp, Hornet & Yellowjacket)","2","270","10","true","TopPick"
"/blog/rescue-why-trap-review-canada","general","buzzskito-general-20","true","buzzskito-general-20","true","search","","rescue why trap wasp hornet yellowjacket","RESCUE! WHY Trap &rarr;","3","971","38","false","BuyLink"
"/blog/rescue-why-trap-review-canada","general","buzzskito-general-20","true","buzzskito-general-20","true","search","","rescue why trap attractant refill","WHY attractant refill kits &rarr;","4","974","38","false","BuyLink"
"/blog/rescue-why-trap-review-canada","general","buzzskito-general-20","true","buzzskito-general-20","true","search","","garden shepherd hook plant hanger","check garden shepherd hooks on Amazon.ca &rarr;","5","1321","51","false","BuyLink"
"/blog/rescue-why-trap-review-canada","general","buzzskito-general-20","true","buzzskito-general-20","true","search","","rescue why trap wasp hornet yellowjacket","Check price on Amazon.ca &rarr;","6","1564","61","false","BuyLink"
"/blog/rescue-why-trap-review-canada","general","buzzskito-general-20","true","buzzskito-general-20","true","search","","rescue trapstik for wasps","Check price on Amazon.ca &rarr;","7","1596","62","false","BuyLink"
"/blog/rescue-why-trap-review-canada","general","buzzskito-general-20","true","buzzskito-general-20","true","search","","rescue disposable yellowjacket trap","Check price on Amazon.ca &rarr;","8","1629","63","false","BuyLink"
"/blog/rescue-why-trap-review-canada","general","buzzskito-general-20","true","buzzskito-general-20","true","search","","long cuff gauntlet garden gloves","check long-cuff garden gauntlets on Amazon.ca &rarr;","9","1996","78","false","BuyLink"
"/blog/rescue-why-trap-review-canada","general","buzzskito-general-20","true","buzzskito-general-20","true","search","","pop up mesh food cover outdoor","check mesh food covers on Amazon.ca &rarr;","10","2503","97","false","BuyLink"
"/blog/rescue-why-trap-review-canada","general","buzzskito-general-20","true","buzzskito-general-20","true","search","","rescue why trap wasp hornet yellowjacket","Check RESCUE! WHY Trap on Amazon.ca &rarr;","11","2509","97","false","BuyLink"
"/blog/rodent-exclusion-kit-canada","rodent","buzzskito-rodent-20","true","buzzskito-rodent-20","true","search","","copper mesh rodent control","Copper mesh rodent exclusion roll","1","82","3","sticky","StickyBuyBar"
"/blog/rodent-exclusion-kit-canada","rodent","buzzskito-rodent-20","true","buzzskito-rodent-20","true","search","","copper mesh rodent control","Check price on Amazon.ca →","2","486","15","true","BuyLink"
"/blog/rodent-exclusion-kit-canada","rodent","buzzskito-rodent-20","true","buzzskito-rodent-20","true","search","","stainless steel wool rodent exclusion","Check price on Amazon.ca →","3","503","16","true","BuyLink"
"/blog/rodent-exclusion-kit-canada","rodent","buzzskito-rodent-20","true","buzzskito-rodent-20","true","search","","hardware cloth 1/4 inch galvanized","Check price on Amazon.ca →","4","522","16","true","BuyLink"
"/blog/rodent-exclusion-kit-canada","rodent","buzzskito-rodent-20","true","buzzskito-rodent-20","true","search","","exterior polyurethane sealant masonry","Check price on Amazon.ca →","5","541","17","true","BuyLink"
"/blog/rodent-exclusion-kit-canada","rodent","buzzskito-rodent-20","true","buzzskito-rodent-20","true","search","","copper mesh rodent control","Copper mesh roll →","6","931","29","false","BuyLink"
"/blog/rodent-exclusion-kit-canada","rodent","buzzskito-rodent-20","true","buzzskito-rodent-20","true","search","","hardware cloth 1/4 inch galvanized","1/4&Prime; hardware cloth →","7","934","29","false","BuyLink"
"/blog/rodent-exclusion-kit-canada","rodent","buzzskito-rodent-20","true","buzzskito-rodent-20","true","search","","exterior polyurethane sealant masonry","Exterior sealant →","8","937","29","false","BuyLink"
"/blog/rodent-exclusion-kit-canada","rodent","buzzskito-rodent-20","true","buzzskito-rodent-20","true","search","","rodent proof garage door seal","Garage-door rodent seal →","9","939","29","false","BuyLink"
"/blog/rodent-exclusion-kit-canada","rodent","buzzskito-rodent-20","true","buzzskito-rodent-20","true","search","","copper mesh rodent control","Check copper mesh on Amazon.ca →","10","1363","43","false","BuyLink"
"/blog/rodent-exclusion-kit-canada","rodent","buzzskito-rodent-20","true","buzzskito-rodent-20","true","search","","hardware cloth 1/4 inch galvanized","Check 1/4&Prime; hardware cloth on Amazon.ca →","11","1850","58","false","BuyLink"
"/blog/rodent-exclusion-kit-canada","rodent","buzzskito-rodent-20","true","buzzskito-rodent-20","true","search","","rodent proof garage door seal","Check garage-door rodent seals on Amazon.ca →","12","2134","67","false","BuyLink"
"/blog/rodent-proof-compost-bin-canada","rodent","buzzskito-rodent-20","true","buzzskito-rodent-20","false","search","","dual chamber tumbling composter","Sealed dual-chamber tumbling composter","1","80","3","sticky","StickyBuyBar"
"/blog/rodent-proof-compost-bin-canada","rodent","buzzskito-rodent-20","true","buzzskito-rodent-20","false","search","","dual chamber tumbling composter","Check price on Amazon.ca &rarr;","2","471","20","true","BuyLink"
"/blog/rodent-proof-compost-bin-canada","rodent","buzzskito-rodent-20","true","buzzskito-rodent-20","false","search","","metal compost bin rodent proof","Check price on Amazon.ca &rarr;","3","494","21","true","BuyLink"
"/blog/rodent-proof-compost-bin-canada","rodent","buzzskito-rodent-20","true","buzzskito-rodent-20","false","search","","hardware cloth 1/4 inch galvanized","Check price on Amazon.ca &rarr;","4","520","22","true","BuyLink"
"/blog/rodent-proof-compost-bin-canada","rodent","buzzskito-rodent-20","true","buzzskito-rodent-20","false","search","","wire mesh compost bin","Check price on Amazon.ca &rarr;","5","563","23","true","BuyLink"
"/blog/rodent-proof-compost-bin-canada","rodent","buzzskito-rodent-20","true","buzzskito-rodent-20","false","search","","bokashi composting bin kit","Check price on Amazon.ca &rarr;","6","584","24","true","BuyLink"
"/blog/rodent-proof-compost-bin-canada","rodent","buzzskito-rodent-20","true","buzzskito-rodent-20","false","search","","dual chamber tumbling composter","Sealed tumbler &rarr;","7","1004","42","false","BuyLink"
"/blog/rodent-proof-compost-bin-canada","rodent","buzzskito-rodent-20","true","buzzskito-rodent-20","false","search","","metal compost bin rodent proof","Steel critter-proof bin &rarr;","8","1006","42","false","BuyLink"
"/blog/rodent-proof-compost-bin-canada","rodent","buzzskito-rodent-20","true","buzzskito-rodent-20","false","search","","hardware cloth 1/4 inch galvanized","Quarter-inch hardware cloth &rarr;","9","1009","42","false","BuyLink"
"/blog/rodent-proof-compost-bin-canada","rodent","buzzskito-rodent-20","true","buzzskito-rodent-20","false","search","","compost bin lid locking clips strap","Lid clips &amp; straps &rarr;","10","1012","42","false","BuyLink"
"/blog/rodent-proof-compost-bin-canada","rodent","buzzskito-rodent-20","true","buzzskito-rodent-20","false","search","","hardware cloth 1/4 inch galvanized","Check hardware cloth on Amazon.ca &rarr;","11","1534","64","false","BuyLink"
"/blog/rodent-proof-compost-bin-canada","rodent","buzzskito-rodent-20","true","buzzskito-rodent-20","false","search","","heavy duty ground anchor stakes","Check ground anchors &rarr;","12","1539","64","false","BuyLink"
"/blog/rodent-proof-compost-bin-canada","rodent","buzzskito-rodent-20","true","buzzskito-rodent-20","false","search","","compost aerator tool","compost aerator","13","1791","74","false","BuyLink"
"/blog/rodent-proof-compost-bin-canada","rodent","buzzskito-rodent-20","true","buzzskito-rodent-20","false","search","","compost thermometer long stem","compost thermometer","14","1795","75","false","BuyLink"
"/blog/smells-mosquitoes-hate","mosquito","buzzskito-mosquito-20","true","buzzskito-mosquito-20","true","search","","citronella essential oil","Check citronella oil on Amazon.ca →","1","281","21","true","BuyLink"
"/blog/smells-mosquitoes-hate","mosquito","buzzskito-mosquito-20","true","buzzskito-mosquito-20","true","search","","thermacell mosquito repeller","Check Thermacell price on Amazon.ca →","2","286","21","true","BuyLink"
"/blog/smells-mosquitoes-hate","mosquito","buzzskito-mosquito-20","true","buzzskito-mosquito-20","true","search","","oil of lemon eucalyptus repellent","Oil of Lemon Eucalyptus (OLE / PMD) Repellent","3","291","22","true","TopPick"
"/blog/smells-mosquitoes-hate","mosquito","buzzskito-mosquito-20","true","buzzskito-mosquito-20","true","search","","citronella candles outdoor","Check citronella candle sets on Amazon.ca &rarr;","4","588","44","true","BuyLink"
"/blog/smells-mosquitoes-hate","mosquito","buzzskito-mosquito-20","true","buzzskito-mosquito-20","true","search","","unscented sunscreen","Check unscented sunscreens on Amazon.ca &rarr;","5","777","58","false","BuyLink"
"/blog/smells-mosquitoes-hate","mosquito","buzzskito-mosquito-20","true","buzzskito-mosquito-20","true","search","","picaridin insect repellent","Check DEET and picaridin repellents on Amazon.ca &rarr;","6","1124","84","false","BuyLink"
"/blog/smells-mosquitoes-hate","mosquito","buzzskito-mosquito-20","true","buzzskito-mosquito-20","true","search","","mosquito dunks bti","Check Bti mosquito dunks on Amazon.ca &rarr;","7","1185","89","false","BuyLink"
"/blog/smells-mosquitoes-hate","mosquito","buzzskito-mosquito-20","true","buzzskito-mosquito-20","true","search","","outdoor oscillating pedestal fan","Check outdoor patio fans on Amazon.ca &rarr;","8","1257","94","false","BuyLink"
"/blog/smells-mosquitoes-hate","mosquito","buzzskito-mosquito-20","true","buzzskito-mosquito-20","true","search","","oil of lemon eucalyptus repellent","Oil of Lemon Eucalyptus Repellent","9","1336","100","sticky","StickyBuyBar"
"/blog/steamer-vs-heater-for-bed-bugs-canada","bedbug","buzzskito-bedbug-20","true","buzzskito-bedbug-20","true","search","","dupray neat steam cleaner","Dupray Neat steam cleaner","1","97","4","sticky","StickyBuyBar"
"/blog/steamer-vs-heater-for-bed-bugs-canada","bedbug","buzzskito-bedbug-20","true","buzzskito-bedbug-20","true","search","","dupray neat steam cleaner","Check price on Amazon.ca →","2","469","20","true","BuyLink"
"/blog/steamer-vs-heater-for-bed-bugs-canada","bedbug","buzzskito-bedbug-20","true","buzzskito-bedbug-20","true","search","","zappbug bed bug heater","Check price on Amazon.ca →","3","473","20","true","BuyLink"
"/blog/steamer-vs-heater-for-bed-bugs-canada","bedbug","buzzskito-bedbug-20","true","buzzskito-bedbug-20","true","search","","dupray neat steam cleaner","Dupray steamer →","4","753","32","false","BuyLink"
"/blog/steamer-vs-heater-for-bed-bugs-canada","bedbug","buzzskito-bedbug-20","true","buzzskito-bedbug-20","true","search","","zappbug bed bug heater","ZappBug heater →","5","755","32","false","BuyLink"
"/blog/steamer-vs-heater-for-bed-bugs-canada","bedbug","buzzskito-bedbug-20","true","buzzskito-bedbug-20","true","search","","dupray neat steam cleaner","Dupray Steam Cleaner","6","2303","97","false","TopPick"
"/blog/sureguard-mattress-encasement-review-canada","bedbug","buzzskito-bedbug-20","true","buzzskito-bedbug-20","true","search","","sureguard mattress encasement bed bug proof","SureGuard zippered mattress encasement","1","89","4","sticky","StickyBuyBar"
"/blog/sureguard-mattress-encasement-review-canada","bedbug","buzzskito-bedbug-20","true","buzzskito-bedbug-20","true","search","","sureguard mattress encasement bed bug proof","SureGuard Zippered Mattress Encasement (Invisi-Zip, six-sided bed-bug proof)","2","258","11","true","TopPick"
"/blog/sureguard-mattress-encasement-review-canada","bedbug","buzzskito-bedbug-20","true","buzzskito-bedbug-20","true","search","","sureguard mattress encasement bed bug proof","Check price on Amazon.ca →","3","334","14","true","BuyLink"
"/blog/sureguard-mattress-encasement-review-canada","bedbug","buzzskito-bedbug-20","true","buzzskito-bedbug-20","true","search","","saferest mattress encasement","Check price on Amazon.ca →","4","361","15","true","BuyLink"
"/blog/sureguard-mattress-encasement-review-canada","bedbug","buzzskito-bedbug-20","true","buzzskito-bedbug-20","true","search","","utopia bedding zippered mattress encasement","Check price on Amazon.ca →","5","387","16","true","BuyLink"
"/blog/sureguard-mattress-encasement-review-canada","bedbug","buzzskito-bedbug-20","true","buzzskito-bedbug-20","true","search","","sureguard mattress encasement bed bug proof","SureGuard encasement on Amazon.ca →","6","612","26","false","BuyLink"
"/blog/sureguard-mattress-encasement-review-canada","bedbug","buzzskito-bedbug-20","true","buzzskito-bedbug-20","true","search","","sureguard box spring encasement","SureGuard box-spring encasement →","7","616","26","false","BuyLink"
"/blog/sureguard-mattress-encasement-review-canada","bedbug","buzzskito-bedbug-20","true","buzzskito-bedbug-20","true","search","","saferest mattress encasement","SafeRest (compare) →","8","619","26","false","BuyLink"
"/blog/thermacell-canada-where-to-buy","mosquito","buzzskito-mosquito-20","true","buzzskito-mosquito-20","true","search","","thermacell e90 rechargeable mosquito repeller","Thermacell E90 Rechargeable Mosquito Repeller","1","61","3","sticky","StickyBuyBar"
"/blog/thermacell-canada-where-to-buy","mosquito","buzzskito-mosquito-20","true","buzzskito-mosquito-20","true","search","","thermacell e90 rechargeable mosquito repeller","Thermacell E90 Rechargeable","2","244","10","true","TopPick"
"/blog/thermacell-canada-where-to-buy","mosquito","buzzskito-mosquito-20","true","buzzskito-mosquito-20","true","search","","thermacell patio shield mosquito repeller","Check Thermacell price on Amazon.ca →","3","676","29","false","BuyLink"
"/blog/thermacell-canada-where-to-buy","mosquito","buzzskito-mosquito-20","true","buzzskito-mosquito-20","true","search","","thermacell refill","Refill packs →","4","681","29","false","BuyLink"
"/blog/thermacell-canada-where-to-buy","mosquito","buzzskito-mosquito-20","true","buzzskito-mosquito-20","true","search","","thermacell patio shield","Check price on Amazon.ca →","5","892","38","false","BuyLink"
"/blog/thermacell-canada-where-to-buy","mosquito","buzzskito-mosquito-20","true","buzzskito-mosquito-20","true","search","","thermacell e55 rechargeable mosquito repeller","Check price on Amazon.ca →","6","911","39","false","BuyLink"
"/blog/thermacell-canada-where-to-buy","mosquito","buzzskito-mosquito-20","true","buzzskito-mosquito-20","true","search","","thermacell e90 rechargeable mosquito repeller","Check price on Amazon.ca →","7","930","40","false","BuyLink"
"/blog/thermacell-canada-where-to-buy","mosquito","buzzskito-mosquito-20","true","buzzskito-mosquito-20","true","search","","thermacell mosquito repellent refill value pack","Check refill prices on Amazon.ca →","8","1203","51","false","BuyLink"
"/blog/thermacell-canada-where-to-buy","mosquito","buzzskito-mosquito-20","true","buzzskito-mosquito-20","true","search","","thermacell ex90 rechargeable mosquito repeller","Check EX90 availability on Amazon.ca →","9","1393","59","false","BuyLink"
"/blog/thermacell-canada-where-to-buy","mosquito","buzzskito-mosquito-20","true","buzzskito-mosquito-20","true","search","","mosquito head net hat","Check head nets on Amazon.ca →","10","1940","83","false","BuyLink"
"/blog/thermacell-canada-where-to-buy","mosquito","buzzskito-mosquito-20","true","buzzskito-mosquito-20","true","search","","mosquito dunks bti larvicide","Check BTI dunks on Amazon.ca →","11","2208","94","false","BuyLink"
"/blog/thermacell-canada-where-to-buy","mosquito","buzzskito-mosquito-20","true","buzzskito-mosquito-20","true","search","","icaridin insect repellent canada","Check icaridin and DEET repellents on Amazon.ca →","12","2299","98","false","BuyLink"
"/blog/thermacell-e90-canada-review","mosquito","buzzskito-mosquito-20","true","buzzskito-mosquito-20","true","search","","thermacell e90 rechargeable","Thermacell E90 Rechargeable Mosquito Repeller","1","82","4","sticky","StickyBuyBar"
"/blog/thermacell-e90-canada-review","mosquito","buzzskito-mosquito-20","true","buzzskito-mosquito-20","true","search","","thermacell e90 rechargeable","Thermacell E90","2","86","4","true","AmazonLink"
"/blog/thermacell-e90-canada-review","mosquito","buzzskito-mosquito-20","true","buzzskito-mosquito-20","true","search","","thermacell e90 rechargeable","Check price on Amazon.ca →","3","223","10","true","BuyLink"
"/blog/thermacell-e90-canada-review","mosquito","buzzskito-mosquito-20","true","buzzskito-mosquito-20","true","search","","thermacell e90 rechargeable","Thermacell E90 Rechargeable Mosquito Repeller","4","273","12","true","TopPick"
"/blog/thermacell-e90-canada-review","mosquito","buzzskito-mosquito-20","true","buzzskito-mosquito-20","true","search","","thermacell e-series refill 36 hour","36-hour E-Series refills on Amazon.ca →","5","1382","63","false","BuyLink"
"/blog/thermacell-e90-canada-review","mosquito","buzzskito-mosquito-20","true","buzzskito-mosquito-20","true","search","","thermacell e-series refill 72 hour","72-hour E-Series refills →","6","1387","63","false","BuyLink"
"/blog/thermacell-e90-canada-review","mosquito","buzzskito-mosquito-20","true","buzzskito-mosquito-20","true","search","","thermacell e90 rechargeable","Check E90 price on Amazon.ca →","7","1983","90","false","BuyLink"
"/blog/thermacell-e90-canada-review","mosquito","buzzskito-mosquito-20","true","buzzskito-mosquito-20","true","search","","thermacell ex90 adventure repeller","check the EX90 on Amazon.ca &rarr;","8","2046","93","false","BuyLink"
"/blog/thermacell-e90-canada-review","mosquito","buzzskito-mosquito-20","true","buzzskito-mosquito-20","true","search","","mosquito head net","check head nets on Amazon.ca &rarr;","9","2105","95","false","BuyLink"
"/blog/thermacell-e90-canada-review","mosquito","buzzskito-mosquito-20","true","buzzskito-mosquito-20","true","search","","permethrin clothing spray","check permethrin clothing sprays on Amazon.ca &rarr;","10","2167","98","false","BuyLink"
"/blog/thermacell-refills-recharge-canada","mosquito","buzzskito-mosquito-20","true","buzzskito-mosquito-20","true","search","","thermacell e-series refill","Thermacell E-Series Refill Cartridge (E55/E90)","1","72","6","sticky","StickyBuyBar"
"/blog/thermacell-refills-recharge-canada","mosquito","buzzskito-mosquito-20","true","buzzskito-mosquito-20","true","search","","thermacell e-series refill","E-Series cartridge (E55/E90) →","2","383","31","true","BuyLink"
"/blog/thermacell-refills-recharge-canada","mosquito","buzzskito-mosquito-20","true","buzzskito-mosquito-20","true","search","","thermacell original refill mats and fuel","Original mats + fuel →","3","385","32","true","BuyLink"
"/blog/thermacell-refills-recharge-canada","mosquito","buzzskito-mosquito-20","true","buzzskito-mosquito-20","true","search","","thermacell refill 120 hour mega","120-hour mega refill →","4","388","32","true","BuyLink"
"/blog/thermacell-refills-recharge-canada","mosquito","buzzskito-mosquito-20","true","buzzskito-mosquito-20","true","search","","thermacell liv refill","Liv refill →","5","391","32","true","BuyLink"
"/blog/thermacell-refills-recharge-canada","mosquito","buzzskito-mosquito-20","true","buzzskito-mosquito-20","true","search","","thermacell e-series refill","Thermacell E-Series Liquid Refill Cartridge (E55 / E90)","6","393","32","true","TopPick"
"/blog/thermal-vs-ulv-fogger-canada","fogger","buzzskito-fogger-20","true","buzzskito-fogger-20","true","search","","petratools ulv cordless fogger","PetraTools cordless ULV cold fogger","1","91","4","sticky","StickyBuyBar"
"/blog/thermal-vs-ulv-fogger-canada","fogger","buzzskito-fogger-20","true","buzzskito-fogger-20","true","search","","longray thermal fogger","Check price on Amazon.ca →","2","497","22","true","BuyLink"
"/blog/thermal-vs-ulv-fogger-canada","fogger","buzzskito-fogger-20","true","buzzskito-fogger-20","true","search","","petratools ulv cordless fogger","Check price on Amazon.ca →","3","501","23","true","BuyLink"
"/blog/thermal-vs-ulv-fogger-canada","fogger","buzzskito-fogger-20","true","buzzskito-fogger-20","true","search","","longray thermal fogger","Longray thermal fogger →","4","782","35","false","BuyLink"
"/blog/thermal-vs-ulv-fogger-canada","fogger","buzzskito-fogger-20","true","buzzskito-fogger-20","true","search","","petratools ulv cordless fogger","PetraTools ULV fogger →","5","785","35","false","BuyLink"
"/blog/thermal-vs-ulv-fogger-canada","fogger","buzzskito-fogger-20","true","buzzskito-fogger-20","true","search","","handheld ulv fogger machine","Handheld ULV fogger →","6","788","35","false","BuyLink"
"/blog/thermal-vs-ulv-fogger-canada","fogger","buzzskito-fogger-20","true","buzzskito-fogger-20","true","search","","petratools ulv cordless fogger","PetraTools-style Cordless ULV Cold Fogger","7","1472","66","false","TopPick"
"/blog/thermalstrike-ranger-review-canada","bedbug","buzzskito-bedbug-20","true","buzzskito-bedbug-20","true","search","","thermalstrike ranger heated suitcase bed bug","ThermalStrike Ranger heated bed bug suitcase","1","85","3","sticky","StickyBuyBar"
"/blog/thermalstrike-ranger-review-canada","bedbug","buzzskito-bedbug-20","true","buzzskito-bedbug-20","true","search","","thermalstrike ranger heated suitcase bed bug","ThermalStrike Ranger — heated bed bug suitcase","2","305","12","true","TopPick"
"/blog/thermalstrike-ranger-review-canada","bedbug","buzzskito-bedbug-20","true","buzzskito-bedbug-20","true","search","","thermalstrike ranger heated suitcase bed bug","Check price on Amazon.ca →","3","410","16","true","BuyLink"
"/blog/thermalstrike-ranger-review-canada","bedbug","buzzskito-bedbug-20","true","buzzskito-bedbug-20","true","search","","zappbug heater bed bug","Check price on Amazon.ca →","4","449","17","true","BuyLink"
"/blog/thermalstrike-ranger-review-canada","bedbug","buzzskito-bedbug-20","true","buzzskito-bedbug-20","true","search","","bed bug luggage heater bag","Check price on Amazon.ca →","5","488","19","true","BuyLink"
"/blog/thermalstrike-ranger-review-canada","bedbug","buzzskito-bedbug-20","true","buzzskito-bedbug-20","true","search","","thermalstrike ranger heated suitcase bed bug","ThermalStrike Ranger on Amazon.ca →","6","885","34","false","BuyLink"
"/blog/thermalstrike-ranger-review-canada","bedbug","buzzskito-bedbug-20","true","buzzskito-bedbug-20","true","search","","zappbug heater bed bug","ZappBug Heater (chamber alternative) →","7","889","34","false","BuyLink"
"/blog/thermalstrike-ranger-review-canada","bedbug","buzzskito-bedbug-20","true","buzzskito-bedbug-20","true","search","","thermalstrike ranger heated suitcase bed bug","Check ThermalStrike Ranger on Amazon.ca →","8","1614","62","false","BuyLink"
"/blog/tick-bite-on-dog-symptoms","tick","buzzskito-tick-20","true","buzzskito-tick-20","true","search","","tick removal tool tweezers","Fine-tipped tick removal tool","1","256","26","true","TopPick"
"/blog/tick-bite-on-dog-symptoms","tick","buzzskito-tick-20","true","buzzskito-tick-20","true","search","","tick removal tool tweezers","check price on Amazon.ca →","2","681","69","false","BuyLink"
"/blog/tick-bite-on-dog-symptoms","tick","buzzskito-tick-20","true","buzzskito-tick-20","true","search","","dog tick repellent","dog tick repellent (check price on Amazon.ca →)","3","868","87","false","BuyLink"
"/blog/tick-bite-on-dog-symptoms","tick","buzzskito-tick-20","true","buzzskito-tick-20","true","search","","tick removal tool tweezers","Fine-tipped tick removal tool","4","994","100","sticky","StickyBuyBar"
"/blog/tick-bite-symptoms-what-to-do-ontario","tick","buzzskito-tick-20","true","buzzskito-tick-20","true","search","","tick removal tool tweezers","Check tick-removal tools on Amazon.ca →","1","535","39","true","BuyLink"
"/blog/tick-bite-symptoms-what-to-do-ontario","tick","buzzskito-tick-20","true","buzzskito-tick-20","true","search","","tick removal tool tweezers","Fine-Tipped Tick Removal Tool","2","673","49","false","TopPick"
"/blog/tick-bite-symptoms-what-to-do-ontario","tick","buzzskito-tick-20","true","buzzskito-tick-20","true","search","","tick removal tool tweezers","Fine-Tipped Tick Removal Tool","3","1377","100","sticky","StickyBuyBar"
"/blog/tick-bite-vs-mosquito-bite","tick","buzzskito-tick-20","true","buzzskito-tick-20","true","search","","tick removal tool fine tip tweezers","Check price on Amazon.ca &rarr;","1","342","23","true","BuyLink"
"/blog/tick-bite-vs-mosquito-bite","tick","buzzskito-tick-20","true","buzzskito-tick-20","true","search","","small screw top specimen vials permanent marker","Check price on Amazon.ca &rarr;","2","403","27","true","BuyLink"
"/blog/tick-bite-vs-mosquito-bite","tick","buzzskito-tick-20","true","buzzskito-tick-20","true","search","","anti itch bite relief","Check anti-itch bite relief on Amazon.ca →","3","243","17","true","BuyLink"
"/blog/tick-bite-vs-mosquito-bite","tick","buzzskito-tick-20","true","buzzskito-tick-20","true","search","","tick removal tool tweezers","Check tick-removal tools on Amazon.ca →","4","624","42","false","BuyLink"
"/blog/tick-bite-vs-mosquito-bite","tick","buzzskito-tick-20","true","buzzskito-tick-20","true","dp_asin","B075DKL3Z6","tick removal tool tweezers","Fine-Tipped Tick-Removal Tool Set","5","629","43","false","TopPick"
"/blog/tick-bite-vs-mosquito-bite","tick","buzzskito-tick-20","true","buzzskito-tick-20","true","search","","outdoor mosquito trap","Check outdoor mosquito traps on Amazon.ca &rarr;","6","1174","80","false","BuyLink"
"/blog/tick-bite-vs-mosquito-bite","tick","buzzskito-tick-20","true","buzzskito-tick-20","true","search","","icaridin insect repellent","Check icaridin and DEET repellents on Amazon.ca &rarr;","7","1294","88","false","BuyLink"
"/blog/tick-bite-vs-mosquito-bite","tick","buzzskito-tick-20","true","buzzskito-tick-20","true","search","","permethrin treated clothing","Check permethrin-treated clothing on Amazon.ca &rarr;","8","1397","95","false","BuyLink"
"/blog/tick-bite-vs-mosquito-bite","tick","buzzskito-tick-20","true","buzzskito-tick-20","true","dp_asin","B075DKL3Z6","tick removal tool tweezers","Fine-Tipped Tick-Removal Tool Set","9","1469","100","sticky","StickyBuyBar"
"/blog/tick-bites-that-wont-heal-when-to-worry","tick","buzzskito-tick-20","true","buzzskito-tick-20","true","search","","fine tip tick removal tool tweezers","Check price on Amazon.ca &rarr;","1","346","494","true","BuyLink"
"/blog/tick-bites-that-wont-heal-when-to-worry","tick","buzzskito-tick-20","true","buzzskito-tick-20","true","search","","small screw top specimen vials","Check price on Amazon.ca &rarr;","2","410","586","true","BuyLink"
"/blog/tick-bites-that-wont-heal-when-to-worry","tick","buzzskito-tick-20","true","buzzskito-tick-20","true","search","","tick removal tool tweezers","Check tick-removal tools on Amazon.ca &rarr;","3","1088","1554","false","BuyLink"
"/blog/tick-bites-that-wont-heal-when-to-worry","tick","buzzskito-tick-20","true","buzzskito-tick-20","true","search","","icaridin insect repellent","Check price on Amazon.ca &rarr;","4","1285","1836","false","BuyLink"
"/blog/tick-bites-that-wont-heal-when-to-worry","tick","buzzskito-tick-20","true","buzzskito-tick-20","true","search","","tick removal tool tweezers","Tick-removal tool kit","5","70","100","sticky","StickyBuyBar"
"/blog/tick-control-ancaster-dundas-hamilton","tick","buzzskito-tick-20","true","buzzskito-tick-20","false","search","","tick removal tool tweezers","Fine-Tipped Tick Removal Tool (tweezers + tick key)","1","240","16","true","TopPick"
"/blog/tick-control-ancaster-dundas-hamilton","tick","buzzskito-tick-20","true","buzzskito-tick-20","false","search","","tick removal tool tweezers","Check price on Amazon.ca &rarr;","2","1402","93","false","BuyLink"
"/blog/tick-control-ancaster-dundas-hamilton","tick","buzzskito-tick-20","true","buzzskito-tick-20","false","search","","icaridin insect repellent","Check price on Amazon.ca &rarr;","3","1460","97","false","BuyLink"
"/blog/tick-control-ancaster-dundas-hamilton","tick","buzzskito-tick-20","true","buzzskito-tick-20","false","search","","tick repellent","See tick repellent on Amazon.ca &rarr;","4","1464","97","false","BuyLink"
"/blog/tick-control-ancaster-dundas-hamilton","tick","buzzskito-tick-20","true","buzzskito-tick-20","false","search","","tick removal tool tweezers","Fine-tipped tick removal tool","5","1503","100","sticky","StickyBuyBar"
"/blog/tick-control-richmond-hill-markham","tick","buzzskito-tick-20","true","buzzskito-tick-20","true","search","","tick removal tool tweezers","Fine-tipped tick-removal tool","1","275","22","true","TopPick"
"/blog/tick-control-richmond-hill-markham","tick","buzzskito-tick-20","true","buzzskito-tick-20","true","search","","insect shield permethrin treated clothing","Check price on Amazon.ca &rarr;","2","839","66","false","BuyLink"
"/blog/tick-control-richmond-hill-markham","tick","buzzskito-tick-20","true","buzzskito-tick-20","true","search","","tick removal tool tweezers","Check tick-removal tools on Amazon.ca &rarr;","3","1271","99","false","BuyLink"
"/blog/tick-control-richmond-hill-markham","tick","buzzskito-tick-20","true","buzzskito-tick-20","true","search","","tick removal tool tweezers","Fine-tipped tick-removal tool","4","1279","100","sticky","StickyBuyBar"
"/blog/tick-control-vaughan-king-city-woodbridge","tick","buzzskito-tick-20","true","buzzskito-tick-20","true","search","","tick removal tool tweezers","Fine-tipped tick-removal tool","1","227","23","true","TopPick"
"/blog/tick-control-vaughan-king-city-woodbridge","tick","buzzskito-tick-20","true","buzzskito-tick-20","true","search","","insect shield permethrin treated clothing","Check price on Amazon.ca &rarr;","2","516","53","true","BuyLink"
"/blog/tick-control-vaughan-king-city-woodbridge","tick","buzzskito-tick-20","true","buzzskito-tick-20","true","search","","small screw top specimen vials","Check price on Amazon.ca &rarr;","3","931","96","false","BuyLink"
"/blog/tick-control-vaughan-king-city-woodbridge","tick","buzzskito-tick-20","true","buzzskito-tick-20","true","search","","tick removal tool","See tick-removal tools on Amazon.ca &rarr;","4","935","96","false","BuyLink"
"/blog/tick-control-vaughan-king-city-woodbridge","tick","buzzskito-tick-20","true","buzzskito-tick-20","true","search","","tick removal tool tweezers","Fine-tipped tick-removal tool","5","974","100","sticky","StickyBuyBar"
"/blog/tick-head-stuck-in-skin","tick","buzzskito-tick-20","true","buzzskito-tick-20","true","search","","otom tick twister","Check tick removal tool price on Amazon.ca →","1","404","26","true","BuyLink"
"/blog/tick-head-stuck-in-skin","tick","buzzskito-tick-20","true","buzzskito-tick-20","true","search","","otom tick twister","Tick Twister-style hooked remover","2","411","26","true","TopPick"
"/blog/tick-head-stuck-in-skin","tick","buzzskito-tick-20","true","buzzskito-tick-20","true","search","","otom tick twister","Tick removal tool on Amazon.ca →","3","1415","89","false","BuyLink"
"/blog/tick-head-stuck-in-skin","tick","buzzskito-tick-20","true","buzzskito-tick-20","true","search","","fine tip tick tweezers","Fine-tip tick tweezers →","4","1420","90","false","BuyLink"
"/blog/tick-hot-spots-mississauga-2026","tick","buzzskito-tick-20","true","buzzskito-tick-20","true","search","","tick removal tool tweezers","Fine-tipped tick-removal tool","1","268","16","true","TopPick"
"/blog/tick-hot-spots-mississauga-2026","tick","buzzskito-tick-20","true","buzzskito-tick-20","true","search","","flea and tick comb for dogs","Check price on Amazon.ca &rarr;","2","1384","84","false","BuyLink"
"/blog/tick-hot-spots-mississauga-2026","tick","buzzskito-tick-20","true","buzzskito-tick-20","true","search","","tick removal tool tweezers","check tick-removal tools on Amazon.ca &rarr;","3","1595","97","false","BuyLink"
"/blog/tick-hot-spots-mississauga-2026","tick","buzzskito-tick-20","true","buzzskito-tick-20","true","search","","tick removal tool tweezers","Fine-tipped tick-removal tool","4","1639","100","sticky","StickyBuyBar"
"/blog/tick-hot-spots-oakville-burlington-2026","tick","buzzskito-tick-20","true","buzzskito-tick-20","true","search","","tick removal tool tweezers","Fine-Tipped Tick Removal Tool","1","221","11","true","TopPick"
"/blog/tick-hot-spots-oakville-burlington-2026","tick","buzzskito-tick-20","true","buzzskito-tick-20","true","search","","insect shield permethrin treated clothing","Check price on Amazon.ca →","2","1794","89","false","BuyLink"
"/blog/tick-hot-spots-oakville-burlington-2026","tick","buzzskito-tick-20","true","buzzskito-tick-20","true","search","","tick removal tool tweezers","Check price on Amazon.ca →","3","1972","98","false","BuyLink"
"/blog/tick-hot-spots-oakville-burlington-2026","tick","buzzskito-tick-20","true","buzzskito-tick-20","true","search","","icaridin insect repellent","See tick repellent on Amazon.ca →","4","1976","98","false","BuyLink"
"/blog/tick-hot-spots-oakville-burlington-2026","tick","buzzskito-tick-20","true","buzzskito-tick-20","true","search","","tick removal tool tweezers","Fine-tipped tick removal tool","5","2017","100","sticky","StickyBuyBar"
"/blog/tick-prevention-caledon-halton-hills","tick","buzzskito-tick-20","true","buzzskito-tick-20","true","search","","tick removal tool tweezers","Fine-Tipped Tick Removal Tool Kit","1","251","27","true","TopPick"
"/blog/tick-prevention-caledon-halton-hills","tick","buzzskito-tick-20","true","buzzskito-tick-20","true","search","","insect shield permethrin treated socks gaiters","Check price on Amazon.ca →","2","847","91","false","BuyLink"
"/blog/tick-prevention-caledon-halton-hills","tick","buzzskito-tick-20","true","buzzskito-tick-20","true","search","","icaridin insect repellent canada","Check price on Amazon.ca →","3","922","99","false","BuyLink"
"/blog/tick-prevention-caledon-halton-hills","tick","buzzskito-tick-20","true","buzzskito-tick-20","true","search","","tick repellent","See tick repellents on Amazon.ca →","4","926","99","false","BuyLink"
"/blog/tick-prevention-caledon-halton-hills","tick","buzzskito-tick-20","true","buzzskito-tick-20","true","search","","tick removal tool tweezers","Fine-tipped tick removal tool kit","5","934","100","sticky","StickyBuyBar"
"/blog/tick-prevention-yard-ontario-safe-for-kids","tick","buzzskito-tick-20","true","buzzskito-tick-20","true","search","","wondercide cedar oil yard spray ticks","Wondercide Cedar-Oil Yard Spray (hose-end)","1","976","48","false","TopPick"
"/blog/tick-prevention-yard-ontario-safe-for-kids","tick","buzzskito-tick-20","true","buzzskito-tick-20","true","search","","picaridin insect repellent canada","Check price on Amazon.ca →","2","1638","81","false","BuyLink"
"/blog/tick-prevention-yard-ontario-safe-for-kids","tick","buzzskito-tick-20","true","buzzskito-tick-20","true","search","","picaridin insect repellent canada","Picaridin (Icaridin) Insect Repellent","3","1642","81","false","TopPick"
"/blog/tick-prevention-yard-ontario-safe-for-kids","tick","buzzskito-tick-20","true","buzzskito-tick-20","true","search","","tick removal tool tweezers","Check price on Amazon.ca →","4","1833","91","false","BuyLink"
"/blog/tick-prevention-yard-ontario-safe-for-kids","tick","buzzskito-tick-20","true","buzzskito-tick-20","true","search","","wondercide cedar oil yard spray ticks","Wondercide Cedar-Oil Yard Spray (hose-end)","5","2023","100","sticky","StickyBuyBar"
"/blog/tick-removal-tool-guide","tick","buzzskito-tick-20","true","buzzskito-tick-20","true","dp_asin","B0D4DTM25H","otom tick twister","Tick Twister / O’Tom Tick Twister removal tool","1","60","5","sticky","StickyBuyBar"
"/blog/tick-removal-tool-guide","tick","buzzskito-tick-20","true","buzzskito-tick-20","true","search","","otom tick twister","Check tick-removal tools on Amazon.ca →","2","238","19","true","BuyLink"
"/blog/tick-removal-tool-guide","tick","buzzskito-tick-20","true","buzzskito-tick-20","true","search","","fine tip tick tweezers","Fine-tip tick tweezers →","3","243","19","true","BuyLink"
"/blog/tick-removal-tool-guide","tick","buzzskito-tick-20","true","buzzskito-tick-20","true","search","","search","Check price on Amazon.ca →","4","374","29","true","BuyLink"
"/blog/tick-removal-tool-guide","tick","buzzskito-tick-20","true","buzzskito-tick-20","true","search","","tick removal kit","Tick removal kit on Amazon.ca &rarr;","5","404","31","true","BuyLink"
"/blog/tick-removal-tool-guide","tick","buzzskito-tick-20","true","buzzskito-tick-20","true","search","","tick removal card","Wallet tick card &rarr;","6","409","32","true","BuyLink"
"/blog/tick-removal-tool-guide","tick","buzzskito-tick-20","true","buzzskito-tick-20","true","search","","tick twister dog","Tick Twister for dogs on Amazon.ca &rarr;","7","522","41","true","BuyLink"
"/blog/tick-repellent-for-dogs-ontario","tick","buzzskito-tick-20","true","buzzskito-tick-20","true","search","","K9 Advantix II for dogs","K9 Advantix II (topical tick repellent for dogs)","1","62","5","sticky","StickyBuyBar"
"/blog/tick-repellent-for-dogs-ontario","tick","buzzskito-tick-20","true","buzzskito-tick-20","true","search","","K9 Advantix II for dogs","Check price on Amazon.ca →","2","333","26","true","BuyLink"
"/blog/tick-repellent-for-dogs-ontario","tick","buzzskito-tick-20","true","buzzskito-tick-20","true","search","","Frontline Plus for dogs","Check price on Amazon.ca →","3","332","26","true","BuyLink"
"/blog/tick-repellent-for-dogs-ontario","tick","buzzskito-tick-20","true","buzzskito-tick-20","true","search","","Seresto tick collar for dogs","Check price on Amazon.ca →","4","332","26","true","BuyLink"
"/blog/tick-repellent-for-dogs-ontario","tick","buzzskito-tick-20","true","buzzskito-tick-20","true","search","","tick removal tool tweezers for dogs","Check tick-removal tools on Amazon.ca →","5","335","26","true","BuyLink"
"/blog/tick-season-burlington-when-are-ticks-active","tick","buzzskito-tick-20","true","buzzskito-tick-20","true","search","","tick removal tool tweezers","Check price on Amazon.ca →","1","244","14","true","BuyLink"
"/blog/tick-season-burlington-when-are-ticks-active","tick","buzzskito-tick-20","true","buzzskito-tick-20","true","search","","icaridin insect repellent canada","Check icaridin insect repellent on Amazon.ca →","2","1348","79","false","BuyLink"
"/blog/tick-season-burlington-when-are-ticks-active","tick","buzzskito-tick-20","true","buzzskito-tick-20","true","search","","insectguard permethrin gaiters","Check InsectGuard permethrin-treated gaiters on Amazon.ca →","3","1635","96","false","BuyLink"
"/blog/tick-season-burlington-when-are-ticks-active","tick","buzzskito-tick-20","true","buzzskito-tick-20","true","search","","insectguard permethrin gaiters","InsectGuard Permethrin-Treated Gaiters","4","1641","96","false","TopPick"
"/blog/tick-season-burlington-when-are-ticks-active","tick","buzzskito-tick-20","true","buzzskito-tick-20","true","search","","insectguard permethrin gaiters","InsectGuard Permethrin-Treated Gaiters","5","1703","100","sticky","StickyBuyBar"
"/blog/tick-season-mississauga-when-are-ticks-active","tick","buzzskito-tick-20","true","buzzskito-tick-20","true","search","","tick removal tool tweezers","Fine-Tipped Tick Removal Tool","1","185","11","true","TopPick"
"/blog/tick-season-mississauga-when-are-ticks-active","tick","buzzskito-tick-20","true","buzzskito-tick-20","true","search","","flea and tick comb for dogs","Check price on Amazon.ca →","2","1366","84","false","BuyLink"
"/blog/tick-season-mississauga-when-are-ticks-active","tick","buzzskito-tick-20","true","buzzskito-tick-20","true","search","","tick removal tool tweezers","Check tick-removal tools on Amazon.ca &rarr;","3","1581","98","false","BuyLink"
"/blog/tick-season-mississauga-when-are-ticks-active","tick","buzzskito-tick-20","true","buzzskito-tick-20","true","search","","tick removal tool tweezers","Fine-tipped tick removal tool","4","1620","100","sticky","StickyBuyBar"
"/blog/tick-season-oakville-when-are-ticks-active","tick","buzzskito-tick-20","true","buzzskito-tick-20","true","search","","tick removal tool tweezers","Check price on Amazon.ca →","1","336","18","true","BuyLink"
"/blog/tick-season-oakville-when-are-ticks-active","tick","buzzskito-tick-20","true","buzzskito-tick-20","true","search","","icaridin insect repellent canada","Check icaridin insect repellent on Amazon.ca →","2","1410","74","false","BuyLink"
"/blog/tick-season-oakville-when-are-ticks-active","tick","buzzskito-tick-20","true","buzzskito-tick-20","true","search","","thermacell tick control tubes 12 pack","Check tick control tubes on Amazon.ca →","3","1584","83","false","BuyLink"
"/blog/tick-season-oakville-when-are-ticks-active","tick","buzzskito-tick-20","true","buzzskito-tick-20","true","search","","insectguard permethrin gaiters","Permethrin-Treated Clothing & Gaiters","4","1834","96","false","TopPick"
"/blog/tick-season-oakville-when-are-ticks-active","tick","buzzskito-tick-20","true","buzzskito-tick-20","true","search","","insectguard permethrin gaiters","Check InsectGuard permethrin-treated gaiters on Amazon.ca →","5","1834","96","false","BuyLink"
"/blog/tick-season-oakville-when-are-ticks-active","tick","buzzskito-tick-20","true","buzzskito-tick-20","true","search","","insectguard permethrin gaiters","Permethrin-Treated Clothing & Gaiters","6","1905","100","sticky","StickyBuyBar"
"/blog/tick-season-ontario-when-are-ticks-active","tick","buzzskito-tick-20","true","buzzskito-tick-20","true","search","","tick removal tool tweezers","Check price on Amazon.ca &rarr;","1","403","30","true","BuyLink"
"/blog/tick-season-ontario-when-are-ticks-active","tick","buzzskito-tick-20","true","buzzskito-tick-20","true","search","","fine tooth flea and tick comb for dogs","Check price on Amazon.ca &rarr;","2","455","34","true","BuyLink"
"/blog/tick-season-ontario-when-are-ticks-active","tick","buzzskito-tick-20","true","buzzskito-tick-20","true","search","","tick removal tool tweezers","check tick-removal tools on Amazon.ca &rarr;","3","1304","98","false","BuyLink"
"/blog/tick-season-ontario-when-are-ticks-active","tick","buzzskito-tick-20","true","buzzskito-tick-20","true","search","","tick removal tool tweezers","Tick-removal tool kit","4","1335","100","sticky","StickyBuyBar"
"/blog/tick-tubes-canada","tick","buzzskito-tick-20","true","buzzskito-tick-20","true","search","","thermacell tick control tubes 12 pack","Thermacell Tick Control Tubes","1","81","4","sticky","StickyBuyBar"
"/blog/tick-tubes-canada","tick","buzzskito-tick-20","true","buzzskito-tick-20","true","search","","thermacell tick control tubes 12 pack","Check price on Amazon.ca →","2","383","18","true","BuyLink"
"/blog/tick-tubes-canada","tick","buzzskito-tick-20","true","buzzskito-tick-20","true","search","","tick tubes 20 pack","Generic 20-pack tick tubes →","3","387","18","true","BuyLink"
"/blog/tick-tubes-canada","tick","buzzskito-tick-20","true","buzzskito-tick-20","true","search","","thermacell tick control tubes 12 pack","Thermacell Tick Control Tubes","4","391","19","true","TopPick"
"/blog/tick-vs-bed-bug","bedbug","buzzskito-bedbug-20","true","buzzskito-bedbug-20","true","search","","tick removal tool tweezers","fine-tipped tick removal tweezers","1","326","6","true","BuyLink"
"/blog/tick-vs-bed-bug","bedbug","buzzskito-bedbug-20","true","buzzskito-bedbug-20","true","search","","tick removal tool tweezers","Fine-Tipped Tick Removal Tool","2","470","8","true","TopPick"
"/blog/tick-vs-bed-bug","bedbug","buzzskito-bedbug-20","true","buzzskito-bedbug-20","true","search","","bed bug spray","bed bug spray","3","3146","56","false","BuyLink"
"/blog/tick-vs-bed-bug","bedbug","buzzskito-bedbug-20","true","buzzskito-bedbug-20","true","search","","bed bug spray","bed bug spray","4","4284","77","false","BuyLink"
"/blog/tick-vs-bed-bug","bedbug","buzzskito-bedbug-20","true","buzzskito-bedbug-20","true","search","","insect shield permethrin treated clothing","insect shield permethrin treated clothing","5","5134","92","false","BuyLink"
"/blog/tick-vs-bed-bug","bedbug","buzzskito-bedbug-20","true","buzzskito-bedbug-20","true","search","","tick removal tool tweezers","Fine-Tipped Tick Removal Tool","6","5570","100","sticky","StickyBuyBar"
"/blog/toronto-tick-hot-spot-2026","tick","buzzskito-tick-20","true","buzzskito-tick-20","true","search","","tick removal tool tweezers","Fine-tipped tick-removal tool","1","265","21","true","TopPick"
"/blog/toronto-tick-hot-spot-2026","tick","buzzskito-tick-20","true","buzzskito-tick-20","true","search","","insect shield permethrin treated clothing","Check price on Amazon.ca &rarr;","2","968","77","false","BuyLink"
"/blog/toronto-tick-hot-spot-2026","tick","buzzskito-tick-20","true","buzzskito-tick-20","true","search","","tick removal tool tweezers","check tick-removal tools on Amazon.ca &rarr;","3","1217","97","false","BuyLink"
"/blog/toronto-tick-hot-spot-2026","tick","buzzskito-tick-20","true","buzzskito-tick-20","true","search","","tick removal tool tweezers","Fine-tipped tick-removal tool","4","1258","100","sticky","StickyBuyBar"
"/blog/traces-punaises-de-lit-matelas","bedbug","buzzskito-bedbug-20","true","buzzskito-bedbug-20","false","search","","saferest mattress encasement","Housse anti-punaises de lit pour matelas","1","249","9","sticky","StickyBuyBar"
"/blog/traces-punaises-de-lit-matelas","bedbug","buzzskito-bedbug-20","true","buzzskito-bedbug-20","false","search","","saferest mattress encasement","Housse anti-punaises &rarr;","2","1169","42","false","BuyLink"
"/blog/traces-punaises-de-lit-matelas","bedbug","buzzskito-bedbug-20","true","buzzskito-bedbug-20","false","search","","bed bug interceptor traps","Pièges intercepteurs &rarr;","3","1171","42","false","BuyLink"
"/blog/traces-punaises-de-lit-matelas","bedbug","buzzskito-bedbug-20","true","buzzskito-bedbug-20","false","search","","doktor doom diatomaceous earth","Voir les poudres dessiccantes homologuées sur Amazon.ca &rarr;","4","2286","81","false","BuyLink"
"/blog/types-of-ticks-identification","tick","buzzskito-tick-20","true","buzzskito-tick-20","true","search","","tick removal tool fine tip tweezers","Check price on Amazon.ca →","1","500","30","true","BuyLink"
"/blog/types-of-ticks-identification","tick","buzzskito-tick-20","true","buzzskito-tick-20","true","search","","10x magnifying glass hand lens","Check price on Amazon.ca →","2","736","45","false","BuyLink"
"/blog/types-of-ticks-identification","tick","buzzskito-tick-20","true","buzzskito-tick-20","true","search","","tick removal tool fine tip tweezers","Check tick-removal tools on Amazon →","3","1502","91","false","BuyLink"
"/blog/types-of-ticks-identification","tick","buzzskito-tick-20","true","buzzskito-tick-20","true","search","","tick removal tool fine tip tweezers","Fine-Tipped Tick Removal Tool Set","4","1507","92","false","TopPick"
"/blog/types-of-ticks-identification","tick","buzzskito-tick-20","true","buzzskito-tick-20","true","search","","insect shield permethrin treated clothing","Compare insect shield permethrin treated clothing →","5","1585","97","false","BuyLink"
"/blog/types-of-ticks-identification","tick","buzzskito-tick-20","true","buzzskito-tick-20","true","search","","tick removal tool fine tip tweezers","Fine-Tipped Tick Removal Tool Set","6","1642","100","sticky","StickyBuyBar"
"/blog/ultimate-backyard-mosquito-control-guide","mosquito","buzzskito-mosquito-20","true","buzzskito-mosquito-20","true","search","","summit mosquito dunks","Check price on Amazon.ca →","1","1012","73","false","BuyLink"
"/blog/ultimate-backyard-mosquito-control-guide","mosquito","buzzskito-mosquito-20","true","buzzskito-mosquito-20","true","search","","summit mosquito dunks","Summit Mosquito Dunks (Bti larvicide)","2","1016","74","false","TopPick"
"/blog/ultimate-backyard-mosquito-control-guide","mosquito","buzzskito-mosquito-20","true","buzzskito-mosquito-20","true","search","","thermacell mosquito repeller","Check price on Amazon.ca →","3","1076","78","false","BuyLink"
"/blog/ultimate-backyard-mosquito-control-guide","mosquito","buzzskito-mosquito-20","true","buzzskito-mosquito-20","true","search","","summit mosquito dunks","Summit Mosquito Dunks (Bti larvicide)","4","1379","100","sticky","StickyBuyBar"
"/blog/ultimate-tick-control-guide-ontario","tick","buzzskito-tick-20","true","buzzskito-tick-20","true","search","","tick removal tool tweezers","Check price on Amazon.ca →","1","372","17","true","BuyLink"
"/blog/ultimate-tick-control-guide-ontario","tick","buzzskito-tick-20","true","buzzskito-tick-20","true","search","","insect shield permethrin treated clothing","Check treated clothing on Amazon.ca →","2","1606","72","false","BuyLink"
"/blog/ultimate-tick-control-guide-ontario","tick","buzzskito-tick-20","true","buzzskito-tick-20","true","search","","thermacell tick control tubes 12 pack","Check price on Amazon.ca →","3","1794","80","false","BuyLink"
"/blog/ultimate-tick-control-guide-ontario","tick","buzzskito-tick-20","true","buzzskito-tick-20","true","search","","tick removal tool tweezers","Check price on Amazon.ca →","4","2073","93","false","BuyLink"
"/blog/ultimate-tick-control-guide-ontario","tick","buzzskito-tick-20","true","buzzskito-tick-20","true","search","","tick removal tool tweezers","Fine-Tip Tick Removal Tool Set","5","2087","93","false","TopPick"
"/blog/ultimate-tick-control-guide-ontario","tick","buzzskito-tick-20","true","buzzskito-tick-20","true","search","","tick removal tool tweezers","Fine-tip tick removal tool set","6","2234","100","sticky","StickyBuyBar"
"/blog/ultrasonic-pest-repellers-do-they-work","wildlife","buzzskito-wildlife-20","true","buzzskito-wildlife-20","true","search","","victor electronic mouse trap","Check price on Amazon.ca →","1","424","25","true","BuyLink"
"/blog/ultrasonic-pest-repellers-do-they-work","wildlife","buzzskito-wildlife-20","true","buzzskito-wildlife-20","true","search","","steel wool rodent control gap filler","Check price on Amazon.ca →","2","1287","76","false","BuyLink"
"/blog/ultrasonic-pest-repellers-do-they-work","wildlife","buzzskito-wildlife-20","true","buzzskito-wildlife-20","true","search","","victor electronic mouse trap","Victor M250S Electronic Mouse Trap","3","1375","81","false","TopPick"
"/blog/ultrasonic-pest-repellers-do-they-work","wildlife","buzzskito-wildlife-20","true","buzzskito-wildlife-20","true","search","","victor electronic mouse trap","Check the Victor electronic trap on Amazon.ca →","4","1375","81","false","BuyLink"
"/blog/ultrasonic-pest-repellers-do-they-work","wildlife","buzzskito-wildlife-20","true","buzzskito-wildlife-20","true","search","","victor electronic mouse trap","Victor M250S electronic mouse trap","5","1690","100","sticky","StickyBuyBar"
"/blog/vapamore-mr100-steamer-review-canada","steamer","buzzskito-steamer-20","true","buzzskito-steamer-20","true","search","","vapamore mr-100 primo steam cleaner","Vapamore MR-100 Primo dry-steam cleaner","1","99","4","sticky","StickyBuyBar"
"/blog/vapamore-mr100-steamer-review-canada","steamer","buzzskito-steamer-20","true","buzzskito-steamer-20","true","search","","vapamore mr-100 primo steam cleaner","Vapamore MR-100 Primo Dry-Vapour Steam Cleaner","2","296","11","true","TopPick"
"/blog/vapamore-mr100-steamer-review-canada","steamer","buzzskito-steamer-20","true","buzzskito-steamer-20","true","search","","vapamore mr-100 primo steam cleaner","Check price on Amazon.ca →","3","375","15","true","BuyLink"
"/blog/vapamore-mr100-steamer-review-canada","steamer","buzzskito-steamer-20","true","buzzskito-steamer-20","true","search","","dupray neat steam cleaner","Check price on Amazon.ca →","4","403","16","true","BuyLink"
"/blog/vapamore-mr100-steamer-review-canada","steamer","buzzskito-steamer-20","true","buzzskito-steamer-20","true","search","","mcculloch mc1275 steam cleaner","Check price on Amazon.ca →","5","428","17","true","BuyLink"
"/blog/vapamore-mr100-steamer-review-canada","steamer","buzzskito-steamer-20","true","buzzskito-steamer-20","true","search","","handheld steam cleaner bed bugs","Check price on Amazon.ca →","6","455","18","true","BuyLink"
"/blog/vapamore-mr100-steamer-review-canada","steamer","buzzskito-steamer-20","true","buzzskito-steamer-20","true","search","","vapamore mr-100 primo steam cleaner","Vapamore MR-100 Primo →","7","767","30","false","BuyLink"
"/blog/vapamore-mr100-steamer-review-canada","steamer","buzzskito-steamer-20","true","buzzskito-steamer-20","true","search","","dupray neat steam cleaner","Dupray Neat →","8","770","30","false","BuyLink"
"/blog/vapamore-mr100-steamer-review-canada","steamer","buzzskito-steamer-20","true","buzzskito-steamer-20","true","search","","mcculloch mc1275 steam cleaner","McCulloch MC1275 →","9","772","30","false","BuyLink"
"/blog/victor-electronic-mouse-trap-review-canada","rodent","buzzskito-rodent-20","true","buzzskito-rodent-20","true","search","","victor electronic mouse trap m250s","Victor M250S Electronic Mouse Trap","1","79","4","sticky","StickyBuyBar"
"/blog/victor-electronic-mouse-trap-review-canada","rodent","buzzskito-rodent-20","true","buzzskito-rodent-20","true","search","","victor electronic mouse trap m250s","Victor M250S on Amazon.ca →","2","282","15","true","BuyLink"
"/blog/victor-electronic-mouse-trap-review-canada","rodent","buzzskito-rodent-20","true","buzzskito-rodent-20","true","search","","victor m1 smart kill mouse trap","M1 Smart-Kill (Wi-Fi) →","3","285","15","true","BuyLink"
"/blog/victor-electronic-mouse-trap-review-canada","rodent","buzzskito-rodent-20","true","buzzskito-rodent-20","true","search","","victor electronic mouse trap m250s","Victor M250S Electronic Mouse Trap","4","287","15","true","TopPick"
"/blog/victor-electronic-mouse-trap-review-canada","rodent","buzzskito-rodent-20","true","buzzskito-rodent-20","true","search","","victor m1 smart kill mouse trap","Check M1 Smart-Kill availability →","5","1074","57","false","BuyLink"
"/blog/victor-electronic-mouse-trap-review-canada","rodent","buzzskito-rodent-20","true","buzzskito-rodent-20","true","search","","victor electronic mouse trap m250s","Check Victor M250S price on Amazon.ca →","6","1793","96","false","BuyLink"
"/blog/wasp-dust-canada","wasp","buzzskito-wasp-20","true","buzzskito-wasp-20","false","search","","wilson one shot foam wasp hornet killer","Wilson OneShot Jet Foam Wasp & Hornet Killer","1","107","6","sticky","StickyBuyBar"
"/blog/wasp-dust-canada","wasp","buzzskito-wasp-20","true","buzzskito-wasp-20","false","search","","wilson one shot foam wasp hornet killer","Wilson OneShot jet foam &rarr;","2","595","31","true","BuyLink"
"/blog/wasp-dust-canada","wasp","buzzskito-wasp-20","true","buzzskito-wasp-20","false","search","","bulb duster pesticide applicator","Bulb dusters &rarr;","3","599","31","true","BuyLink"
"/blog/wasp-dust-canada","wasp","buzzskito-wasp-20","true","buzzskito-wasp-20","false","search","","diatomaceous earth insect dust","DE insect dust &rarr;","4","601","32","false","BuyLink"
"/blog/wasp-dust-canada","wasp","buzzskito-wasp-20","true","buzzskito-wasp-20","false","search","","beekeeping suit full body hood","Protective suits &rarr;","5","604","32","false","BuyLink"
"/blog/west-nile-virus-mississauga-2026","mosquito","buzzskito-mosquito-20","true","buzzskito-mosquito-20","true","search","","summit mosquito dunks","Check Mosquito Dunks on Amazon.ca →","1","1246","80","false","BuyLink"
"/blog/west-nile-virus-mississauga-2026","mosquito","buzzskito-mosquito-20","true","buzzskito-mosquito-20","true","search","","summit mosquito bits","Check Mosquito Bits on Amazon.ca →","2","1273","82","false","BuyLink"
"/blog/west-nile-virus-mississauga-2026","mosquito","buzzskito-mosquito-20","true","buzzskito-mosquito-20","true","search","","summit mosquito dunks","Summit Mosquito Dunks (Bti larvicide)","3","1278","82","false","TopPick"
"/blog/west-nile-virus-mississauga-2026","mosquito","buzzskito-mosquito-20","true","buzzskito-mosquito-20","true","search","","summit mosquito dunks","Summit Mosquito Dunks (Bti larvicide)","4","1559","100","sticky","StickyBuyBar"
"/blog/west-nile-virus-toronto-2026","mosquito","buzzskito-mosquito-20","true","buzzskito-mosquito-20","true","search","","summit mosquito dunks","Check Mosquito Dunks on Amazon.ca →","1","798","78","false","BuyLink"
"/blog/west-nile-virus-toronto-2026","mosquito","buzzskito-mosquito-20","true","buzzskito-mosquito-20","true","search","","summit mosquito bits","Check Mosquito Bits on Amazon.ca →","2","814","80","false","BuyLink"
"/blog/west-nile-virus-toronto-2026","mosquito","buzzskito-mosquito-20","true","buzzskito-mosquito-20","true","search","","summit mosquito dunks","Summit Mosquito Dunks (BTI Larvicide)","3","900","88","false","TopPick"
"/blog/west-nile-virus-toronto-2026","mosquito","buzzskito-mosquito-20","true","buzzskito-mosquito-20","true","search","","summit mosquito dunks","Summit Mosquito Dunks (Bti larvicide)","4","1017","100","sticky","StickyBuyBar"
"/blog/what-attracts-mosquitoes-to-you","mosquito","buzzskito-mosquito-20","true","buzzskito-mosquito-20","true","search","","picaridin insect repellent","Check picaridin repellent on Amazon →","1","1000","60","false","BuyLink"
"/blog/what-attracts-mosquitoes-to-you","mosquito","buzzskito-mosquito-20","true","buzzskito-mosquito-20","true","search","","thermacell mosquito repeller","Thermacell patio repeller →","2","1005","61","false","BuyLink"
"/blog/what-attracts-mosquitoes-to-you","mosquito","buzzskito-mosquito-20","true","buzzskito-mosquito-20","true","search","","picaridin insect repellent","Picaridin 20% Insect Repellent","3","1488","90","false","TopPick"
"/blog/what-attracts-mosquitoes-to-you","mosquito","buzzskito-mosquito-20","true","buzzskito-mosquito-20","true","search","","picaridin insect repellent","Picaridin 20% insect repellent","4","1661","100","sticky","StickyBuyBar"
"/blog/what-blood-type-do-mosquitoes-bite","mosquito","buzzskito-mosquito-20","true","buzzskito-mosquito-20","false","search","","picaridin insect repellent spray","Check picaridin &amp; DEET repellents on Amazon &rarr;","1","3573","72","false","BuyLink"
"/blog/what-blood-type-do-mosquitoes-bite","mosquito","buzzskito-mosquito-20","true","buzzskito-mosquito-20","false","search","","patio mosquito repeller device","Check patio zone repellers on Amazon &rarr;","2","4017","81","false","BuyLink"
"/blog/what-blood-type-do-mosquitoes-bite","mosquito","buzzskito-mosquito-20","true","buzzskito-mosquito-20","false","search","","mosquito net bug jacket","Check bug jackets &amp; head nets on Amazon &rarr;","3","4232","85","false","BuyLink"
"/blog/what-blood-type-do-mosquitoes-bite","mosquito","buzzskito-mosquito-20","true","buzzskito-mosquito-20","false","search","","bti mosquito dunks","Check Bti mosquito dunks on Amazon &rarr;","4","4947","99","false","BuyLink"
"/blog/what-does-a-tick-bite-look-like","tick","buzzskito-tick-20","true","buzzskito-tick-20","true","search","","tick removal kit","Tick Remover Kit (fine-tip + hook set)","1","956","1912","false","TopPick"
"/blog/what-does-a-tick-bite-look-like","tick","buzzskito-tick-20","true","buzzskito-tick-20","true","search","","tick removal kit","Check price on a tick removal kit at Amazon.ca &rarr;","2","956","1912","false","BuyLink"
"/blog/what-does-a-tick-bite-look-like","tick","buzzskito-tick-20","true","buzzskito-tick-20","true","search","","tick removal kit","Tick remover kit (fine-tip + hook)","3","50","100","sticky","StickyBuyBar"
"/blog/what-does-mouse-poop-look-like-canada","rodent","buzzskito-rodent-20","true","buzzskito-rodent-20","false","dp_asin","B0CQ8RSTC9","victor mouse trap 4 pack","Victor snap traps (what to buy once you've confirmed it)","1","176","3","sticky","StickyBuyBar"
"/blog/what-does-mouse-poop-look-like-canada","rodent","buzzskito-rodent-20","true","buzzskito-rodent-20","false","search","","n95 respirator masks niosh","Check price on Amazon.ca &rarr;","2","521","8","true","BuyLink"
"/blog/what-does-mouse-poop-look-like-canada","rodent","buzzskito-rodent-20","true","buzzskito-rodent-20","false","search","","victor mouse trap 4 pack","Check price on Amazon.ca &rarr;","3","596","9","true","BuyLink"
"/blog/what-does-mouse-poop-look-like-canada","rodent","buzzskito-rodent-20","true","buzzskito-rodent-20","false","search","","n95 respirator masks niosh","Respirator &rarr;","4","1546","24","false","BuyLink"
"/blog/what-does-mouse-poop-look-like-canada","rodent","buzzskito-rodent-20","true","buzzskito-rodent-20","false","search","","victor mouse trap 4 pack","Snap traps &rarr;","5","1547","24","false","BuyLink"
"/blog/what-does-mouse-poop-look-like-canada","rodent","buzzskito-rodent-20","true","buzzskito-rodent-20","false","search","","stainless steel wool rodent exclusion","Exclusion fill &rarr;","6","1549","24","false","BuyLink"
"/blog/what-does-mouse-poop-look-like-canada","rodent","buzzskito-rodent-20","true","buzzskito-rodent-20","false","search","","n95 respirator masks niosh","Respirator &amp; gloves &rarr;","7","5900","91","false","BuyLink"
"/blog/what-does-mouse-poop-look-like-canada","rodent","buzzskito-rodent-20","true","buzzskito-rodent-20","false","search","","victor mouse trap 4 pack","Snap traps &rarr;","8","5902","91","false","BuyLink"
"/blog/what-does-mouse-poop-look-like-canada","rodent","buzzskito-rodent-20","true","buzzskito-rodent-20","false","search","","hardware cloth 1/4 inch galvanized","1/4-inch hardware cloth &rarr;","9","5904","91","false","BuyLink"
"/blog/what-does-tick-look-like-on-dog","tick","buzzskito-tick-20","true","buzzskito-tick-20","true","search","","tick removal tool tweezers","Check price on Amazon.ca &rarr;","1","312","28","true","BuyLink"
"/blog/what-does-tick-look-like-on-dog","tick","buzzskito-tick-20","true","buzzskito-tick-20","true","search","","flea tick comb dog","Check price on Amazon.ca &rarr;","2","812","74","false","BuyLink"
"/blog/what-does-tick-look-like-on-dog","tick","buzzskito-tick-20","true","buzzskito-tick-20","true","search","","tick removal tool tweezers","Fine-Tipped Tick Removal Tool / Pointed Tweezers","3","900","82","false","TopPick"
"/blog/what-does-tick-look-like-on-dog","tick","buzzskito-tick-20","true","buzzskito-tick-20","true","search","","tick removal tool dog","See dog tick removal tools on Amazon.ca &rarr;","4","1069","97","false","BuyLink"
"/blog/what-does-tick-look-like-on-dog","tick","buzzskito-tick-20","true","buzzskito-tick-20","true","search","","tick removal tool tweezers","Fine-tipped tick removal tweezers","5","1104","100","sticky","StickyBuyBar"
"/blog/what-eats-ticks-and-mosquitoes","tick","buzzskito-tick-20","true","buzzskito-tick-20","true","search","","mosquito dunks bti larvicide","Check price on Amazon.ca &rarr;","1","410","23","true","BuyLink"
"/blog/what-eats-ticks-and-mosquitoes","tick","buzzskito-tick-20","true","buzzskito-tick-20","true","search","","outdoor patio fan","Check price on Amazon.ca &rarr;","2","496","28","true","BuyLink"
"/blog/what-eats-ticks-and-mosquitoes","tick","buzzskito-tick-20","true","buzzskito-tick-20","true","search","","beneficial nematodes lawn","Check price on Amazon.ca &rarr;","3","1164","66","false","BuyLink"
"/blog/what-eats-ticks-and-mosquitoes","tick","buzzskito-tick-20","true","buzzskito-tick-20","true","search","","beneficial nematodes lawn","Beneficial Nematodes (live, lawn-applied)","4","1195","68","false","TopPick"
"/blog/what-eats-ticks-and-mosquitoes","tick","buzzskito-tick-20","true","buzzskito-tick-20","true","search","","icaridin insect repellent","Check price on Amazon.ca &rarr;","5","1713","97","false","BuyLink"
"/blog/what-eats-ticks-and-mosquitoes","tick","buzzskito-tick-20","true","buzzskito-tick-20","true","search","","beneficial nematodes lawn","Beneficial nematodes (lawn-applied)","6","1765","100","sticky","StickyBuyBar"
"/blog/what-kills-bed-bugs-instantly-canada","bedbug","buzzskito-bedbug-20","true","buzzskito-bedbug-20","false","search","","bed bug steamer dry vapour","Dry-vapour steamer — the genuinely instant tool","1","146","4","sticky","StickyBuyBar"
"/blog/what-kills-bed-bugs-instantly-canada","bedbug","buzzskito-bedbug-20","true","buzzskito-bedbug-20","false","search","","bed bug steamer dry vapour","Dry-vapour steamer &rarr;","2","1352","38","false","BuyLink"
"/blog/what-kills-bed-bugs-instantly-canada","bedbug","buzzskito-bedbug-20","true","buzzskito-bedbug-20","false","search","","safers insect killing diatomaceous earth","Safer&rsquo;s registered DE &rarr;","3","1354","38","false","BuyLink"
"/blog/what-kills-bed-bugs-instantly-canada","bedbug","buzzskito-bedbug-20","true","buzzskito-bedbug-20","false","search","","bed bug heater bag luggage heat treatment","Heated chamber &rarr;","4","1357","38","false","BuyLink"
"/blog/what-kills-bed-bugs-instantly-canada","bedbug","buzzskito-bedbug-20","true","buzzskito-bedbug-20","false","search","","bed bug steamer dry vapour","Check dry-vapour steamers on Amazon.ca &rarr;","5","1653","46","false","BuyLink"
"/blog/what-kills-bed-bugs-instantly-canada","bedbug","buzzskito-bedbug-20","true","buzzskito-bedbug-20","false","search","","doktor doom sleep tight bed bug spray","Check Doktor Doom Sleep Tight on Amazon.ca &rarr;","6","2455","68","false","BuyLink"
"/blog/what-kills-bed-bugs-instantly-canada","bedbug","buzzskito-bedbug-20","true","buzzskito-bedbug-20","false","search","","safers insect killing diatomaceous earth","Check Safer&rsquo;s registered DE on Amazon.ca &rarr;","7","2798","78","false","BuyLink"
"/blog/what-percentage-of-ticks-carry-lyme-ontario","tick","buzzskito-tick-20","true","buzzskito-tick-20","false","search","","tick removal tool tweezers","Fine-Tipped Tick Removal Tool (tweezers + tick key)","1","276","17","true","TopPick"
"/blog/what-percentage-of-ticks-carry-lyme-ontario","tick","buzzskito-tick-20","true","buzzskito-tick-20","false","search","","tick removal tool tweezers","Check price on Amazon.ca &rarr;","2","1256","78","false","BuyLink"
"/blog/what-percentage-of-ticks-carry-lyme-ontario","tick","buzzskito-tick-20","true","buzzskito-tick-20","false","search","","icaridin insect repellent","Check price on Amazon.ca &rarr;","3","1514","94","false","BuyLink"
"/blog/what-percentage-of-ticks-carry-lyme-ontario","tick","buzzskito-tick-20","true","buzzskito-tick-20","false","search","","tick repellent","See tick repellent on Amazon.ca &rarr;","4","1518","94","false","BuyLink"
"/blog/what-percentage-of-ticks-carry-lyme-ontario","tick","buzzskito-tick-20","true","buzzskito-tick-20","false","search","","tick removal tool tweezers","Fine-tipped tick removal tool","5","1609","100","sticky","StickyBuyBar"
"/blog/what-size-dehumidifier-do-i-need-canada","dehumidifier","buzzskito-dehumidifier-20","true","buzzskito-dehumidifier-20","false","search","","50 pint dehumidifier energy star continuous drain","50-pint dehumidifier — the Canadian basement default","1","110","5","sticky","StickyBuyBar"
"/blog/what-size-dehumidifier-do-i-need-canada","dehumidifier","buzzskito-dehumidifier-20","true","buzzskito-dehumidifier-20","false","search","","compact 30 pint dehumidifier energy star humidistat","Check price on Amazon.ca →","2","496","22","true","BuyLink"
"/blog/what-size-dehumidifier-do-i-need-canada","dehumidifier","buzzskito-dehumidifier-20","true","buzzskito-dehumidifier-20","false","search","","35 pint dehumidifier energy star continuous drain","Check price on Amazon.ca →","3","516","23","true","BuyLink"
"/blog/what-size-dehumidifier-do-i-need-canada","dehumidifier","buzzskito-dehumidifier-20","true","buzzskito-dehumidifier-20","false","search","","50 pint dehumidifier energy star continuous drain","Check price on Amazon.ca →","4","536","24","true","BuyLink"
"/blog/what-size-dehumidifier-do-i-need-canada","dehumidifier","buzzskito-dehumidifier-20","true","buzzskito-dehumidifier-20","false","search","","50 pint dehumidifier with built in pump","Check price on Amazon.ca →","5","563","25","true","BuyLink"
"/blog/what-size-dehumidifier-do-i-need-canada","dehumidifier","buzzskito-dehumidifier-20","true","buzzskito-dehumidifier-20","false","search","","crawl space dehumidifier low temperature with pump","Check price on Amazon.ca →","6","585","26","true","BuyLink"
"/blog/what-size-dehumidifier-do-i-need-canada","dehumidifier","buzzskito-dehumidifier-20","true","buzzskito-dehumidifier-20","false","search","","desiccant dehumidifier cold room garage","Check price on Amazon.ca →","7","604","27","false","BuyLink"
"/blog/what-size-dehumidifier-do-i-need-canada","dehumidifier","buzzskito-dehumidifier-20","true","buzzskito-dehumidifier-20","false","search","","whole house ducted dehumidifier","Check price on Amazon.ca →","8","627","28","false","BuyLink"
"/blog/what-size-dehumidifier-do-i-need-canada","dehumidifier","buzzskito-dehumidifier-20","true","buzzskito-dehumidifier-20","false","search","","50 pint dehumidifier energy star continuous drain","50 pint (basement default) →","9","996","44","false","BuyLink"
"/blog/what-size-dehumidifier-do-i-need-canada","dehumidifier","buzzskito-dehumidifier-20","true","buzzskito-dehumidifier-20","false","search","","35 pint dehumidifier energy star continuous drain","30&ndash;35 pint →","10","999","44","false","BuyLink"
"/blog/what-size-dehumidifier-do-i-need-canada","dehumidifier","buzzskito-dehumidifier-20","true","buzzskito-dehumidifier-20","false","search","","50 pint dehumidifier with built in pump","50 pint + pump →","11","1000","44","false","BuyLink"
"/blog/what-size-dehumidifier-do-i-need-canada","dehumidifier","buzzskito-dehumidifier-20","true","buzzskito-dehumidifier-20","false","search","","crawl space dehumidifier low temperature with pump","Crawl-space unit →","12","1002","44","false","BuyLink"
"/blog/what-ticks-look-like-ontario","tick","buzzskito-tick-20","true","buzzskito-tick-20","true","search","","tick removal tool tweezers","Check price on Amazon.ca &rarr;","1","255","18","true","BuyLink"
"/blog/what-ticks-look-like-ontario","tick","buzzskito-tick-20","true","buzzskito-tick-20","true","search","","tick removal tool tweezers","Check tick-removal tools on Amazon.ca &rarr;","2","823","58","false","BuyLink"
"/blog/what-ticks-look-like-ontario","tick","buzzskito-tick-20","true","buzzskito-tick-20","true","search","","otom tick twister","Tick Twister-style removal hook set","3","828","58","false","TopPick"
"/blog/what-ticks-look-like-ontario","tick","buzzskito-tick-20","true","buzzskito-tick-20","true","search","","lighted magnifying glass 10x loupe","Check lighted magnifiers on Amazon.ca &rarr;","4","963","68","false","BuyLink"
"/blog/what-ticks-look-like-ontario","tick","buzzskito-tick-20","true","buzzskito-tick-20","true","search","","insect shield permethrin treated clothing","Check permethrin-treated clothing on Amazon.ca &rarr;","5","1378","97","false","BuyLink"
"/blog/what-ticks-look-like-ontario","tick","buzzskito-tick-20","true","buzzskito-tick-20","true","search","","otom tick twister","Tick Twister-style removal hook","6","1419","100","sticky","StickyBuyBar"
"/blog/when-are-mosquitoes-most-active","mosquito","buzzskito-mosquito-20","true","buzzskito-mosquito-20","true","search","","picaridin insect repellent spray","Check repellent options on Amazon →","1","1536","36","false","BuyLink"
"/blog/when-are-mosquitoes-most-active","mosquito","buzzskito-mosquito-20","true","buzzskito-mosquito-20","true","search","","picaridin insect repellent 20 percent","Picaridin Insect Repellent (20%)","2","1808","43","false","TopPick"
"/blog/when-are-mosquitoes-most-active","mosquito","buzzskito-mosquito-20","true","buzzskito-mosquito-20","true","search","","oil of lemon eucalyptus insect repellent","Check oil of lemon eucalyptus repellents on Amazon &rarr;","3","3345","79","false","BuyLink"
"/blog/when-are-mosquitoes-most-active","mosquito","buzzskito-mosquito-20","true","buzzskito-mosquito-20","true","search","","outdoor oscillating patio fan","Check outdoor patio fans on Amazon &rarr;","4","3646","86","false","BuyLink"
"/blog/when-are-mosquitoes-most-active","mosquito","buzzskito-mosquito-20","true","buzzskito-mosquito-20","true","search","","picaridin insect repellent 20 percent","Picaridin 20% insect repellent","5","4230","100","sticky","StickyBuyBar"
"/blog/why-do-mosquito-bites-itch","mosquito","buzzskito-mosquito-20","true","buzzskito-mosquito-20","true","search","","oral antihistamine tablets","Check price on Amazon.ca &rarr;","1","520","8","true","BuyLink"
"/blog/why-do-mosquito-bites-itch","mosquito","buzzskito-mosquito-20","true","buzzskito-mosquito-20","true","search","","hydrocortisone anti itch cream","Check price on Amazon.ca &rarr;","2","565","9","true","BuyLink"
"/blog/why-do-mosquito-bites-itch","mosquito","buzzskito-mosquito-20","true","buzzskito-mosquito-20","true","search","","reusable cold pack","Check reusable cold packs on Amazon.ca &rarr;","3","4180","64","false","BuyLink"
"/blog/why-do-mosquito-bites-itch","mosquito","buzzskito-mosquito-20","true","buzzskito-mosquito-20","true","search","","hydrocortisone anti itch cream","Check hydrocortisone anti-itch creams on Amazon.ca &rarr;","4","5029","77","false","BuyLink"
"/blog/why-do-mosquito-bites-itch","mosquito","buzzskito-mosquito-20","true","buzzskito-mosquito-20","true","search","","bed bug mattress encasement","Check zippered mattress encasements on Amazon.ca &rarr;","5","6013","92","false","BuyLink"
"/blog/why-do-mosquito-bites-itch","mosquito","buzzskito-mosquito-20","true","buzzskito-mosquito-20","true","search","","icaridin insect repellent","Check icaridin (picaridin) repellents on Amazon.ca &rarr;","6","6442","98","false","BuyLink"
"/blog/why-do-mosquito-bites-itch","mosquito","buzzskito-mosquito-20","true","buzzskito-mosquito-20","true","search","","hydrocortisone anti itch cream","Anti-itch cream for bites","7","6549","100","sticky","StickyBuyBar"
"/blog/why-do-mosquitoes-bite-my-ankles","mosquito","buzzskito-mosquito-20","true","buzzskito-mosquito-20","true","search","","icaridin insect repellent","Check price on Amazon.ca &rarr;","1","281","13","true","BuyLink"
"/blog/why-do-mosquitoes-bite-my-ankles","mosquito","buzzskito-mosquito-20","true","buzzskito-mosquito-20","true","search","","icaridin insect repellent","Check price on Amazon.ca &rarr;","2","1712","77","false","BuyLink"
"/blog/why-do-mosquitoes-bite-my-ankles","mosquito","buzzskito-mosquito-20","true","buzzskito-mosquito-20","true","search","","outdoor patio floor fan","Check price on Amazon.ca &rarr;","3","1782","81","false","BuyLink"
"/blog/why-do-mosquitoes-bite-my-ankles","mosquito","buzzskito-mosquito-20","true","buzzskito-mosquito-20","true","search","","icaridin insect repellent","Check icaridin (picaridin) repellents on Amazon.ca &rarr;","4","1862","84","false","BuyLink"
"/blog/why-do-mosquitoes-bite-my-ankles","mosquito","buzzskito-mosquito-20","true","buzzskito-mosquito-20","true","search","","outdoor patio floor fan","check outdoor floor and pedestal fans on Amazon.ca &rarr;","5","1976","89","false","BuyLink"
"/blog/why-do-mosquitoes-bite-my-ankles","mosquito","buzzskito-mosquito-20","true","buzzskito-mosquito-20","true","search","","permethrin clothing gear spray","check permethrin clothing treatments on Amazon.ca &rarr;","6","2079","94","false","BuyLink"
"/blog/why-do-mosquitoes-bite-my-ankles","mosquito","buzzskito-mosquito-20","true","buzzskito-mosquito-20","true","search","","insect bite itch relief cream","check bite itch-relief creams on Amazon.ca &rarr;","7","2167","98","false","BuyLink"
"/blog/why-do-mosquitoes-bite-my-ankles","mosquito","buzzskito-mosquito-20","true","buzzskito-mosquito-20","true","search","","icaridin insect repellent","Icaridin insect repellent","8","2210","100","sticky","StickyBuyBar"
"/blog/why-mosquitoes-bite-some-people-more","mosquito","buzzskito-mosquito-20","true","buzzskito-mosquito-20","true","search","","summit mosquito dunks","Summit Mosquito Dunks (Bti larvicide)","1","1850","86","false","TopPick"
"/blog/why-mosquitoes-bite-some-people-more","mosquito","buzzskito-mosquito-20","true","buzzskito-mosquito-20","true","search","","picaridin insect repellent canada","Check price on Amazon.ca →","2","1952","91","false","BuyLink"
"/blog/why-mosquitoes-bite-some-people-more","mosquito","buzzskito-mosquito-20","true","buzzskito-mosquito-20","true","search","","thermacell mosquito repeller","Check price on Amazon.ca →","3","1974","92","false","BuyLink"
"/blog/why-mosquitoes-bite-some-people-more","mosquito","buzzskito-mosquito-20","true","buzzskito-mosquito-20","true","search","","picaridin insect repellent canada","Picaridin (20%) Insect Repellent","4","1993","93","false","TopPick"
"/blog/why-mosquitoes-bite-some-people-more","mosquito","buzzskito-mosquito-20","true","buzzskito-mosquito-20","true","search","","summit mosquito dunks","Summit Mosquito Dunks (Bti larvicide)","5","2144","100","sticky","StickyBuyBar"
"/blog/wondercide-canada-review","general","buzzskito-general-20","true","buzzskito-general-20","true","search","","wondercide flea and tick spray","Wondercide Flea & Tick Spray (cedarwood + lemongrass)","1","77","4","sticky","StickyBuyBar"
"/blog/wondercide-canada-review","general","buzzskito-general-20","true","buzzskito-general-20","true","search","","wondercide flea and tick spray","Amazon.ca","2","127","7","true","BuyLink"
"/blog/wondercide-canada-review","general","buzzskito-general-20","true","buzzskito-general-20","true","search","","wondercide flea and tick spray","Wondercide Flea & Tick Spray (cedarwood + lemongrass + sesame oil)","3","309","17","true","TopPick"
"/blog/wondercide-canada-review","general","buzzskito-general-20","true","buzzskito-general-20","true","search","","wondercide flea and tick spray","Check Flea &amp; Tick price on Amazon.ca →","4","491","26","true","BuyLink"
"/blog/wondercide-canada-review","general","buzzskito-general-20","true","buzzskito-general-20","true","search","","wondercide yard and garden","Yard + Garden →","5","497","27","true","BuyLink"
"/blog/wondercide-canada-review","general","buzzskito-general-20","true","buzzskito-general-20","true","search","","wondercide flea and tick spray","Check price on Amazon.ca →","6","599","32","true","BuyLink"
"/blog/wondercide-canada-review","general","buzzskito-general-20","true","buzzskito-general-20","true","search","","wondercide yard and garden ready to spray","Check price on Amazon.ca →","7","612","33","false","BuyLink"
"/blog/wondercide-canada-review","general","buzzskito-general-20","true","buzzskito-general-20","true","search","","wondercide yard and garden concentrate","Check price on Amazon.ca →","8","629","34","false","BuyLink"
"/blog/wondercide-canada-review","general","buzzskito-general-20","true","buzzskito-general-20","true","search","","wondercide flea tick mosquito repellent","Check price on Amazon.ca →","9","646","35","false","BuyLink"
"/blog/wondercide-canada-review","general","buzzskito-general-20","true","buzzskito-general-20","true","search","","wondercide yard and garden concentrate","Check concentrate price →","10","674","36","false","BuyLink"
"/blog/wondercide-canada-review","general","buzzskito-general-20","true","buzzskito-general-20","true","search","","wondercide","Amazon.ca","11","890","48","false","BuyLink"
"/blog/wondercide-canada-review","general","buzzskito-general-20","true","buzzskito-general-20","true","search","","permethrin clothing spray","Check permethrin clothing and gear treatments on Amazon.ca &rarr;","12","1557","83","false","BuyLink"
"/blog/wondercide-canada-review","general","buzzskito-general-20","true","buzzskito-general-20","true","search","","flea comb for dogs","Check flea combs on Amazon.ca &rarr;","13","1746","93","false","BuyLink"
"/blog/wondercide-canada-review","general","buzzskito-general-20","true","buzzskito-general-20","true","search","","tick removal tool","Check tick removal tools on Amazon.ca &rarr;","14","1838","98","false","BuyLink"
"/blog/zappbug-heater-review-canada","bedbug","buzzskito-bedbug-20","true","buzzskito-bedbug-20","true","dp_asin","B00F6EV306","zappbug heater bed bug","ZappBug Heater bed bug heat chamber","1","89","4","sticky","StickyBuyBar"
"/blog/zappbug-heater-review-canada","bedbug","buzzskito-bedbug-20","true","buzzskito-bedbug-20","true","dp_asin","B00F6EV306","zappbug heater bed bug","ZappBug Heater — portable bed bug heat chamber","2","295","13","true","TopPick"
"/blog/zappbug-heater-review-canada","bedbug","buzzskito-bedbug-20","true","buzzskito-bedbug-20","true","search","","zappbug heater bed bug","Check price on Amazon.ca →","3","381","17","true","BuyLink"
"/blog/zappbug-heater-review-canada","bedbug","buzzskito-bedbug-20","true","buzzskito-bedbug-20","true","search","","zappbug room bed bug heater","Check price on Amazon.ca →","4","414","18","true","BuyLink"
"/blog/zappbug-heater-review-canada","bedbug","buzzskito-bedbug-20","true","buzzskito-bedbug-20","true","search","","thermalstrike bed bug heater","Check price on Amazon.ca →","5","448","20","true","BuyLink"
"/blog/zappbug-heater-review-canada","bedbug","buzzskito-bedbug-20","true","buzzskito-bedbug-20","true","search","","zappbug heater bed bug","ZappBug Heater on Amazon.ca →","6","779","34","false","BuyLink"
"/blog/zappbug-heater-review-canada","bedbug","buzzskito-bedbug-20","true","buzzskito-bedbug-20","true","search","","thermalstrike bed bug heater","ThermalStrike Ranger (fallback) →","7","783","34","false","BuyLink"
"/blog/zappbug-heater-review-canada","bedbug","buzzskito-bedbug-20","true","buzzskito-bedbug-20","true","search","","zappbug heater bed bug","Check ZappBug Heater on Amazon.ca →","8","1407","61","false","BuyLink"
"/blog/zappbug-oven-2-review-canada","bedbug","buzzskito-bedbug-20","true","buzzskito-bedbug-20","true","search","","zappbug oven 2 bed bug heater","ZappBug Oven 2 large bed bug heat chamber","1","105","3","sticky","StickyBuyBar"
"/blog/zappbug-oven-2-review-canada","bedbug","buzzskito-bedbug-20","true","buzzskito-bedbug-20","true","search","","zappbug oven 2 bed bug heater","ZappBug Oven 2 — large portable bed bug heat chamber","2","318","10","true","TopPick"
"/blog/zappbug-oven-2-review-canada","bedbug","buzzskito-bedbug-20","true","buzzskito-bedbug-20","true","search","","zappbug oven 2 bed bug heater","Check price on Amazon.ca →","3","423","13","true","BuyLink"
"/blog/zappbug-oven-2-review-canada","bedbug","buzzskito-bedbug-20","true","buzzskito-bedbug-20","true","search","","zappbug heater bed bug","Check price on Amazon.ca →","4","455","14","true","BuyLink"
"/blog/zappbug-oven-2-review-canada","bedbug","buzzskito-bedbug-20","true","buzzskito-bedbug-20","true","search","","zappbug room bed bug heater","Check price on Amazon.ca →","5","485","15","true","BuyLink"
"/blog/zappbug-oven-2-review-canada","bedbug","buzzskito-bedbug-20","true","buzzskito-bedbug-20","true","search","","thermalstrike bed bug heater","Check price on Amazon.ca →","6","518","16","true","BuyLink"
"/blog/zappbug-oven-2-review-canada","bedbug","buzzskito-bedbug-20","true","buzzskito-bedbug-20","true","search","","zappbug oven 2 bed bug heater","ZappBug Oven 2 on Amazon.ca →","7","940","29","false","BuyLink"
"/blog/zappbug-oven-2-review-canada","bedbug","buzzskito-bedbug-20","true","buzzskito-bedbug-20","true","search","","zappbug heater bed bug","ZappBug Heater (smaller) →","8","944","30","false","BuyLink"
"/blog/zappbug-oven-2-review-canada","bedbug","buzzskito-bedbug-20","true","buzzskito-bedbug-20","true","search","","thermalstrike bed bug heater","ThermalStrike Ranger (fallback) →","9","947","30","false","BuyLink"
"/blog/zappbug-oven-2-review-canada","bedbug","buzzskito-bedbug-20","true","buzzskito-bedbug-20","true","search","","zappbug oven 2 bed bug heater","Check ZappBug Oven 2 on Amazon.ca →","10","1905","60","false","BuyLink"
"/blog/zappbug-room-review-canada","bedbug","buzzskito-bedbug-20","true","buzzskito-bedbug-20","true","search","","zappbug room bed bug heater","ZappBug Room whole-room heater","1","101","4","sticky","StickyBuyBar"
"/blog/zappbug-room-review-canada","bedbug","buzzskito-bedbug-20","true","buzzskito-bedbug-20","true","search","","zappbug room bed bug heater","ZappBug Room — Large Fabric Heat Enclosure","2","294","13","true","TopPick"
"/blog/zappbug-room-review-canada","bedbug","buzzskito-bedbug-20","true","buzzskito-bedbug-20","true","search","","zappbug room bed bug heater","Check price on Amazon.ca →","3","367","16","true","BuyLink"
"/blog/zappbug-room-review-canada","bedbug","buzzskito-bedbug-20","true","buzzskito-bedbug-20","true","search","","zappbug oven 2 bed bug heater","Check price on Amazon.ca →","4","388","17","true","BuyLink"
"/blog/zappbug-room-review-canada","bedbug","buzzskito-bedbug-20","true","buzzskito-bedbug-20","true","search","","packtite closet bed bug heater","Check price on Amazon.ca →","5","408","18","true","BuyLink"
"/blog/zappbug-room-review-canada","bedbug","buzzskito-bedbug-20","true","buzzskito-bedbug-20","true","search","","thermalstrike ranger heated bag","Check price on Amazon.ca →","6","427","19","true","BuyLink"
"/blog/zappbug-room-review-canada","bedbug","buzzskito-bedbug-20","true","buzzskito-bedbug-20","true","search","","bed bug steamer dry vapour","Check price on Amazon.ca →","7","449","20","true","BuyLink"
"/blog/zappbug-room-review-canada","bedbug","buzzskito-bedbug-20","true","buzzskito-bedbug-20","true","search","","zappbug room bed bug heater","ZappBug Room →","8","746","33","false","BuyLink"
"/blog/zappbug-room-review-canada","bedbug","buzzskito-bedbug-20","true","buzzskito-bedbug-20","true","search","","zappbug oven 2 bed bug heater","ZappBug Oven 2 →","9","748","33","false","BuyLink"
"/blog/zappbug-room-review-canada","bedbug","buzzskito-bedbug-20","true","buzzskito-bedbug-20","true","search","","packtite closet bed bug heater","PackTite Closet →","10","750","33","false","BuyLink"
"/pest-product-guides/bed-bug-control","bedbug","buzzskito-bedbug-20","true","buzzskito-bedbug-20","false","search","","vapamore mr-100 steamer","Vapamore MR-100 Primo Dry-Vapour Steamer","1","403","171","true","TopPick"
"/pest-product-guides/bed-bug-control","bedbug","buzzskito-bedbug-20","true","buzzskito-bedbug-20","false","search","","vapamore mr-100 steamer","Check price on Amazon.ca →","2","368","156","true","BuyLink"
"/pest-product-guides/bed-bug-control","bedbug","buzzskito-bedbug-20","true","buzzskito-bedbug-20","false","search","","bed bug supplies","See bed bug supplies on Amazon.ca →","3","372","158","true","BuyLink"
"/pest-product-guides/bed-bug-control","bedbug","buzzskito-bedbug-20","true","buzzskito-bedbug-20","false","search","","vapamore mr-100 steamer","Vapamore MR-100 Primo dry-vapour steamer","4","236","100","sticky","StickyBuyBar"
"/pest-product-guides/tick-gear","tick","buzzskito-tick-20","true","buzzskito-tick-20","false","search","","insect shield permethrin treated clothing","Insect Shield Permethrin-Treated Clothing","1","442","152","true","TopPick"
"/pest-product-guides/tick-gear","tick","buzzskito-tick-20","true","buzzskito-tick-20","false","search","","tick removal tool tweezers","Check price on Amazon.ca &rarr;","2","279","96","true","BuyLink"
"/pest-product-guides/tick-gear","tick","buzzskito-tick-20","true","buzzskito-tick-20","false","search","","tick control products","See tick control products on Amazon.ca &rarr;","3","283","97","true","BuyLink"
"/pest-product-guides/tick-gear","tick","buzzskito-tick-20","true","buzzskito-tick-20","false","search","","insect shield permethrin treated clothing","Permethrin-treated clothing (Insect Shield)","4","291","100","sticky","StickyBuyBar"